"Note: This sheet takes a couple seconds to filter because it is MASSIVE, 
so please be patient and don't change too many settings too quickly",,,,,CR,,Spellcaster,Legendary,Lair,Unique,Familiar,Template,Arctic,Coastal,Desert,Forest,Grassland,Hill,Mountain,Swamp,Underdark,Underwater,Urban,Other Plane,,,,,,,,,,,,,,,,,,,,,,,,,,,,,,,,,,,,,,,,,,
Name,Size,Type,Tag,Alignment,low | high,,FALSE,FALSE,FALSE,FALSE,FALSE,FALSE,FALSE,FALSE,FALSE,FALSE,FALSE,FALSE,FALSE,FALSE,FALSE,FALSE,FALSE,FALSE,Source,Page,Other Printings,,Name,Size,Type,Tag,Alignment,CR,[PH],Spellcaster,Legendary,Lair,Unique,Familiar,Template,Arctic,Coastal,Desert,Forest,Grassland,Hill,Mountain,Swamp,Underdark,Underwater,Urban,Other Plane,Source,Page,Reprint,Size,Type,Alignment,CR,Source,Owned,Core,Official,Charity,Third Party
,Any,Any,,Any,-,-,FALSE,FALSE,FALSE,FALSE,FALSE,FALSE,FALSE,FALSE,FALSE,FALSE,FALSE,FALSE,FALSE,FALSE,FALSE,FALSE,FALSE,FALSE,All,,,,,,,,,,,,,,,,,,,,,,,,,,,,,,,,,,,,,,Core,Official,Charity,Third Party
"""The Demogorgon""",Large,Giant,,Chaotic Neutral,8,,,,,x,,,,,,,,,,,,,,,Infernal Machine Rebuild,53,,,Omin Dran,Medium,Humanoid,Half-elf,Lawful Neutral,5,,x,,,x,,,,,,,,,,,,,ø,,Acquisitions Incorporated,196,,Any,Any,Any,-,All,#REF!,#REF!,#REF!,#REF!,#REF!
A-mi-kuk,Huge,Aberration,,Chaotic Evil,7,,,,,,,,x,,,,,,,,,x,,,Tome of Beasts 2,15,,,Jim Darkmagic,Medium,Humanoid,Human,Chaotic Neutral,5,,x,,,x,,,,,,,,,,,,,ø,,Acquisitions Incorporated,197,,Gargantuan,Aberration,Any,0,Owned,,,,,
Aalpamac,Huge,Monstrosity,,Unaligned,7,,,,,,,,,x,,,,,,,,x,,,Tome of Beasts 2,8,,,Viari,Medium,Humanoid,Human,Chaotic Good,5,,,,,x,,,,,,,,,,,,,ø,,Acquisitions Incorporated,198,,Huge,Beast,Any ,1/8,Core,,,,,
Aarakocra,Medium,Humanoid,Aarakocra,Neutral Good,1/4,,,,,,,,,,,,,,x,,,,,,Monster Manual,12,,,Môrgæn,Medium,Humanoid,Elf,Chaotic Neutral,4,,x,,,x,,,,,,,,,,,,,ø,,Acquisitions Incorporated,199,,Large,Celestial,Any Chaotic,1/4,Official,,,,,
Aartuk Elder,Large,Plant,,Lawful Evil,3,,x,,,,,,,,,,,,,,,,,,Boo's Astral Menagerie,8,,,Flabbergast,Medium,Humanoid,Human,Lawful Neutral,4,,x,,,x,,,,,,,,,,,,,ø,,Acquisitions Incorporated,200,,Medium,Construct,Any Chaotic or Evil,1/2,Charity,,,,,
Aartuk Priest,Medium,Plant,,Lawful Evil,2,,x,,,,,,,,,,,,,,,,,,Boo's Astral Menagerie,9,,,Donaar Blit'zen,Medium,Humanoid,Dragonborn,Chaotic Good,3,,x,,,x,,,,,,,,,,,,,ø,,Acquisitions Incorporated,201,,Small,Dragon,Any Evil,1,Playtest,,,,,
Aartuk Warrior,Medium,Plant,,Lawful Evil,2,,,,,,,,,,,,,,,,,,,,Boo's Astral Menagerie,9,,,K'thriss Drow'b,Medium,Humanoid,Elf,Chaotic Neutral,3,,x,,,x,,,,,,,,,,,,,ø,,Acquisitions Incorporated,202,,Small or Medium,Elemental,Any Good,2,Third Party,,,,,
Aatxe,Large,Celestial,Shapechanger,Lawful Good,5,,,x,x,,,,,,,,x,,,,,,x,,Creature Codex,7,,,Rosie Beestinger,Small,Humanoid,Halfling,Chaotic Good,3,,x,,,x,,,,,,,,,,,,,ø,,Acquisitions Incorporated,203,,Tiny,Fey,Any Lawful,3,,,,,,
Aaztar-ghola,Medium,Humanoid,,Chaotic Evil,4,,,,,,,,x,x,x,x,x,x,x,x,x,,x,,Fifth Edition Foes,5,,,Walnut Dankgrass,Medium,Humanoid,Elf,Lawful Good,3,,x,,,x,,,,,,,,,,,,,ø,,Acquisitions Incorporated,204,,,Fiend,Any Neutral,4,,,,,,
Abbanith Giant,Large,Giant,,Neutral,3,,,,,,,,,,,,,,x,,x,,,,Tome of Beasts 2,170,,,Brahma Lutter,Medium,Humanoid,Elf,Neutral,2,,x,,,x,,,,,,,,,,,,,ø,,Acquisitions Incorporated,205,,,Giant,Any Non-Evil,5,,,,,,
Aberrant Zealot,Medium,Aberration,,Chaotic Evil,8,,x,,,,,,,,,,,,,,,,,,Phandelver and Below: The Shattered Obelisk,203,,,Oak Truestrike,Medium,Humanoid,Elf,Neutral,2,,,,,x,,,,,,,,,,,,,ø,,Acquisitions Incorporated,205,,,Humanoid,Any Non-Good,6,,,,,,
Abhorrent Overlord,Large,Fiend,,Lawful Evil,9,,x,,,,,,,,,,,,,,,,,x,Mythic Odysseys of Theros,219,,,Pendragon Beestinger,Medium,Humanoid,Human,Neutral Evil,2,,x,,,x,,,,,,,,,,,,,ø,,Acquisitions Incorporated,206,,,Monstrosity,Any Non-Lawful,7,,,,,,
Abjurer,Medium,Humanoid,Any Race,Any,9,,x,,,,,,,,,,,,,,,,x,,Volo's Guide to Monsters,209,,,Phoenix Anvil,Medium,Humanoid,Human,Lawful Neutral,2,,x,,,x,,,,,,,,,,,,,ø,,Acquisitions Incorporated,206,,,Ooze,Chaotic Evil,8,,,,,,
Abjurer Wizard,Medium,Humanoid,,Any,9,,x,,,,,,,,,,,,,,,,x,,Mordenkainen Presents: Monsters of the Multiverse,260,,,Portentia Dran,Medium,Monstrosity,Shapechanger,Lawful Evil,3,,,,,x,,,,,,,,,,,,,ø,,Acquisitions Incorporated,208,,,Plant,Chaotic Good,9,,,,,,
Aboleth,Large,Aberration,,Lawful Neutral,10,,,x,x,,,,,,,,,,,,x,,,,Monster Manual,13,,,Auspicia Dran,Medium,Humanoid,Half-Elf,Neutral Good,2,,x,,,x,,,,,,,,,,,,,ø,,Acquisitions Incorporated,208,,,Undead,Chaotic Neural,10,,,,,,
Aboleth Spawn,Medium,Aberration,,Lawful Evil,5,,,,,,,,,,,,,,,,,,,,Critical Role: Call of the Netherdeep,135,,,Chaos Quadrapod,Large,Aberration,,Chaotic Evil,4,,,,,,,,,,,,,,,,,,,x,Acquisitions Incorporated,209,,,,Chaotic Neutral,11,,,,,,
"Aboleth, Nihileth",Large,Undead,,Chaotic Evil,12,,,x,x,,,,,,,,,,,,ø,,,ø,Tome of Beasts 5e,8,,,Clockwork Dragon,Medium,Construct,,Neutral,1,,,,,,,,,,,,,,,,,,ø,,Acquisitions Incorporated,209,,,,Chaotic Neutral or Chaotic Evil,12,,,,,,
Abominable Beauty,Medium,Elemental,,Neutral Evil,11,,,,,,,,,,,,,,,,,,,ø,Tome of Beasts,11,,,Deep Crow,Large,Monstrosity,,Unaligned,9,,,,,,,,,,,,,,,,x,,,,Acquisitions Incorporated,210,,,,Lawful,13,,,,,,
Abominable Yeti,Huge,Monstrosity,,Chaotic Evil,9,,,,,,,,x,,,,,,,,,,,,Monster Manual,306,,,Ancient Deep Crow,Huge,Monstrosity,,Unaligned,15,,,x,,,,,,,,,,,,,x,,,,Acquisitions Incorporated,211,,,,Lawful Evil,14,,,,,,
Abyssal Custodian,Gargantuan,Aberration,,Chaotic Evil,20,,,x,,,,,,,,,,,,,,,,x,Sandy Petersen's Cthulhu Mythos,279,,,Keg Robot,Medium,Construct,,Unaligned,2,,,,,,,,,,,,,,,,,,ø,,Acquisitions Incorporated,212,,,,Lawful Good,15,,,,,,
Abyssal Wretch,Medium,Fiend,Demon,Chaotic Evil,1/4,,,,,,,,,,,,,,,,,,,ø,Mordenkainen's Tome of Foes,136,,,Splugoth the Returned,Small,Humanoid,Goblinoid,Neutral Evil,2,,,,,x,,,,,,,,,,,,,ø,,Acquisitions Incorporated,213,,,,lawful Good,16,,,,,,
Accursed Defiler,Medium,Undead,,Neutral Evil,4,,,,,,,,,,ø,,,,,,,,,,Tome of Beasts,12,,,Tiamat,Gargantuan,Fiend,,Chaotic Evil,30,,x,x,,x,,,,,,,,,,,,,,ø,Baldur's Gate: Descent into Avernus,151,Rise of Tiamat 92,,,Lawful Neutral,17,,,,,,
Acererak,Medium,Undead,,Neutral Evil,23,,x,x,,x,,,,,,,,,,,,,,,Tomb of Annihilation,209,,,Crockek'toeck,Gargantuan,Fiend,Demon,Chaotic Evil,14,,,,,,,,,,,,,,,,,,,ø,Baldur's Gate: Descent into Avernus,230,,,,Neurtral Evil,18,,,,,,
Achaeierai,Large,Monstrosity,,Lawful Evil,5,,,,,,,,,,,,,,,,ø,,,ø,Minsc and Boo's Journal of Villainy,131,,,Black Guantlet of Bane,Medium,Humanoid,Human,Lawful Evil,6,,x,,,,,,,,,,,,,,,,x,ø,Baldur's Gate: Descent into Avernus,232,,,,Neutal,19,,,,,,
Acid Ant,Small,Monstrosity,,Unaligned,1/4,,,,,,,,x,x,x,x,x,x,x,x,x,x,x,x,Creature Codex,8,,,Fist of Bane,Medium,Humanoid,Human,Lawful Evil,1/2,,,,,,,,,,,,,,,,,,x,ø,Baldur's Gate: Descent into Avernus,232,,,,Neutral,20,,,,,,
Acolyte,Medium,Humanoid,Any Race,Any,1/4,,x,,,,,,,,,,,,,,,,x,,Monster Manual,342,,,Iron Consul,Medium,Humanoid,Human,Lawful Evil,2,,,,,,,,,,,,,,,,,,x,ø,Baldur's Gate: Descent into Avernus,232,,,,Neutral Evil,21,,,,,,
Adherer,Medium,Aberration,,Lawful Neutral,2,,x,,,,,,,,,x,,,,x,x,,,,Fifth Edition Foes,6,,,Death's Head of Bhaal,Medium,Humanoid,Human,Chaotic Evil,5,,,,,,,,,,,,,,,,,,x,ø,Baldur's Gate: Descent into Avernus,233,,,,Neutral Good,22,,,,,,
Adolescent Dark Young,Large,Aberration,,Chaotic Evil,5,,,,,,,,,,,,,x,,,,,,,Sandy Petersen's Cthulhu Mythos,293,,,Night Blade,Medium,Humanoid,Human,Chaotic Evil,1/4,,,,,,,,,,,,,,,,,,x,ø,Baldur's Gate: Descent into Avernus,233,,,,NeutralEvil,23,,,,,,
Adranach,Huge,Construct,,Not Provided,12,,,,,,,,,,,,,,,,,,ø,ø,Tal'Dorei Campaign Setting Reborn,224,,,Reaper of Bhaal,Medium,Humanoid,Human,Chaotic Evil,2,,x,,,,,,,,,,,,,,,,x,ø,Baldur's Gate: Descent into Avernus,233,,,,Not Provided,24,,,,,,
Adult Amethyst Dragon,Huge,Dragon,Gem,Neutral,16,,x,x,x,,,,,ø,,,ø,ø,ø,,,,,,Fizban's Treasury of Dragons,161,,,Master of Souls,Medium,Humanoid,Human,Neutral Evil,4,,x,,,,,,,,,,,,,,,,x,ø,Baldur's Gate: Descent into Avernus,234,,,,Unaligned,25,,,,,,
Adult Bhole,Gargantuan,Monstrosity,,Unaligned,18,,,,,,,,,,,,,,,,,,,,Sandy Petersen's Cthulhu Mythos,282,,,Necromite of Myrkul,Medium,Humanoid,Human,Neutral Evil,1/2,,,,,,,,,,,,,,,,,,x,ø,Baldur's Gate: Descent into Avernus,234,,,,,26,,,,,,
Adult Black Dragon,Huge,Dragon,,Chaotic Evil,14,,,x,x,,,,,,,,,,,x,,,,,Monster Manual,88,,,Skull Lasher of Myrkul,Medium,Humanoid,Human,Neutral Evil,1,,x,,,,,,,,,,,,,,,,x,ø,Baldur's Gate: Descent into Avernus,234,,,,,27,,,,,,
Adult Blue Dracolich,Huge,Undead,,Lawful Neutral,17,,,x,,,,x,,,,,,,,,,,,ø,Monster Manual,84,,,Fiendish Flesh Golem,Large,Construct,,Unaligned,8,,,,,,,,,,,,,,,,,,,x,Baldur's Gate: Descent into Avernus,236,,,,,28,,,,,,
Adult Blue Dragon,Huge,Dragon,,Lawful Neutral,16,,,x,x,,,,,x,x,,,,,,,,,,Monster Manual,91,Rise of Tiamat Online Supplement 5,,Hellwasp,Large,Fiend,,Lawful Evil,5,,,,,,,,,,,,,,,,,,,x,Baldur's Gate: Descent into Avernus,236,,,,,30,,,,,,
Adult Boreal Dragon,Huge,Dragon,,Chaotic Neutral,17,,,x,x,,,,x,,,x,,,,,,,,,Tome of Beasts 2,111,,,Hollyphant,Small,Celestial,,Lawful Good,5,,x,,,,,,,,,,,,,,,,,x,Baldur's Gate: Descent into Avernus,237,,,,,,,,,,,
Adult Brass Dragon,Huge,Dragon,,Chaotic Good,13,,,x,x,,,,,,x,,,,,,,,,,Monster Manual,105,,,Tressym,Tiny,Monstrosity,,Chaotic Neutral,0,,,,,,o,,,,,,,,,,,,,,Baldur's Gate: Descent into Avernus,241,"Infernal Machine Rebuild 89, Storm King's Thunder 242",,,,,,,,,,
Adult Bronze Dragon,Huge,Dragon,,Lawful Good,15,,,x,x,,,,,x,,,,,,,,,,,Monster Manual,108,,,Archduke Zariel of Avernus,Large,Fiend,Devil,Lawful Evil,26,,x,x,,x,,,,,,,,,,,,,,x,Baldur's Gate: Descent into Avernus,243,,,,,,,,,,,
Adult Cave Dragon,Huge,Dragon,,Neutral Evil,16,,x,x,x,,,,,,,,,,,,ø,,,,Tome of Beasts,125,,,Master Sage,Medium,Humanoid,Any Race,Not Provided,5,,x,,,,,,,,,,,,,,,,ø,,Candlekeep Mysteries,9,,,,,,,,,,,
Adult Copper Dragon,Huge,Dragon,,Chaotic Good,14,,,x,x,,,,,,,,,x,,,,,,,Monster Manual,111,,,Sage,Medium,Humanoid,Any Race,Not Provided,1/2,,x,,,,,,,,,,,,,,,,ø,,Candlekeep Mysteries,9,,,,,,,,,,,
Adult Crystal Dragon,Huge,Dragon,Gem,Chaotic Neutral,12,,x,x,x,,,,ø,,,,,,,,,,,,Fizban's Treasury of Dragons,171,,,Miirym,Large,Undead,,Not Provided,22,,x,x,,x,,,,,,,,,,,,,x,,Candlekeep Mysteries,16,,,,,,,,,,,
Adult Dark Young,Large,Aberration,,Chaotic Evil,10,,x,,,,,,,,,,,x,,,,,,,Sandy Petersen's Cthulhu Mythos,294,,,Swarm of Animated Books,Medium,Construct,Swarm,Not Provided,1/4,,,,,,,,,,,,,,,,,,ø,,Candlekeep Mysteries,19,,,,,,,,,,,
Adult Deep Dragon,Huge,Dragon,,Neutral Evil,11,,,x,x,,,,,,,,,,,,ø,,,,Fizban's Treasury of Dragons,174,,,Animated Broom,Small,Construct,,Not Provided,1/4,,,,,,,,,,,,,,,,,,ø,,Candlekeep Mysteries,20,,,,,,,,,,,
Adult Emerald Dragon,Huge,Dragon,Gem,Lawful Neutral,14,,x,x,x,,,,,,,,,,ø,,ø,,,,Fizban's Treasury of Dragons,196,,,Mimic Chair,Medium,Monstrosity,Shapechanger,Neutral,2,,,,,,,,,,,,,,,,x,,ø,,Candlekeep Mysteries,22,,,,,,,,,,,
Adult Faerie Dragon,Tiny,Dragon,,Chaotic Good,2,,x,,,,,,,,,x,,,,,,,,,Monster Manual,133,,,Animated Chained Library,Large,Construct,,Not Provided,1,,,,,,,,,,,,,,,,,,ø,,Candlekeep Mysteries,24,,,,,,,,,,,
Adult Flame Dragon,Huge,Dragon,,Chaotic Evil,16,,,x,x,,,,,,,,,ø,ø,,,,,,Tome of Beasts,129,,,Gingwatzim,Small,Aberration,Shapechanger,Not Provided,2,,,,,,,,ø,ø,ø,ø,ø,ø,ø,ø,ø,,ø,,Candlekeep Mysteries,27,,,,,,,,,,,
Adult Gold Dragon,Huge,Dragon,,Lawful Good,17,,,x,x,,,,,,,x,x,,,,,,,,Monster Manual,114,,,Varnyr,Medium,Humanoid,Elf,Chaotic Good,1/8,,,,,x,,,,,,,,,,,,,x,,Candlekeep Mysteries,63,,,,,,,,,,,
Adult Green Dragon,Huge,Dragon,,Lawful Neutral,15,,,x,x,,,,,,,x,,,,,,,,,Monster Manual,94,Rise of Tiamat Online Supplement 5,,K'Tulah,Medium,Humanoid,Tabaxi,Neutral Good,2,,x,,,x,,,x,,,,,,,,,,,,Candlekeep Mysteries,64,,,,,,,,,,,
Adult Imperial Dragon,Huge,Dragon,,Neutral,20,,x,x,x,,,,,x,,,,,,,,x,,,Tome of Beasts 2,115,,,Shemshime,Medium,Undead,,Not Provided,4,,,,,x,,,,,,,,,,,,,ø,,Candlekeep Mysteries,69,,,,,,,,,,,
Adult Kruthik,Medium,Monstrosity,,Unaligned,2,,,,,,,,,,x,,,,x,,x,,,,Mordenkainen Presents: Monsters of the Multiverse,169,Mordenkainen's Tome of Foes 212,,Hag of the Fetid Gaze,Medium,Fey,,Neutral Evil,5,,x,,,,,,,,,,,,,,,,,,Candlekeep Mysteries,76,,,,,,,,,,,
Adult Light Dragon,Huge,Dragon,,Neutral Good,16,,,x,x,,,,x,x,x,x,x,x,x,x,x,x,x,x,Creature Codex,114,,,Grippli Warrior,Small,Humanoid,Grippli,Not Provided,1/4,,,,,,,,,,,ø,,,,ø,,,,,Candlekeep Mysteries,99,,,,,,,,,,,
Adult Lunar Dragon,Huge,Dragon,,Neutral Evil,13,,,x,x,,,,,,,,,,,,,,,,Boo's Astral Menagerie,34,Vecna: Eve of Ruin 225,,Faerl,Medium,Humanoid,Elf,Neutral Evil,1/8,,,,,x,,,,,,,,,,,,,,,Candlekeep Mysteries,104,,,,,,,,,,,
Adult Mithral Dragon,Huge,Dragon,,Neutral,14,,x,x,,,,,,,,,,,,,ø,,,,Tome of Beasts,133,,,Corrupted Avatar of Lurue,Large,Monstrosity,,Not Provided,8,,,,,,,,,,,ø,,,,,,,,ø,Candlekeep Mysteries,123,,,,,,,,,,,
Adult Moonstone Dragon,Huge,Dragon,,Neutral,15,,x,x,x,,,,,,,ø,ø,,ø,,,,,ø,Fizban's Treasury of Dragons,212,,,Lightning Golem,Medium,Construct,,Neutral,5,,,,,,,,,,,,,,,,,,,,Candlekeep Mysteries,129,,,,,,,,,,,
Adult Oblex,Medium,Ooze,,Lawful Evil,5,,x,,,,,,,,,,,,,x,x,,x,,Mordenkainen Presents: Monsters of the Multiverse,198,,,Ram Sugar,Medium,Humanoid,Dragonborn,Chaotic Neutral,2,,x,,,x,,,,,,,,,,,,,x,,Candlekeep Mysteries,132,,,,,,,,,,,
Adult Oblex,Medium,Ooze,Oblex,Lawful Neutral,5,,x,,,,,,,,,,,,,x,x,,x,,Mordenkainen's Tome of Foes,218,Infernal Machine Rebuild 59,,Kiddywidget,Small,Construct,,Not Provided,1/2,,,,,,,,,,,,,,,,,,ø,,Candlekeep Mysteries,136,,,,,,,,,,,
Adult Phoenix,Large,Monstrosity,,Lawful Good,10,,x,,,,,,,,ø,,,,ø,,,,,,Monster a Day Compendium 2.0,162,,,Skitterwidget,Medium,Construct,,Not Provided,5,,,,,,,,,,,,,,,,,,ø,,Candlekeep Mysteries,136,,,,,,,,,,,
Adult Red Dragon,Huge,Dragon,,Chaotic Evil,17,,,x,x,,,,,,,,,x,x,,,,,,Monster Manual,98,,,Zikran,Medium,Humanoid,Water Genasi,Neutral Evil,12,,x,,,x,,,,,,,,,,,,,x,,Candlekeep Mysteries,145,,,,,,,,,,,
Adult Rime Worm,Large,Elemental,,Neutral,6,,,,,,,,ø,,,,,,,,,,,,Tome of Beasts,327,,,Cloud Giant Ghost,Huge,Undead,,Not Provided,9,,x,,,,,,,,,,,,ø,,,,,,Candlekeep Mysteries,146,,,,,,,,,,,
Adult Sapphire Dragon,Huge,Dragon,Gem,Lawful Neutral,15,,x,x,x,,,,,,,,,,,,ø,,,,Fizban's Treasury of Dragons,215,,,Constructed Commoner,Medium,Construct,,Not Provided,0,,,,,,,,,,,,,,,,,,ø,,Candlekeep Mysteries,149,,,,,,,,,,,
Adult Sea Dragon,Huge,Dragon,,Neutral Evil,16,,,x,x,,,,,,,,,,,,,ø,,,Tome of Beasts,135,,,Arrant Quill,Medium,Humanoid,Human,Neutral Evil,11,,x,,,x,,,,,,,,,,,,,ø,,Candlekeep Mysteries,156,,,,,,,,,,,
Adult Silver Dragon,Huge,Dragon,,Lawful Good,16,,,x,x,,,,,,,,,,x,,,,x,,Monster Manual,117,,,Steel Crane,Medium,Humanoid,Human,Lawful Evil,8,,,,,x,,,,,,,,,,,,,ø,,Candlekeep Mysteries,164,,,,,,,,,,,
Adult Solar Dragon,Huge,Dragon,,Neutral,14,,,x,x,,,,,,,,,,,,,,,,Boo's Astral Menagerie,52,,,Immortal Lotus Monk,Medium,Humanoid,,Not Provided,5,,,,,,,,,,,,,,,,,,ø,,Candlekeep Mysteries,165,,,,,,,,,,,
Adult Time Dragon,Huge,Dragon,,Neutral,18,,,x,x,,,,,,,,,,,,,,,x,Morte's Planar Parade,50,,,Jade Tigress,Medium,Humanoid,Human,Lawful Evil,8,,,,,x,,,,,,,,,,,,,ø,,Candlekeep Mysteries,166,,,,,,,,,,,
Adult Topaz Dragon,Huge,Dragon,Gem,Chaotic Neutral,13,,x,x,x,,,,,ø,,,,,,ø,,ø,,,Fizban's Treasury of Dragons,221,,,Bak Mei,Medium,Humanoid,Human,Lawful Evil,13,,,x,,x,,,,,,ø,,,,,,,ø,,Candlekeep Mysteries,168,,,,,,,,,,,
Adult Void Dragon,Huge,Dragon,,Chaotic Neutral,14,,,x,x,,,,,,,,,,,,,,,ø,Tome of Beasts,139,,,Canopic Golem,Large,Construct,,Not Provided,13,,,,,,,,,,ø,,,,,,,,,,Candlekeep Mysteries,179,,,,,,,,,,,
Adult Wasteland Dragon,Huge,Dragon,,Chaotic Evil,17,,,x,x,,,,,,,,,x,,,,,,,Creature Codex,119,,,Valin Sarnaster,Medium,Undead,,Lawful Evil,16,,x,x,x,x,,,,,x,,,,,,,,,,Candlekeep Mysteries,182,,,,,,,,,,,
Adult White Dragon,Huge,Dragon,,Chaotic Evil,13,,,x,x,,,,x,,,,,,,,,,,,Monster Manual,101,Rise of Tiamat Online Supplement 6,,Wood Elf Wizard,Medium,Humanoid,Elf,Neutral Evil,7,,x,,,,,,,,,ø,,,,,x,,,,Candlekeep Mysteries,187,,,,,,,,,,,
Adult Wind Dragon,Huge,Dragon,,Chaotic Neutral,17,,x,x,x,,,,,,,,,,ø,,,,,,Tome of Beasts,143,,,Nintra Siotta,Large,Fey,,Chaotic Evil,16,,x,x,x,x,,,,,,,,,,,,,,,Candlekeep Mysteries,197,,,,,,,,,,,
Aeorian Absorber,Large,Monstrosity,,Neutral Evil,10,,,,,,,,ø,,,,,,,,ø,,,ø,Explorer's Guide to Wildemount,283,,,Sapphire Sentinel,Large,Construct,,Unaligned,10,,,,,,,,,,,,,,,,,,,,Candlekeep Mysteries,201,,,,,,,,,,,
Aeorian Nullifier,Large,Monstrosity,,Neutral Evil,12,,x,,,,,,ø,,,,,,,,ø,,,ø,Explorer's Guide to Wildemount,283,,,Dragon Tortoise,Gargantuan,Dragon,,Neutral,17,,,,,x,,,,x,,,,,,,,ø,,,Candlekeep Mysteries,205,,,,,,,,,,,
Aeorian Reverser,Large,Monstrosity,,Neutral Evil,8,,,,,,,,ø,,,,,,,,ø,,,ø,Explorer's Guide to Wildemount,284,,,Storm Giant Skeleton,Huge,Undead,,Not Provided,16,,,,,,,,,ø,,,,,ø,,,ø,,,Candlekeep Mysteries,208,,,,,,,,,,,
Aerial Servant,Medium,Fiend,,Neutral,9,,,,,,,,,,x,,x,,x,,,,,,Fifth Edition Foes,7,,,Zikzokrishka,Huge,Undead,,Lawful Evil,17,,,x,x,x,,,,,x,,,,ø,,,,,,Candlekeep Mysteries,209,,,,,,,,,,,
Aerisi Kalinoth,Medium,Humanoid,Elf,Neutral Evil,7,,x,,,x,,,,,,,,,,,,,,,Princes of the Apocalypse,193,,,Fungal Servant,Medium,Undead,,Lawful Evil,15,,x,x,,,,,,,,,,,,,,,,,Candlekeep Mysteries,217,,,,,,,,,,,
Aerisi Kalinoth (with Lair Actions),Medium,Humanoid,Elf,Neutral Evil,9,,x,,x,x,,,,,,,,,,,,,,,Princes of the Apocalypse,193,,,Parasite Infested Behir,Huge,Undead,,Neutral Evil,11,,,,,,,,,,,,,,,,x,,,,Candlekeep Mysteries,220,,,,,,,,,,,
Aerosaur,Gargantuan,Monstrosity,,Unaligned,10,,,,,,,,,,,,,,,,,,,,Bigby Presents: Glory of the Giants,128,,,Lichen Lich,Medium,Undead,,Not Provided,18,,x,x,x,,,,ø,ø,ø,ø,ø,ø,ø,ø,,,,,Candlekeep Mysteries,223,,,,,,,,,,,
Agdon Longscarf,Medium,Fey,Harengon,Chaotic Evil,2,,,,,x,,,,,,,,,,,,,,,The Wild Beyond The Witchlight,73,,,Aatxe,Large,Celestial,Shapechanger,Lawful Good,5,,,x,x,,,,,,,,x,,,,,,x,,Creature Codex,7,,,,,,,,,,,
Agnibarra,Small,Monstrosity,,Chaotic Neutral,1,,,,,,,,,,,,,,x,,,,,,Creature Codex,9,,,Acid Ant,Small,Monstrosity,,Unaligned,1/4,,,,,,,,x,x,x,x,x,x,x,x,x,x,x,x,Creature Codex,8,,,,,,,,,,,
Ahmaergo,Medium,Humanoid,Dwarf,Lawful Neutral,9,,,,,x,,,,,,,,,,,,,ø,,Waterdeep: Dragon Heist,193,,,Agnibarra,Small,Monstrosity,,Chaotic Neutral,1,,,,,,,,,,,,,,x,,,,,,Creature Codex,9,,,,,,,,,,,
Ahu-Nixta,Large,Aberration,,Neutral Evil,3,,x,,,,,,,,,,,,,,,,,x,Creature Codex,11,,,Ahuizotl,Small,Monstrosity,,Unaligned,2,,,,,,,,,x,,,,,,,,x,,,Creature Codex,10,,,,,,,,,,,
Ahu-Nixta Cataphract,Large,Aberration,,Neutral Evil,8,,x,,,,,,,,,,,,,,,,,x,Tome of Beasts 2,9,,,Ahu-Nixta,Large,Aberration,,Neutral Evil,3,,x,,,,,,,,,,,,,,,,,x,Creature Codex,11,,,,,,,,,,,
Ahu-Nixta Drudge,Medium,Aberration,,Neutral Evil,1/2,,x,,,,,,,,,,,,,,,,,x,Tome of Beasts 2,10,,,Alkonost,Small,Monstrosity,,Neutral,1/2,,,,,,v,,,x,,,,,x,,,,,,Creature Codex,12,,,,,,,,,,,
Ahuizotl,Small,Monstrosity,,Unaligned,2,,,,,,,,,x,,,,,,,,x,,,Creature Codex,10,,,Alliumite,Small,Plant,,Chaotic Neutral,1/4,,,,,,,,,,,,x,,,,,,,,Creature Codex,13,,,,,,,,,,,
Air Elemental,Large,Elemental,,Neutral,5,,,,,,,,,,x,,,,x,,,,,,Monster Manual,124,"Infernal Machine Rebuild 60, Rise of Tiamat Online Supplement 6",,Alp,Small,Fey,Shapechanger,Chaotic Evil,1,,x,,,,,,,,,,x,,,,,,,,Creature Codex,14,,,,,,,,,,,
Air Elemental Myrmidon,Medium,Elemental,,Neutral,7,,,,,,,,,,,,,,,,,,,,Mordenkainen Presents: Monsters of the Multiverse,122,,,Ammut,Large,Celestial,,Neutral,9,,,,,,,,,,x,,,x,,,,,,,Creature Codex,15,,,,,,,,,,,
Air Elemental Myrmidon,Medium,Elemental,,Neutral,7,,,,,,,,,,ø,,,,ø,,,,,,Mordenkainen's Tome of Foes,202,Princes of the Apocalypse 212,,Eye of the Gods,Small,Celestial,Angel,Any,1,,,,,,,,,,,,,,,,,,,x,Creature Codex,16,,,,,,,,,,,
Akaasit,Medium,Construct,,Unaligned,6,,,,,,,,,,,,,,,,,,,x,Tome of Beasts 2,11,,,Kinnara,Medium,Celestial,Angel,Lawful Good,3,,x,,,,,,x,x,x,x,x,x,x,x,x,x,x,x,Creature Codex,17,,,,,,,,,,,
Akhlut,Large,Beast,,Unaligned,6,,,,,,,,x,x,,,,,,,,x,,,Tome of Beasts 2,12,,,Ophanim,Large,Celestial,Angel,Lawful Good,16,,x,,,,,,,,,,,,,,,,,x,Creature Codex,18,,,,,,,,,,,
Akroan Hoplite,Medium,Humanoid,Any Race,Any,3,,,,,,,,,,,,,,,,,,ø,,Mythic Odysseys of Theros,228,,,Sammael,Medium,Celestial,Angel,Neutral Good,7,,,,,,,,x,x,x,x,x,x,x,x,x,x,x,x,Creature Codex,19,,,,,,,,,,,
Al-Aeshma,Large,Elemental,Genie,Chaotic Evil,9,,x,,,,,,,,ø,,,,,,,,,ø,Tome of Beasts,211,,,Song Angel,Large,Celestial,Angel,Lawful Good,6,,x,,,,,,,,,,,,,,,,,x,Creature Codex,20,,,,,,,,,,,
Ala,Medium,Fey,,Chaotic Evil,8,,,,,,,,,,,ø,,,,ø,,,,,Tome of Beasts,13,,,Zoryas,Medium,Celestial,Angel,Lawful Good,8,,,,,,,,x,x,x,x,x,x,x,x,x,x,x,x,Creature Codex,21,,,,,,,,,,,
Alabaster Tree,Huge,Celestial,,Neutral Good,7,,,,,,,,x,x,x,x,x,x,x,x,x,x,x,x,Creature Codex,302,,,Bat King,Small,Fey,"Animal Lord, Shapechanger",Neutral,13,,x,x,,x,,,,,,,,,,,,,x,,Creature Codex,22,,,,,,,,,,,
Albino Death Weasel,Large,Beast,,Unaligned,1,,,,,,,,,,,x,x,,,,,,,,Creature Codex,374,,,Brother Ox,Huge,Fey,"Animal Lord, Shapechanger",Lawful Neutral,16,,,x,x,x,,,,,,,,x,x,,,,,,Creature Codex,24,,,,,,,,,,,
Albino Dwarf Warrior,Medium,Humanoid,Dwarf,Any,1/4,,,,,,,,,,,,,,,,,,,,Tomb of Annihilation,210,,,Lord of Vultures,Large,Fey,"Animal Lord, Shapechanger",Neutral Good,12,,x,x,,x,,,,,,,,,x,,,,,,Creature Codex,26,,,,,,,,,,,
Alchemical Apprentice,Small,Ooze,,Unaligned,1,,,,,,,,,,,,,,,,,,x,,Creature Codex,281,,,Mouse King,Small,Fey,"Animal Lord, Shapechanger",Neutral,11,,x,x,x,x,,,,,,,,,,,,,x,,Creature Codex,28,,,,,,,,,,,
Alchemical Golem,Large,Construct,,Unaligned,9,,,,,,,,x,x,x,x,x,x,x,x,x,x,x,x,Creature Codex,192,,,Queen of Birds,Large,Fey,"Animal Lord, Shapechanger",Chaotic Neutral,14,,x,x,x,x,,,,,,,,,,,,,,,Creature Codex,30,,,,,,,,,,,
Alchemical Skunk,Small,Monstrosity,,Unaligned,4,,,,,,,,,,,x,x,,,,,,x,,Tome of Beasts 2,13,,,Queen of Cats,Large,Fey,"Animal Lord, Shapechanger",Chaotic Good,15,,x,x,x,x,,,,,,,,,,,,,x,,Creature Codex,32,,,,,,,,,,,
Alchemist Archer,Medium,Humanoid,Elf,Any,10,,,,,,,,x,x,x,x,x,x,x,x,x,x,x,x,Creature Codex,141,,,Queen of Serpents,Medium,Fey,"Animal Lord, Shapechanger",Lawful Neutral,12,,x,x,,x,,,,,,,,,x,,,,,,Creature Codex,34,,,,,,,,,,,
Aldani ,Medium,Monstrosity,Lobsterfolk,Lawful Neutral,1,,,,,,,,,ø,,,,,,,,ø,,,Tomb of Annihilation,210,,,Ankou Soul Herald,Gargantuan,Dragon,,Neutral,21,,,x,x,,,,x,x,x,x,x,x,x,x,x,x,x,x,Creature Codex,37,,,,,,,,,,,
Alehouse Drake,Tiny,Dragon,,Chaotic Neutral,1/2,,x,,,,,,,,,,,,,,,,ø,,Tome of Beasts,148,,,Ankou Soul Seeker,Large,Dragon,,Neutral,8,,,,x,,,,x,x,x,x,x,x,x,x,x,x,x,x,Creature Codex,38,,,,,,,,,,,
Algoid,Medium,Plant,,Neutral,3,,,,,,,,,,,x,,,,x,,,,,Fifth Edition Foes,8,,,Anophiloi,Small,Monstrosity,,Neutral,1,,,,,,,,,,,x,x,,,,,,,,Creature Codex,39,,,,,,,,,,,
Algorith,Medium,Celestial,,Lawful Neutral,10,,,,,,,,,,,,,,,,,,,ø,Tome of Beasts,14,,,Arborcyte,Large,Plant,,Chaotic Neutral,8,,,,,,,,,,,x,x,,,,,,,,Creature Codex,40,,,,,,,,,,,
Alhoon,Medium,Undead,"mind flayer, wizard",Neutral Evil,10,,x,,,,,,,,,,,,,,x,,,,Mordenkainen Presents: Monsters of the Multiverse,43,,,Arcamag,Tiny,Monstrosity,Shapechanger,Neutral,2,,,,,,,,,,,,,,,,,,x,,Creature Codex,41,,,,,,,,,,,
Alhoon,Medium,Undead,Mindflayer,Any Evil,10,,x,,,,,,,,,,,,,,x,,,,Volo's Guide to Monsters,172,,,Arcanaphage,Medium,Monstrosity,,Unaligned,4,,,,,,,,x,x,x,x,x,x,x,x,x,x,x,x,Creature Codex,42,,,,,,,,,,,
Alkilith,Medium,Fiend,demon,Chaotic Evil,11,,,,,,,,,,,,,,,,x,,x,,Mordenkainen Presents: Monsters of the Multiverse,44,,,Astral Snapper,Medium,Aberration,,Neutral Evil,3,,,,,,,,,,,,x,,,,,,x,,Creature Codex,43,,,,,,,,,,,
Alkilith,Medium,Fiend,Demon,Chaotic Evil,11,,,,,,,,,,,,,,,,x,,x,ø,Mordenkainen's Tome of Foes,130,,,Azeban,Medium,Fey,,Chaotic Neutral,4,,x,,,,,,,,,x,,,,,,,,,Creature Codex,44,,,,,,,,,,,
Alkonost,Small,Monstrosity,,Neutral,1/2,,,,,,v,,,x,,,,,x,,,,,,Creature Codex,12,,,Azi Dahaka,Huge,Dragon,,Chaotic Evil,14,,,x,,x,,,,,,,,,,,,,,,Creature Codex,45,,,,,,,,,,,
Alligator,Medium,Beast,,Unaligned,1/4,,,,,,,,,,,,,,,x,,,,,Tome of Beasts 2,387,,,Baba Yaga,Medium,Fey,,Chaotic Neutral,20,,x,x,,x,,,,,,,,,,,,,,,Creature Codex,46,,,,,,,,,,,
Alligator Turtle,Medium,Beast,,Unaligned,1/4,,,,,,,,,,,,,,,x,,,,,Tome of Beasts 2,387,,,Iron Teeth of Baba Yaga,Tiny,Fey,,Chaotic Neutral,2,,x,,,,,,,,,x,,,,,,,,,Creature Codex,47,,,,,,,,,,,
Allip,Medium,Undead,,Neutral Evil,5,,,,,,,,,,,,,,,x,,,x,,Mordenkainen Presents: Monsters of the Multiverse,45,,,Bar Brawl,Huge,Humanoid,Swarm,Unaligned,3,,,,,,,,,,,,,,,,,,x,,Creature Codex,48,,,,,,,,,,,
Allip,Medium,Undead,,Neutral Evil,5,,,,,,,,,,,,,,,x,,,x,,Mordenkainen's Tome of Foes,116,,,Barong,Large,Celestial,,Lawful Good,17,,,x,,x,,,,,,,,,,,,,,x,Creature Codex,49,,,,,,,,,,,
Alliumite,Small,Plant,,Chaotic Neutral,1/4,,,,,,,,,,,,x,,,,,,,,Creature Codex,13,,,Giant Albino Bat,Huge,Monstrosity,,Neutral Evil,3,,,,,,,,,,,x,x,,x,,x,,,,Creature Codex,50,,,,,,,,,,,
Allosaurus,Large,Beast,Dinosaur,Unaligned,2,,,,,,,,,,,,x,,,,,,,,Monster Manual,79,,,Giant Vampire Bat,Large,Beast,,Unaligned,2,,,,,,,,,,,x,x,,x,,x,,,,Creature Codex,50,,,,,,,,,,,
Almiraj,Small,Beast,,Unaligned,0,,,,,,o,,,,,,,,,,,,,,Tomb of Annihilation,211,,,Bearfolk Chieftan,Medium,Humanoid,Bearfolk,Chaotic Good,6,,,,,,,,x,x,x,x,x,x,x,x,x,x,x,x,Creature Codex,51,,,,,,,,,,,
Alnaar,Large,Fiend,Demon,Chaotic Evil,9,,,,,,,,,,,,,,,,,,,x,Creature Codex,82,,,Bearmit Crab,Large,Monstrosity,,Unaligned,2,,,,,,,,,x,,,,,,,,,,,Creature Codex,52,,,,,,,,,,,
Alp,Small,Fey,Shapechanger,Chaotic Evil,1,,x,,,,,,,,,,x,,,,,,,,Creature Codex,14,,,Bilwis,Medium,Elemental,,Chaotic Evil,1,,,,,,,,,,,,x,,,,,,,,Creature Codex,53,,,,,,,,,,,
Alpha Fish,Large,Beast,,Unaligned,3,,,,,,,,,,,,,,,,,x,,,Tome of Beasts 2,14,,,Bloody Bones,Medium,Monstrosity,,Chaotic Evil,3,,,,,,,,,,,,x,,,,,,x,,Creature Codex,54,,,,,,,,,,,
Alpha Yek,Medium,Fiend,Demon,Chaotic Evil,9,,,,,,,,x,x,x,x,x,x,x,x,x,x,x,x,Creature Codex,95,,,Bookkeeper,Tiny,Construct,,Unaligned,1/8,,,,,,,,,,,,,,,,,,x,,Creature Codex,55,,,,,,,,,,,
Alseid,Medium,Fey,,Chaotic Good,1,,x,,,,,,,,,,x,,,,,,,,Mythic Odysseys of Theros,235,,,Boot Grabber,Small,Aberration,,Neutral,1/2,,,,,,,,,,,,,,,,x,,,,Creature Codex,56,,,,,,,,,,,
Alseid,Medium,Monstrosity,,Chaotic Neutral,1/2,,,,,,,,,,,ø,,,,,,,,,Tome of Beasts,15,,,Carbuncle,Small,Monstrosity,,Chaotic Good,1,,,,,,,,,,,x,,,,,,,,,Creature Codex,57,,,,,,,,,,,
Alseid Grovekeeper,Medium,Monstrosity,,Chaotic Neutral,3,,,,,,,,,,,ø,ø,,,,,,,,Tome of Beasts,15,,,Cats of Ulthar,Huge,Beast,Swarm,Unaligned,4,,,,,,,,,,,,x,,,,,,x,,Creature Codex,58,,,,,,,,,,,
"Alsikaya, The Screeching Mother of Volcanoes",Huge,Fiend,"Demon, Demon Lord",Chaotic Evil,28,,,x,x,x,,,,,,,,,,,,,,x,Tome of Beasts 2,85,,,Cauldronborn,Small,Construct,,Unaligned,2,,,,,,,,x,x,x,x,x,x,x,x,x,x,x,x,Creature Codex,59,,,,,,,,,,,
Altar Flame Golem,Large,Construct,,Neutral,10,,,,,,,,,,,,,,,,,,x,,Creature Codex,193,,,Centaur Chieftan,Large,Monstrosity,,Chaotic Neutral,5,,,,,,,,,,,,x,x,,,,,,,Creature Codex,60,,,,,,,,,,,
Altisaur,Gargantuan,Monstrosity,,Unaligned,13,,,,,,,,,,,,,,,,,,,,Bigby Presents: Glory of the Giants,129,,,Child of Yggdrasil,Large,Aberration,,Neutral Evil,6,,,,,,,,,,,x,,,,,,,,,Creature Codex,61,,,,,,,,,,,
Alustriel Silverhand,Medium,Humanoid,"Human, Wizard",Chaotic Good,21,,x,x,,x,,,,,,,,,,,,,,,Vecna: Eve of Ruin,242,,,Chuhaister,Large,Giant,,Chaotic Evil,7,,,,,,,,,,,x,,,,,,,,,Creature Codex,62,,,,,,,,,,,
Alynn,Medium,Humanoid,Half-elf,Unaligned,10,,,x,,x,,,,,,,,,,,,,ø,,Monster a Day Compendium 2.0,95,,,Chupacabra,Small,Monstrosity,,Unaligned,1/2,,,,,,,,,,,,x,x,,,,,,,Creature Codex,63,,,,,,,,,,,
Alyxian Aboleth,Large,Aberration,,Lawful Evil,12,,,x,,,,,,,,,,,,,,,,,Critical Role: Call of the Netherdeep,195,,,Clockwork Assassin,Medium,Construct,,Unaligned,6,,,,,,,,,,,,,,,,,,x,,Creature Codex,64,,,,,,,,,,,
Alyxian the Absolved,Medium,Humanoid,Human,lawful Good,14,,,x,x,x,,,,,,,,,,,,,,,Critical Role: Call of the Netherdeep,182,,,Clockwork Servant,Medium,Construct,,Unaligned,1/8,,,,,,,,,,,,,,,,,,x,,Creature Codex,65,,,,,,,,,,,
Alyxian the Callous,Large,Celestial,,Lawful Evil,12,,,x,x,x,,,,,,,,,,,,,,,Critical Role: Call of the Netherdeep,179,,,Clockwork Soldier,Medium,Construct,,Unaligned,1,,,,,,,,,,,,,,,,,,x,,Creature Codex,65,,,,,,,,,,,
Alyxian the Dispossessed,Medium,Humanoid,Human,Lawful Evil,13,,,x,x,x,,,,,,,,,,,,,,,Critical Role: Call of the Netherdeep,180,,,Corpse Thief,Medium,Humanoid,,Neutral,1/2,,,,,,,,x,x,x,x,x,x,x,x,x,x,x,x,Creature Codex,66,,,,,,,,,,,
Alyxian the Tormented,Huge,Aberration,,Lawful Evil,11,,,x,x,x,,,,,,,,,,,,,,,Critical Role: Call of the Netherdeep,178,,,Crimson Mist,Medium,Undead,,Chaotic Evil,6,,,,,,,,x,x,x,x,x,x,x,x,x,x,x,x,Creature Codex,67,,,,,,,,,,,
Amber Ooze,Large,Ooze,,Unaligned,4,,,,,,,,,,,x,,,,,,,,,Tome of Beasts 2,277,,,Cueyatl,Small,Humanoid,,Lawful Evil,1/2,,,,,,,,,x,,,,,,,,,,,Creature Codex,68,,,,,,,,,,,
Amble,Medium,Humanoid,Tortle,Neutral Good,10,,x,,,,,,,,,,,,,,,,,,Locathah Rising,15,,,Cueyatl Moon Priest,Small,Humanoid,,Lawful Evil,5,,x,,,,,,,x,,,,,,,,,,,Creature Codex,68,,,,,,,,,,,
Ambush Drake,Medium,Dragon,,Unaligned,1/2,,,,,,,,,,,,,,,,,,,,Hoard of the Dragon Queen,88,,,Cueyatl Sea Priest,Small,Humanoid,,Lawful Evil,1,,x,,,,,,,x,,,,,,,,,,,Creature Codex,69,,,,,,,,,,,
Amethyst Dragon Wyrmling,Medium,Dragon,Gem,Neutral,4,,,,,,,,,ø,,,ø,ø,ø,,,,,,Fizban's Treasury of Dragons,162,,,Cueyatl Warrior,Small,Humanoid,,Lawful Evil,1,,,,,,,,,x,,,,,,,,,,,Creature Codex,69,,,,,,,,,,,
Amidor the Dandelion,Small,Plant,,Neutral Good,1/2,,,,,x,,,,,,,,,,,,,,,The Wild Beyond The Witchlight,135,,,Simhamukha,Huge,Celestial,Dakini,Chaotic Good,8,,x,,,,,,x,x,x,x,x,x,x,x,x,x,x,x,Creature Codex,70,,,,,,,,,,,
Ammalia Cassalanter,Medium,Humanoid,Human,Lawful Neutral,5,,x,,,x,,,,,,,,,,,,,ø,,Waterdeep: Dragon Heist,193,,,Dark Father,Large,Undead,,Lawful Neutral,4,,,,,,,,x,x,x,x,x,x,x,x,x,x,x,x,Creature Codex,71,,,,,,,,,,,
Ammut,Large,Celestial,,Neutral,9,,,,,,,,,,x,,,x,,,,,,,Creature Codex,15,,,Dark Eye,Medium,Humanoid,Dark Folk,Neutral Evil,3,,,,,,,,,,,,,,,,,,x,,Creature Codex,72,,,,,,,,,,,
Amnizu,Medium,Fiend,devil,Lawful Evil,18,,x,,,,,,,,,,,,,,,,,ø,Mordenkainen Presents: Monsters of the Multiverse,46,,,Dark Servant,Medium,Humanoid,Dark Folk,Neutral Evil,1,,,,,,,,,,,,,,,,,,x,,Creature Codex,72,,,,,,,,,,,
Amnizu,Medium,Fiend,Devil,Lawful Neutral,18,,x,,,,,,,,,,,,,,,,,ø,Mordenkainen's Tome of Foes,164,Baldur's Gate: Descent into Avernus 228,,Dark Voice,Medium,Humanoid,Dark Folk,Neutral Evil,5,,,,,,,,,,,,,,,,,,x,,Creature Codex,73,,,,,,,,,,,
Amphiptere,Medium,Beast,,Unaligned,3,,,,,,,,,,,ø,,ø,ø,ø,,,,,Tome of Beasts,16,,,"Chemosh, Demon Lord of Conquest",Huge,Fiend,"Demon, Demon Lord",Chaotic Evil,19,,x,x,x,x,,,,,,,,,,,,,,x,Creature Codex,75,,,,,,,,,,,
Amphisbaena,Medium,Monstrosity,,Unaligned,1/2,,,,,,,,,,,,,,,,,,,,Mythic Odysseys of Theros,208,Ghosts of Saltmarsh 230,,"Chittr'k'k, Demon Lord of Rats",Medium,Fiend,"Demon, Demon Lord",Chaotic Evil,13,,,x,x,x,,,,,,,,,,,,,,x,Creature Codex,76,,,,,,,,,,,
Amphoron of Yothri Juggernaut,Large,Construct,,Neutral,6,,,,,,,,x,x,x,x,x,x,x,x,x,,x,,Fifth Edition Foes,10,,,"Rangda, Demon Lord of Witches",Large,Fiend,"Demon, Demon Lord",Chaotic Evil,17,,x,x,x,x,,,,,,,,,,,,,,x,Creature Codex,78,,,,,,,,,,,
Amphoron of Yothri Warrior,Medium,Construct,,Neutral,2,,,,,,,,x,x,x,x,x,x,x,x,x,,x,,Fifth Edition Foes,10,,,"Typhon, Father of Monsters",Gargantuan,Fiend,"Demon, Demon Lord",Chaotic Evil,22,,x,x,x,x,,,,,,,,,,,,,,x,Creature Codex,80,,,,,,,,,,,
Amphoron of Yothri Worker,Small,Construct,,Neutral,1/2,,,,,,,,x,x,x,x,x,x,x,x,x,,x,,Fifth Edition Foes,9,,,Alnaar,Large,Fiend,Demon,Chaotic Evil,9,,,,,,,,,,,,,,,,,,,x,Creature Codex,82,,,,,,,,,,,
Anarch,Small,Humanoid,Any Race,Chaotic Neutral,1/4,,,,,,,,,,,ø,ø,ø,,,,,ø,,Guildmaster's Guide to Ravnica,239,,,Cipactli,Medium,Fiend,Demon,Chaotic Evil,5,,,,,,,,x,x,x,x,x,x,x,x,x,x,x,x,Creature Codex,83,,,,,,,,,,,
Ancient Amethyst Dragon,Gargantuan,Dragon,Gem,Neutral,23,,x,x,x,,,,,ø,,,ø,ø,ø,,,,,,Fizban's Treasury of Dragons,160,,,Echo,Medium,Fiend,Demon,Chaotic Evil,6,,,,,,,,,,,,,,,,x,,,,Creature Codex,84,,,,,,,,,,,
Ancient Black Dragon,Gargantuan,Dragon,,Chaotic Evil,21,,,x,x,,,,,,,,,,,x,,,,,Monster Manual,87,,,Fulad-Zereh,Huge,Fiend,Demon,Chaotic Evil,9,,,,,,,,,,,,,,,,,,,x,Creature Codex,85,,,,,,,,,,,
Ancient Blue Dragon,Gargantuan,Dragon,,Lawful Neutral,23,,,x,x,,,,,x,x,,,,,,,,,,Monster Manual,90,,,Neophron,Medium,Fiend,"Demon, Shapechanger",Chaotic Evil,8,,,,,,,,x,x,x,x,x,x,x,x,x,x,x,x,Creature Codex,86,,,,,,,,,,,
Ancient Boreal Dragon,Gargantuan,Dragon,,Chaotic Neutral,24,,,x,x,,,,x,,,x,,,,,,,,,Tome of Beasts 2,110,,,Pishacha,Medium,Fiend,Shapechanger,Chaotic Evil,3,,,,,,,,,,,,,,,,,,,x,Creature Codex,88,,,,,,,,,,,
Ancient Brass Dragon,Gargantuan,Dragon,,Chaotic Good,20,,,x,x,,,,,,x,,,,,,,,,,Monster Manual,104,,,Plaresh,Medium,Fiend,"Demon, Swarm",Chaotic Evil,3,,,,,,,,x,x,x,x,x,x,x,x,x,x,x,x,Creature Codex,89,,,,,,,,,,,
Ancient Bronze Dragon,Gargantuan,Dragon,,Lawful Good,22,,,x,x,,,,,x,,,,,,,,,,,Monster Manual,107,,,Rattok,Small,Fiend,Demon,Chaotic Evil,4,,,,,,,,x,x,x,x,x,x,x,x,x,x,x,x,Creature Codex,90,,,,,,,,,,,
Ancient Chronomancer,Medium,Humanoid,Construct,Neutral,7,,x,,,,,,,,,,,,,,,,ø,ø,Monster a Day Compendium 2.0,20,,,Spree,Small,Fiend,Demon,Chaotic Evil,5,,,,,,,,,,,,,,,,,,x,,Creature Codex,91,,,,,,,,,,,
Ancient Copper Dragon,Gargantuan,Dragon,,Chaotic Good,21,,,x,x,,,,,,,,,x,,,,,,,Monster Manual,110,,,Vellso,Medium,Fiend,Demon,Chaotic Evil,7,,,,,,,,,,,,,,,,,,,x,Creature Codex,92,,,,,,,,,,,
Ancient Crystal Dragon,Gargantuan,Dragon,Gem,Chaotic Neutral,19,,x,x,x,,,,ø,,,,,,,,,,,,Fizban's Treasury of Dragons,170,,,Wind Demon,Small,Fiend,Demon,Chaotic Evil,2,,,,,,,,x,x,x,x,x,x,x,x,x,x,x,x,Creature Codex,93,,,,,,,,,,,
Ancient Deep Crow,Huge,Monstrosity,,Unaligned,15,,,x,,,,,,,,,,,,,x,,,,Acquisitions Incorporated,211,,,Alpha Yek,Medium,Fiend,Demon,Chaotic Evil,9,,,,,,,,x,x,x,x,x,x,x,x,x,x,x,x,Creature Codex,95,,,,,,,,,,,
Ancient Deep Dragon,Gargantuan,Dragon,,Neutral Evil,18,,,x,x,,,,,,,,,,,,ø,,,,Fizban's Treasury of Dragons,173,,,Yek,Small,Fiend,Demon,Chaotic Evil,4,,,,,,,,x,x,x,x,x,x,x,x,x,x,x,x,Creature Codex,95,,,,,,,,,,,
Ancient Dragon Turtle,Gargantuan,Dragon,,Neutral,24,,,x,,,,,,,,,,,,,,ø,,,Fizban's Treasury of Dragons,191,,,Speaker to the Darkness,Small,Humanoid,Derro,Chaotic Evil,5,,,,,,,,,,,,,,,,x,,,,Creature Codex,96,,,,,,,,,,,
Ancient Emerald Dragon,Gargantuan,Dragon,Gem,Lawful Neutral,21,,x,x,x,,,,,,,,,,ø,,ø,,,,Fizban's Treasury of Dragons,195,,,Witch Queen,Small,Humanoid,Derro,Chaotic Evil,5,,x,,,,,,,,,,,,,,x,,,,Creature Codex,97,,,,,,,,,,,
Ancient Flame Dragon,Gargantuan,Dragon,,Chaotic Evil,24,,,x,x,,,,,,,,,ø,ø,,,,,,Tome of Beasts,128,,,Devil Shark,Gargantuan,Monstrosity,,Neutral Evil,13,,,,,,,,,,,,,,,,,x,,,Creature Codex,98,,,,,,,,,,,
Ancient Gold Dragon,Gargantuan,Dragon,,Lawful Good,24,,,x,x,,,,,,,x,x,,,,,,,,Monster Manual,113,,,"Belphegor, Hell's Inventor",Huge,Fiend,"Devil, Archdevil",Lawful Evil,22,,,x,,x,,,,,,,,,,,,,,x,Creature Codex,100,,,,,,,,,,,
Ancient Green Dragon,Gargantuan,Dragon,,Lawful Neutral,22,,,x,x,,,,,,,x,,,,,,,,,Monster Manual,93,,,"Parzelon, King of Secrets",Huge,Fiend,"Devil, Archdevil",Lawful Evil,25,,x,x,,x,,,,,,,,,,,,,,x,Creature Codex,101,,,,,,,,,,,
Ancient Imperial Dragon,Gargantuan,Dragon,,Neutral,26,,x,x,x,,,,,x,,,,,,,,x,,,Tome of Beasts 2,115,,,Spawn of Parzelon,Medium,Fiend,Devil,Lawful Evil,5,,x,,,,,,,,,,,,,,,,,x,Creature Codex,102,,,,,,,,,,,
Ancient Light Dragon,Gargantuan,Dragon,,Neutral Good,22,,,x,x,,,,x,x,x,x,x,x,x,x,x,x,x,x,Creature Codex,116,,,Fire Imp,Tiny,Fiend,Devil,Lawful Evil,1/2,,,,,,,,,,,,,,,,,,,x,Creature Codex,103,,,,,,,,,,,
Ancient Lunar Dragon,Gargantuan,Dragon,,Neutral Evil,19,,,x,x,,,,,,,,,,,,,,,,Boo's Astral Menagerie,32,,,Infernal Knight,Medium,Fiend,Devil,Lawful Evil,16,,,,,,,,x,x,x,x,x,x,x,x,x,x,x,x,Creature Codex,104,,,,,,,,,,,
Ancient Mandriano,Huge,Plant,,Lawful Evil,8,,,,,,,,,,,x,,x,,,,,,,Creature Codex,261,,,Wind's Harp,Medium,Fiend,Devil,Lawful Evil,4,,,,,,,,x,x,x,x,x,x,x,x,x,x,x,x,Creature Codex,105,,,,,,,,,,,
Ancient Mithral Dragon,Gargantuan,Dragon,,Neutral,18,,x,x,,,,,,,,,,,,,ø,,,,Tome of Beasts,132,,,Dhampir,Medium,Humanoid,Dhampir,Any,1,,,,,,,,,,,,,,,,,,x,,Creature Codex,106,,,,,,,,,,,
Ancient Moonstone Dragon,Gargantuan,Dragon,,Neutral,21,,x,x,x,,,,,,,ø,ø,,ø,,,,,ø,Fizban's Treasury of Dragons,211,,,Dhampir Commander,Medium,Humanoid,Dhampir,Any,7,,,,,,,,,,,,,,,,,,x,,Creature Codex,107,,,,,,,,,,,
Ancient Red Dragon,Gargantuan,Dragon,,Chaotic Evil,24,,,x,x,,,,,,,,,x,x,,,,,,Monster Manual,97,,,Archaeopteryx,Tiny,Beast,Dinosaur,Unaligned,1/4,,,,,,,,,x,,x,,,,x,,,,,Creature Codex,108,,,,,,,,,,,
Ancient Sapphire Dragon,Gargantuan,Dragon,Gem,Lawful Neutral,22,,x,x,x,,,,,,,,,,,,ø,,,,Fizban's Treasury of Dragons,214,,,Lystrosaurus,Medium,Beast,Dinosaur,Unaligned,2,,,,,,,,,,,,x,,,,,,,,Creature Codex,108,,,,,,,,,,,
Ancient Sea Dragon,Gargantuan,Dragon,,Neutral Evil,22,,,x,x,,,,,,,,,,,,,ø,,,Tome of Beasts,135,,,Nodosaurus,Large,Beast,Dinosaur,Unaligned,1,,,,,,,,,,,,x,,,x,,,,,Creature Codex,109,,,,,,,,,,,
Ancient Sea Serpent,Gargantuan,Dragon,,Neutral,14,,,x,,,,,,,,,,,,,,ø,,,Fizban's Treasury of Dragons,219,,,Dracotaur,Large,Dragon,,Chaotic Neutral,6,,,,,,,,,,,,x,x,,,,,,,Creature Codex,110,,,,,,,,,,,
Ancient Silver Dragon,Gargantuan,Dragon,,Lawful Good,23,,,x,x,,,,,,,,,,x,,,,x,,Monster Manual,116,,,One-Headed Clockwork Dragon,Large,Construct,,Unaligned,8,,,,,,,,,,,,,,,,,,x,,Creature Codex,111,,,,,,,,,,,
Ancient Solar Dragon,Gargantuan,Dragon,,Neutral,20,,,x,x,,,,,,,,,,,,,,,,Boo's Astral Menagerie,50,,,Three-Headed Clockwork Dragon,Huge,Construct,,Unaligned,14,,,,,,,,,,,,,,,,,,x,,Creature Codex,112,,,,,,,,,,,
Ancient Time Dragon,Gargantuan,Dragon,,Neutral,26,,,x,x,,,,,,,,,,,,,,,x,Morte's Planar Parade,48,,,Light Dragon Wyrmling,Medium,Dragon,,Neutral Good,2,,,,,,,,x,x,x,x,x,x,x,x,x,x,x,x,Creature Codex,113,,,,,,,,,,,
Ancient Titan,Gargantuan,Celestial,,Neutral Good,12,,,,,,,,,ø,,,,,,,,ø,,,Tome of Beasts,380,,,Adult Light Dragon,Huge,Dragon,,Neutral Good,16,,,x,x,,,,x,x,x,x,x,x,x,x,x,x,x,x,Creature Codex,114,,,,,,,,,,,
Ancient Topaz Dragon,Gargantuan,Dragon,Gem,Chaotic Neutral,20,,x,x,x,,,,,ø,,,,,,ø,,ø,,,Fizban's Treasury of Dragons,220,,,Young Light Dragon,Large,Dragon,,Neutral Good,7,,,,,,,,x,x,x,x,x,x,x,x,x,x,x,x,Creature Codex,114,,,,,,,,,,,
Ancient Void Dragon,Gargantuan,Dragon,,Chaotic Neutral,24,,,x,x,,,,,,,,,,,,,,,ø,Tome of Beasts,138,,,Ancient Light Dragon,Gargantuan,Dragon,,Neutral Good,22,,,x,x,,,,x,x,x,x,x,x,x,x,x,x,x,x,Creature Codex,116,,,,,,,,,,,
Ancient Wasteland Dragon,Gargantuan,Dragon,,Chaotic Evil,23,,,x,x,,,,,,,,,x,,,,,,,Creature Codex,120,,,Wasteland Dragon Wyrmling,Medium,Dragon,,Chaotic Evil,3,,,,,,,,,,,,,x,,,,,,,Creature Codex,118,,,,,,,,,,,
Ancient White Dragon,Gargantuan,Dragon,,Chaotic Evil,20,,,x,x,,,,x,,,,,,,,,,,,Monster Manual,100,,,Young Wasteland Dragon,Large,Dragon,,Chaotic Evil,9,,,,,,,,,,,,,x,,,,,,,Creature Codex,118,,,,,,,,,,,
Ancient Wind Dragon,Gargantuan,Dragon,,Chaotic Neutral,22,,x,x,x,,,,,,,,,,ø,,,,,,Tome of Beasts,142,,,Adult Wasteland Dragon,Huge,Dragon,,Chaotic Evil,17,,,x,x,,,,,,,,,x,,,,,,,Creature Codex,119,,,,,,,,,,,
Andir Valmakos,Medium,Humanoid,"Sidekick, Human",Chaotic Good,1,,x,,,x,,,,,,,,,,,,,,,Dragonlance: Shadow of the Dragon Queen,210,,,Ancient Wasteland Dragon,Gargantuan,Dragon,,Chaotic Evil,23,,,x,x,,,,,,,,,x,,,,,,,Creature Codex,120,,,,,,,,,,,
Andras,Medium,Humanoid,Human,Neutral Evil,8,,,,,x,,,,,,,,,,,,,,,Infernal Machine Rebuild,31,,,Edjet,Medium,Humanoid,Dragonborn,Lawful Neutral,3,,,,,,,,x,x,x,x,x,x,x,x,x,x,x,x,Creature Codex,121,,,,,,,,,,,
Andrenjinyi,Gargantuan,Celestial,,Neutral,15,,x,,,,,,,ø,,,,,,,,ø,,,Tome of Beasts,18,,,Elementalist,Medium,Humanoid,Dragonborn,Lawful Neutral,2,,x,,,,,,x,x,x,x,x,x,x,x,x,x,x,x,Creature Codex,122,,,,,,,,,,,
Android,Medium,Construct,,Lawful Neutral,5,,x,,,,,,,,,,,,,,,,,,Quests from the Infinite Staircase,194,,,Heavy Cavalry,Medium,Humanoid,Dragonborn,Lawful Neutral,2,,,,,,,,x,x,x,x,x,x,x,x,x,x,x,x,Creature Codex,123,,,,,,,,,,,
Androsphinx,Large,Monstrosity,,Lawful Neutral,17,,x,x,x,,,,,,x,,,,,,,,,,Monster Manual,281,,,Light Cavalry,Medium,Humanoid,Dragonborn,Lawful Neutral,1,,,,,,,,x,x,x,x,x,x,x,x,x,x,x,x,Creature Codex,124,,,,,,,,,,,
Angatra,Medium,Undead,,Neutral Evil,6,,,,,,,,,,,,,,,,,,ø,,Tome of Beasts,19,,,Ouroban,Medium,Humanoid,Dragonborn,Neutral Evil,11,,x,,,,,,x,x,x,x,x,x,x,x,x,x,x,x,Creature Codex,125,,,,,,,,,,,
Angel of Judgement,Huge,Celestial,,Neutral,18,,x,,,,,,,,,,,,,,,,,x,Tome of Beasts 2,16,,,Bathhouse Drake,Medium,Dragon,,Lawful Neutral,3,,x,,,,,,,,,,x,x,,,,,x,,Creature Codex,126,,,,,,,,,,,
Angelic Enforcer,Large,Celestial,,Lawful Good,12,,x,,,,,,,,,,,,,,,,,x,Tome of Beasts 2,17,,,Fey Drake,Small,Dragon,,Chaotic Neutral,6,,x,,,,,,x,x,x,x,x,x,x,x,x,x,x,x,Creature Codex,127,,,,,,,,,,,
Angler Worm,Huge,Monstrosity,,Unaligned,4,,,,,,,,,,,,,ø,ø,,ø,,,,Tome of Beasts,22,,,Forest Drake,Small,Dragon,,Neutral,2,,,,,,,,,,,x,,,,,,,,,Creature Codex,128,,,,,,,,,,,
Angry Sorrowsworn,Medium,Monstrosity,,Neutral Evil,13,,,,,,,,,,,,,,,,x,,x,,Mordenkainen Presents: Monsters of the Multiverse,222,Mordenkainen's Tome of Foes 231,,Moon Drake,Medium,Dragon,,Neutral,5,,,,,,,,,,,x,,,,,,,,,Creature Codex,129,,,,,,,,,,,
Anhkolox,Huge,Undead,,Neutral Evil,9,,,,,,,,,,,,,,,,,,,,Dragonlance: Shadow of the Dragon Queen,192,,,Pact Drake,Small,Dragon,,Lawful Neutral,1,,x,,,,,,,,,,,,,,,,x,,Creature Codex,130,,,,,,,,,,,
Animated Armor,Medium,Construct,,Unaligned,1,,,,,,,,ø,ø,ø,ø,ø,ø,ø,ø,ø,ø,ø,,Monster Manual,19,Rise of Tiamat Online Supplement 7,,Peluda Drake,Large,Dragon,,Chaotic Neutral,3,,,,,,,,,,,x,,,,,,,,,Creature Codex,131,,,,,,,,,,,
Animated Bearskin Rug,Large,Construct,,Unaligned,4,,,,,,,,,,,,x,,,,,,x,,Tome of Beasts 2,24,,,Skull Drake,Medium,Dragon,,Neutral,3,,,,,,,,x,x,x,x,x,x,x,x,x,x,x,x,Creature Codex,132,,,,,,,,,,,
Animated Breath,Large,Elemental,,Neutral Evil,6,,,,,,,,ø,ø,ø,ø,ø,ø,ø,ø,ø,,,,Fizban's Treasury of Dragons,163,,,Spider Drake,Large,Dragon,,Lawful Evil,9,,,,,,,,,,,,,,,,x,,,,Creature Codex,133,,,,,,,,,,,
Animated Broom,Small,Construct,,Not Provided,1/4,,,,,,,,,,,,,,,,,,ø,,Candlekeep Mysteries,20,,,Dream Squire,Medium,Fey,,Neutral,2,,,,,,,,,,,,,,,,x,,x,,Creature Codex,134,,,,,,,,,,,
Animated Chained Library,Large,Construct,,Not Provided,1,,,,,,,,,,,,,,,,,,ø,,Candlekeep Mysteries,24,,,Dream Wraith,Medium,Undead,,Neutral Evil,5,,,,,,,,,,,,x,,,,,,x,,Creature Codex,135,,,,,,,,,,,
Animated Table,Large,Construct,,Unaligned,2,,,,,,,,,,,,,,,,,,ø,,Tales from the Yawning Portal,230,,,Dust Goblin Cheiftan,Small,Humanoid,Goblin,Neutral Evil,3,,,,,,,,,,,,,x,,,,,,,Creature Codex,136,,,,,,,,,,,
Aniwye,Large,Monstrosity,Shapechanger,Neutral Evil,5,,,,,,,,,,,x,,,,,,,,,Tome of Beasts 2,25,,,Dvarapala,Huge,Giant,,Any,5,,x,,,,,,,,,,,,,,,,x,,Creature Codex,137,,,,,,,,,,,
Ankheg,Large,Monstrosity,,Unaligned,2,,,,,,,,,,,x,x,,,,,,,,Monster Manual,21,,,Blood Elemental,Large,Elemental,,Neutral,5,,,,,,,,,,,,,,,,,,,x,Creature Codex,138,,,,,,,,,,,
Ankou Soul Herald,Gargantuan,Dragon,,Neutral,21,,,x,x,,,,x,x,x,x,x,x,x,x,x,x,x,x,Creature Codex,37,,,Storm Lord,Huge,Elemental,,Neutral,13,,,,,,,,,x,,,,,,,,x,,,Creature Codex,139,,,,,,,,,,,
Ankou Soul Seeker,Large,Dragon,,Neutral,8,,,,x,,,,x,x,x,x,x,x,x,x,x,x,x,x,Creature Codex,38,,,Venom Elemental,Large,Elemental,,Neutral,4,,,,,,,,x,x,x,x,x,x,x,x,x,x,x,x,Creature Codex,140,,,,,,,,,,,
Ankylosaurus,Huge,Beast,Dinosaur,Unaligned,3,,,,,,,,,,,,x,,,,,,,,Monster Manual,79,,,Alchemist Archer,Medium,Humanoid,Elf,Any,10,,,,,,,,x,x,x,x,x,x,x,x,x,x,x,x,Creature Codex,141,,,,,,,,,,,
Ankylosaurus Zombie,Huge,Undead,Dinosaur,Unaligned,3,,,,,,,,,,,ø,,,,,ø,,,,Tomb of Annihilation,240,,,Deathsworn,Medium,Humanoid,Elf,Chaotic Neutral,6,,,,,,,,x,x,x,x,x,x,x,x,x,x,x,x,Creature Codex,142,,,,,,,,,,,
Annis Hag,Large,Fey,,Chaotic Evil,6,,x,,,,,,,,,,,x,x,,,,,,Mordenkainen Presents: Monsters of the Multiverse,47,,,Enchanter,Medium,Humanoid,Elf,Any,7,,x,,,,,,x,x,x,x,x,x,x,x,x,x,x,x,Creature Codex,143,,,,,,,,,,,
Annis Hag,Large,Fey,Hag,Chaotic Evil,6,,x,,,,,,,,,,,x,x,,,,,,Volo's Guide to Monsters,159,,,Servant of the Vine,Medium,Humanoid,Elf,Chaotic Neutral,6,,x,,,,,,x,x,x,x,x,x,x,x,x,x,x,x,Creature Codex,144,,,,,,,,,,,
Anophiloi,Small,Monstrosity,,Neutral,1,,,,,,,,,,,x,x,,,,,,,,Creature Codex,39,,,Shadow Fey Ambassador,Medium,Humanoid,Elf,Lawful Evil,9,,,,,,,,,,,,,,,,x,,x,,Creature Codex,145,,,,,,,,,,,
Ant Lion,Large,Beast,,Unaligned,4,,,,,,,,,,x,,,,,,,,,,Fifth Edition Foes,11,,,Knight of the Road,Medium,Humanoid,Elf,Lawful Evil,5,,,,,,,,x,x,x,x,x,x,x,x,x,x,x,x,Creature Codex,146,,,,,,,,,,,
Anubian,Medium,Elemental,,Chaotic Evil,2,,,,,,,,,,ø,,,,,,ø,,,,Tome of Beasts,24,,,Pattern Dancer,Medium,Humanoid,Elf,Chaotic Evil,2,,x,,,,,,,,,,,,,,x,,x,,Creature Codex,147,,,,,,,,,,,
Anvilwrought Raptor,Tiny,Construct,,Unaligned,1/2,,,,,,v,,,,,x,x,x,,,,,x,,Mythic Odysseys of Theros,209,,,Shadow Fey Poisoner,Medium,Humanoid,Elf,Neutral,11,,,,,,,,,,,,,,,,x,,x,,Creature Codex,148,,,,,,,,,,,
Anzu,Large,Monstrosity,,Neutral,9,,,,,,,,,,x,,x,,x,,,,,,Tome of Beasts 2,26,,,Elophar,Large,Undead,,Chaotic Evil,4,,x,,,,,,x,x,x,x,x,x,x,x,x,x,x,x,Creature Codex,149,,,,,,,,,,,
Apau Perape,Large,Fiend,Demon,Chaotic Evil,6,,x,,,,,,,,,ø,,,,,,,,ø,Tome of Beasts,75,,,Exploding Toad,Tiny,Monstrosity,,Chaotic Evil,1/4,,,,,,,,,,,,,,,x,,,,,Creature Codex,150,,,,,,,,,,,
Apaxrusl,Medium,Construct,,Neutral,3,,,,,,,,,,x,,,,,,,,,,Tome of Beasts 2,27,,,Far Wanderer,Medium,Aberration,,Neutral,3,,,,,,,,,,,,,,,,,,,x,Creature Codex,151,,,,,,,,,,,
Ape,Medium,Beast,,Unaligned,1/2,,,,,,,,,,,x,,,,,,,,,Monster Manual,317,,,Fear Liath,Large,Undead,,Neutral Evil,2,,,,,,,,,,,,,,x,,,,,,Creature Codex,152,,,,,,,,,,,
Aphemia,Medium,Monstrosity,,Chaotic Evil,5,,,,,x,,,,,,,,,,,,,,,Mythic Odysseys of Theros,226,,,Berchta,Medium,Fey,Shapechanger,Lawful Neutral,16,,x,x,x,x,,,,,,x,x,,,,,,x,,Creature Codex,153,,,,,,,,,,,
Apprentice Wizard,Medium,Humanoid,,Any,1/4,,x,,,,,,,,,,,,,,,,x,,Mordenkainen Presents: Monsters of the Multiverse,259,,,Reynard,Medium,Fey,Shapechanger,Chaotic Neutral,12,,,x,x,x,,,,,,x,,,,,,,,,Creature Codex,155,,,,,,,,,,,
Apprentice Wizard,Medium,Humanoid,Any Race,Any,1/4,,x,,,,,,,,,,,,,,,,x,,Volo's Guide to Monsters,209,Waterdeep: Dragon Heist 194,,Fierstjerren,Medium,Undead,,Neutral Evil,5,,,,,,,,x,x,x,x,x,x,x,x,x,x,x,x,Creature Codex,157,,,,,,,,,,,
Arachnid Queen,Huge,Beast,,Unaligned,3,,,,,,,,,,,ø,,ø,,,ø,,,,Monster a Day Compendium 2.0,2,,,Flame Eater Swarm,Medium,Beast,Swarm,Unaligned,2,,,,,,,,,,,,,,,,x,,,,Creature Codex,158,,,,,,,,,,,
Arachnocrat,Medium,Fiend,Devil,Lawful Evil,5,,,,,,,,,,,,,,,,,,,x,Tome of Beasts 2,102,,,Flame-Scourged Scion,Huge,Aberration,,Chaotic Evil,9,,,,,,,,,,,x,,x,,,,,,,Creature Codex,159,,,,,,,,,,,
Aranea,Large,Monstrosity,,Chaotic Evil,3,,,,,,,,,,,x,,,x,x,x,,,,Fifth Edition Foes,13,,,Flesh Reaver,Medium,Undead,,Neutral Evil,1/2,,,,,,,,x,x,x,x,x,x,x,x,x,x,x,x,Creature Codex,160,,,,,,,,,,,
Arasta,Huge,Monstrosity,Mythic,Neutral Evil,21,,,x,x,x,,,,,,x,,,,,,,,,Mythic Odysseys of Theros,248,,,Fleshpod Hornet,Large,Beast,,Unaligned,6,,,,,,,,,,,x,,,,,,,,,Creature Codex,161,,,,,,,,,,,
Arbeyach,Large,Fiend,"Devil, Archdevil",Lawful Neutral,21,,x,x,,x,,,,,,,,,,,,,,ø,Tome of Beasts,95,,,Flying Polyp,Huge,Aberration,,Chaotic Evil,11,,x,,,,,,,,,,,,,,,,,x,Creature Codex,162,,,,,,,,,,,
Arborcyte,Large,Plant,,Chaotic Neutral,8,,,,,,,,,,,x,x,,,,,,,,Creature Codex,40,,,Foxin,Small,Fey,,Neutral,1/2,,,,,,,,,,,x,x,,,,,,x,,Creature Codex,163,,,,,,,,,,,
Arboreal Grappler,Medium,Aberration,,Neutral Evil,3,,,,,,,,,,,ø,,,,ø,,,,,Tome of Beasts,25,,,Fragrite,Medium,Elemental,Shapechanger,Chaotic Neutral,6,,,,,,,,,,x,,,x,,,,,,,Creature Codex,164,,,,,,,,,,,
Arcamag,Tiny,Monstrosity,Shapechanger,Neutral,2,,,,,,,,,,,,,,,,,,x,,Creature Codex,41,,,Fulminar,Large,Elemental,,Neutral,9,,,,,,,,,,,,x,x,x,,,,,,Creature Codex,165,,,,,,,,,,,
Arcanaloth,Medium,Fiend,Yugoloth,Neutral Evil,12,,x,,,,,,,,,,,,,,,,,ø,Monster Manual,313,,,Wirbeln Fungi,Small,Plant,,Lawful Neutral,1,,,,,,,,,,,x,,,,x,x,,,,Creature Codex,166,,,,,,,,,,,
Arcanamite,Small,Monstrosity,,Unaligned,1,,,,,,,,,,,,,,,,ø,,,,Monster a Day Compendium 2.0,3,,,Gargoctopus,Large,Monstrosity,,Neutral,5,,,,,,,,,x,,,,,,,,x,,,Creature Codex,167,,,,,,,,,,,
Arcanaphage,Medium,Monstrosity,,Unaligned,4,,,,,,,,x,x,x,x,x,x,x,x,x,x,x,x,Creature Codex,42,,,Ghast of Leng,Large,Aberration,,Neutral Evil,3,,,,,,,,,,,,,,,,,,,x,Creature Codex,168,,,,,,,,,,,
Arcane Guardian,Medium,Undead,,Neutral Evil,6,,x,,,,,,,,,,,,,,,,ø,,Tome of Beasts,358,,,Elder Ghost Boar,Huge,Monstrosity,,Unaligned,6,,,,,,,,,,,,x,,,,,,,,Creature Codex,169,,,,,,,,,,,
Arcanoplasm,Large,Monstrosity,,Neutral,4,,,,,,,,,,,,,,,,x,,,,Fifth Edition Foes,14,,,Ghost Boar,Large,Monstrosity,,Unaligned,3,,,,,,,,,,,,x,,,,,,,,Creature Codex,169,,,,,,,,,,,
Archaeopteryx,Tiny,Beast,Dinosaur,Unaligned,1/4,,,,,,,,,x,,x,,,,x,,,,,Creature Codex,108,,,Ghost Dragon,Large,Undead,,Any,11,,,,,,,,x,x,x,x,x,x,x,x,x,x,x,x,Creature Codex,170,,,,,,,,,,,
Archaic,Gargantuan,Celestial,,Neutral,18,,x,x,,,,,,,,,,,,,,,,,Strixhaven: A Cirriculum of Chaos,184,,,Ghost Dwarf,Medium,Undead,,Neutral Evil,6,,,,,,,,x,x,x,x,x,x,x,x,x,x,x,x,Creature Codex,171,,,,,,,,,,,
Archdruid,Medium,Humanoid,druid,Any,12,,x,,,,,,,,,x,,,x,x,,x,,,Mordenkainen Presents: Monsters of the Multiverse,48,,,Darakhul High Priestess,Medium,Undead,,Neutral Evil,9,,x,,,,,,,,,,,,,,x,,,,Creature Codex,172,,,,,,,,,,,
Archdruid,Medium,Humanoid,Any Race,Any,12,,x,,,,,,x,x,x,x,x,x,x,x,,x,,,Volo's Guide to Monsters,210,,,Darakhul Shadowmancer,Medium,Undead,,Neutral Evil,4,,x,,,,,,,,,,,,,,x,,,,Creature Codex,173,,,,,,,,,,,
Archduke Zariel of Avernus,Large,Fiend,Devil,Lawful Evil,26,,x,x,,x,,,,,,,,,,,,,,x,Baldur's Gate: Descent into Avernus,243,,,Necrophage Ghast,Medium,Undead,,Chaotic Evil,4,,x,,,,,,,,,,,,,,x,,x,,Creature Codex,175,,,,,,,,,,,
Archer,Medium,Humanoid,Human,Unaligned,1/4,,,,,,,,,,,,,,,,,,ø,,Monster a Day Compendium 2.0,91,,,Tar Ghoul,Medium,Undead,,Neutral Evil,4,,,,,,,,x,x,x,x,x,x,x,x,x,x,x,x,Creature Codex,176,,,,,,,,,,,
Archer,Medium,Humanoid,,Any,3,,,,,,,,,,,x,,,,,,,x,,Mordenkainen Presents: Monsters of the Multiverse,49,,,Ghoulsteed,Large,Undead,,Neutral Evil,3,,,,,,,,,,,,,,,,x,,,,Creature Codex,177,,,,,,,,,,,
Archer,Medium,Humanoid,Any Race,Any,3,,,,,,,,,,,x,,,,,,,x,,Volo's Guide to Monsters,210,Waterdeep: Dungeon of the Mad Mage 311,,Giant Moth,Small,Beast,,Unaligned,1/8,,,,,,,,x,x,x,x,x,x,x,x,x,x,x,x,Creature Codex,178,,,,,,,,,,,
Archlich,Medium,Undead,,Neutral Evil,30,,x,x,x,,,,ø,ø,ø,ø,ø,ø,ø,ø,ø,,ø,ø,Dark Arts Player's Companion,32,,,Giant Rimewing Moth,Small,Beast,,Unaligned,1/4,,,,,,,,x,,,x,,,,,,,,,Creature Codex,178,,,,,,,,,,,
Archmage,Medium,Humanoid,Any Race,Any,12,,x,,,,,,,,,,,,,,,,x,,Monster Manual,342,Infernal Machine Rebuild 51,,Giant Shockwing Moth,Small,Beast,,Unaligned,1,,,,,,,,,,,x,x,,,,,,,,Creature Codex,179,,,,,,,,,,,
Archon of Falling Stars,Medium,Celestial,,Lawful Good,12,,x,x,,x,,,,,,,,,,,,,,,Mythic Odysseys of Theros,212,,,Giant Sootwing Moth,Small,Beast,,Unaligned,1/4,,,,,,,,,,,,x,,x,,,,,,Creature Codex,179,,,,,,,,,,,
Archon of Redemption,Large,Celestial,,Lawful Neutral,10,,x,,,,,,,,,,,,,,,,,ø,Planeshift: Zendikar,22,,,Blood Giant,Huge,Giant,,Lawful Neutral,8,,,,,,,,x,x,x,x,x,x,x,x,x,x,x,x,Creature Codex,180,,,,,,,,,,,
Archon of the Triumvirate,Medium,Celestial,,Lawful Neutral,14,,x,x,,,,,,,,,,,,,,,ø,,Guildmaster's Guide to Ravnica,192,,,Cacus Giant,Huge,Giant,,Chaotic Evil,6,,,,,,,,,,,,,,x,,,,,,Creature Codex,181,,,,,,,,,,,
Arclight Phoenix,Medium,Elemental,,Chaotic Neutral,12,,,,,,,,,,,,,,,,,,ø,ø,Guildmaster's Guide to Ravnica,193,,,Cave Giant,Huge,Giant,,Chaotic Evil,10,,,,,,,,,,,,,,,,x,,,,Creature Codex,182,,,,,,,,,,,
Aribeth de Tylmarande,Medium,Undead,,Neutral Evil,10,,x,,,x,,,,,,,,,,,,,ø,,Minsc and Boo's Journal of Villainy,108,,,Haunted Giant,Huge,Giant,,Chaotic Neutral,6,,,,,,,,,,,,,x,x,,,,,,Creature Codex,183,,,,,,,,,,,
Aridni,Small,Fey,,Neutral Evil,5,,x,,,,,,,,,ø,,ø,,ø,,,,,Tome of Beasts,26,,,Laestrigonian Giant,Large,Giant,,Chaotic Evil,4,,,,,,,,,x,,,,,,,,,,,Creature Codex,184,,,,,,,,,,,
Armanite,Large,Fiend,demon,Chaotic Evil,7,,,,,,,,,,,,,,,,x,,,,Mordenkainen Presents: Monsters of the Multiverse,50,,,Mountain Giant,Gargantuan,Giant,,Neutral Evil,21,,,x,x,,,,,,,,,,x,,,,,,Creature Codex,185,,,,,,,,,,,
Armanite,Medium,Fiend,Demon,Chaotic Evil,7,,,,,,,,,,,,,,,,x,,,ø,Mordenkainen's Tome of Foes,131,,,Void Giant,Huge,Giant,,Chaotic Neutral,11,,x,,,,,,,,,,,,x,,,,,x,Creature Codex,187,,,,,,,,,,,
Armed Skeleton,Medium,Undead,,Lawful Neutral,1,,,,,,,,,,,,,,,,,,ø,,Monster a Day Compendium 2.0,4,,,Gloom Flower,Tiny,Plant,,Unaligned,3,,,,,,,,,,,,,,,,,,,x,Creature Codex,188,,,,,,,,,,,
Armor Sliver,Large,Monstrosity,Sliver,Neutral Evil,3,,,,,,,,,ø,,ø,ø,ø,ø,ø,ø,,,,Monster a Day Compendium 2.0,185,,,Gnoll Slaver,Medium,Humanoid,Gnoll,Chaotic Evil,3,,,,,,,,,,,,x,,,,,,x,,Creature Codex,189,,,,,,,,,,,
Armory Golem,Large,Construct,,Unaligned,7,,,,,,,,,,,,,,,,,,x,,Creature Codex,194,,,Chaos-Spawn Goblin,Small,Humanoid,Goblin,Neutral Evil,1/2,,,,,,,,,,,,,x,,,,,,,Creature Codex,190,,,,,,,,,,,
Arrant Quill,Medium,Humanoid,Human,Neutral Evil,11,,x,,,x,,,,,,,,,,,,,ø,,Candlekeep Mysteries,156,,,Shadow Goblin,Small,Humanoid,Goblin,Neutral Evil,1/2,,,,,,,,,,,,,,,,x,,,,Creature Codex,191,,,,,,,,,,,
Art Elemental Mascot,Small,Elemental,,Neutral,1/4,,,,,,,,,,,,,,,,,,ø,,Strixhaven: A Cirriculum of Chaos,185,,,Alchemical Golem,Large,Construct,,Unaligned,9,,,,,,,,x,x,x,x,x,x,x,x,x,x,x,x,Creature Codex,192,,,,,,,,,,,
Artificer of Yothri,Medium,Aberration,,Chaotic Evil,5,,,,,,,,x,x,x,x,x,x,x,x,x,,x,,Fifth Edition Foes,15,,,Altar Flame Golem,Large,Construct,,Neutral,10,,,,,,,,,,,,,,,,,,x,,Creature Codex,193,,,,,,,,,,,
Artus Cimber,Medium,Humanoid,Human,Neutral Good,7,,,,,x,,,,,,,,,,,,,,,Tomb of Annihilation,212,,,Armory Golem,Large,Construct,,Unaligned,7,,,,,,,,,,,,,,,,,,x,,Creature Codex,194,,,,,,,,,,,
Asanbosam,Large,Aberration,,Chaotic Evil,5,,,,,,,,,ø,,ø,,ø,,ø,,,,,Tome of Beasts,27,,,Bone Golem,Medium,Construct,,Unaligned,7,,,,,,,,x,x,x,x,x,x,x,x,x,x,x,x,Creature Codex,195,,,,,,,,,,,
Ascomoid,Large,Plant,Fungus,Unaligned,3,,x,,,,,,,,,,,,,,x,,,,Fifth Edition Foes,16,,,Bronze Golem,Large,Construct,,Unaligned,3,,,,,,,,x,x,x,x,x,x,x,x,x,x,x,x,Creature Codex,196,,,,,,,,,,,
Ash Drake,Small,Dragon,,Neutral Evil,4,,,,,,,,,,,,,,,,,,ø,,Tome of Beasts,149,,,Doom Golem,Large,Construct,,Unaligned,10,,,,,,,,x,x,x,x,x,x,x,x,x,x,x,x,Creature Codex,197,,,,,,,,,,,
Ash Phoenix,Large,Undead,,Neutral Evil,9,,,,,,,,x,x,x,x,x,x,x,x,x,x,x,,Tome of Beasts 2,28,,,Fractal Golem,Large,Construct,,Unaligned,8,,,,,,,,x,x,x,x,x,x,x,x,x,x,x,x,Creature Codex,198,,,,,,,,,,,
Ashari Firetamer,Medium,Humanoid,any race,Neutral Good,7,,x,,,,,,,,,,,ø,ø,,,,,,Tal'Dorei Campaign Setting Reborn,226,Tal'Dorei Campaign Setting 128,,Keg Golem,Medium,Construct,,Unaligned,3,,,,,,,,,,,,,,x,,x,,x,,Creature Codex,199,,,,,,,,,,,
Ashari Skydancer,Medium,Humanoid,any race,Chaotic Neutral,5,,x,,,,,,,,,,,,ø,,,,,,Tal'Dorei Campaign Setting Reborn,129,Tal'Dorei Campaign Setting 129\,,Glass Golem,Small,Construct,,Unaligned,2,,,,,,,,x,x,x,x,x,x,x,x,x,x,x,x,Creature Codex,200,,,,,,,,,,,
Ashari Stoneguard,Medium,Humanoid,any race,Lawful Neutral,7,,x,,,,,,,,,,,ø,ø,,ø,,,,Tal'Dorei Campaign Setting Reborn,128,Tal'Dorei Campaign Setting 128,,Hair Golem,Small,Construct,,Unaligned,1/4,,,,,,,,x,x,x,x,x,x,x,x,x,x,x,x,Creature Codex,200,,,,,,,,,,,
Ashari Waverider,Medium,Humanoid,any race,Neutral Good,4,,x,,,,,,,ø,,,,,,,,ø,,,Tal'Dorei Campaign Setting Reborn,129,Tal'Dorei Campaign Setting 129\,,Mud Golem,Small,Construct,,Unaligned,1,,,,,,,,x,x,x,x,x,x,x,x,x,x,x,x,Creature Codex,201,,,,,,,,,,,
Ashen Custodian,Medium,Fey,,Neutral,6,,x,,,,,,,,,x,,,,,,,,,Tome of Beasts 2,29,,,Wood Golem,Medium,Construct,,Unaligned,3,,,,,,,,x,x,x,x,x,x,x,x,x,x,x,x,Creature Codex,201,,,,,,,,,,,
Ashen Rider,Medium,Celestial,,Lawful Evil,16,,x,x,,,,,,,,,,,,,,,,x,Mythic Odysseys of Theros,213,,,Lotus Golem,Large,Construct,,Unaligned,9,,,,,,,,x,x,x,x,x,x,x,x,x,x,x,x,Creature Codex,202,,,,,,,,,,,
Aspect of Bahamut,Gargantuan,Dragon,Metallic,Lawful Good,30,,,x,,x,,,ø,ø,ø,ø,ø,ø,ø,ø,ø,,ø,,Fizban's Treasury of Dragons,164,,,Manastorm Golem,Medium,Construct,,Unaligned,8,,,,,,,,x,x,x,x,x,x,x,x,x,x,x,x,Creature Codex,203,,,,,,,,,,,
Aspect of Tiamat,Gargantuan,Dragon,Chromatic,Chaotic Evil,30,,,x,,x,,,ø,ø,ø,ø,ø,ø,ø,ø,ø,,,,Fizban's Treasury of Dragons,166,,,Paper Golem,Tiny,Construct,,Unaligned,1/4,,,,,,,,,,,,,,,,,,x,,Creature Codex,204,,,,,,,,,,,
Assassin,Medium,Humanoid,Any Race,Any Non-Good,8,,,,,,,,,,,,,,,,,,x,,Monster Manual,343,"Infernal Machine Rebuild 51, Rise of Tiamat Online Supplement 7",,Paper Golem Swarm,Medium,Construct,Swarm,Unaligned,3,,,,,,,,,,,,,,,,,,x,,Creature Codex,204,,,,,,,,,,,
Assassin Bug,Medium,Beast,,Unaligned,5,,,,,,,,,,,x,,x,,x,,,,,Fifth Edition Foes,170,,,War Machine Golem,Gargantuan,Construct,,Unaligned,18,,,,,,,,x,x,x,x,x,x,x,x,x,x,x,x,Creature Codex,205,,,,,,,,,,,
Assassin Bug,Medium,Monstrosity,,Neutral,3,,,,,,,,ø,ø,ø,ø,ø,ø,ø,ø,ø,,,,Mordenkainen's Fiendish Folio vol. 1,4,,,Goliath Longlegs,Gargantuan,Monstrosity,,Unaligned,7,,,,,,,,,,,x,,,,,,,,,Creature Codex,206,,,,,,,,,,,
Assassin Vine,Large,Plant,,Unaligned,3,,,,,,,,,,,ø,,,,,,,,,Tomb of Annihilation,213,Ghosts of Saltmarsh 230,,Goreling,Small,Undead,,Unaligned,1/4,,,,,,,,x,x,x,x,x,x,x,x,x,x,x,x,Creature Codex,207,,,,,,,,,,,
Astral Blight,Medium,Plant,,Unaligned,1,,,,,,,,,,,,,,,,,,,,Light of Xaryxis,10,,,Grave Behemoth,Huge,Undead,,Neutral Evil,10,,,,,,,,x,x,x,x,x,x,x,x,x,x,x,x,Creature Codex,208,,,,,,,,,,,
Astral Devourer,Medium,Aberration,Swarm,Chaotic Evil,8,,,,,,,,,,,,,x,,,,,,x,Tome of Beasts 2,30,,,Green Knight of the Woods,Medium,Fey,,Lawful Neutral,6,,,,,,,,,,,x,,,,,,,,,Creature Codex,209,,,,,,,,,,,
Astral Dreadnought,Gargantuan,Monstrosity,titan,Unaligned,21,,,x,,,,,,,,,,,,,,,,ø,Mordenkainen Presents: Monsters of the Multiverse,51,,,Grindylow,Medium,Aberration,,Chaotic Evil,1,,,,,,,,,,,,,,,,,x,,,Creature Codex,210,,,,,,,,,,,
Astral Dreadnought,Gargantuan,Monstrosity,Titan,Unaligned,21,,,x,,,,,,,,,,,,,,,,ø,Mordenkainen's Tome of Foes,117,,,Gugalanna,Huge,Celestial,,Chaotic Good,21,,,x,,,,,,,,,,,,,,,,x,Creature Codex,211,,,,,,,,,,,
Astral Elf Aristocrat,Medium,Humanoid,Wizard,Any,8,,x,,,,,,,,,,,,,,,,,,Boo's Astral Menagerie,11,,,Gulon,Large,Monstrosity,,Unaligned,6,,,,,,,,,,,x,,,,,,,,,Creature Codex,212,,,,,,,,,,,
Astral Elf Commander,Medium,Humanoid,,Any,7,,x,,,,,,,,,,,,,,,,,,Boo's Astral Menagerie,12,,,Gumienniki,Small,Fiend,Shapechanger,Neutral Evil,1,,,,,,,,,,,,,,,,,,,x,Creature Codex,213,,,,,,,,,,,
Astral Elf Honor Guard,Medium,Humanoid,,Any,5,,,,,,,,,,,,,,,,,,,,Boo's Astral Menagerie,12,,,Snow Hag,Medium,Fey,,Neutral Evil,3,,x,,,,,,x,,,,,,,,,,,,Creature Codex,214,,,,,,,,,,,
Astral Elf Star Priest,Medium,Humanoid,Cleric,Any,4,,x,,,,,,,,,,,,,,,,,,Boo's Astral Menagerie,13,,,Herald of Fire,Large,Dragon,,Lawful Evil,12,,,x,,,,,x,x,x,x,x,x,x,x,x,x,x,x,Creature Codex,215,,,,,,,,,,,
Astral Elf Warrior,Medium,Humanoid,,Any,3,,,,,,,,,,,,,,,,,,,,Boo's Astral Menagerie,13,,,Herald of the Great Wyrm,Large,Dragon,,Lawful Neutral,15,,,x,,,,,x,x,x,x,x,x,x,x,x,x,x,x,Creature Codex,217,,,,,,,,,,,
Astral Moth,Large,Monstrosity,,Any Neutral,1/8,,,,,,,,x,x,x,x,x,x,x,x,x,,x,,Fifth Edition Foes,18,,,Herald of Undeath,Large,Undead,,Lawful Evil,11,,,,,,,,,,,,x,,,,,,x,,Creature Codex,219,,,,,,,,,,,
Astral Shark,Large,Fiend,,Neutral,5,,,,,,,,,,,,,,,,,,,x,Fifth Edition Foes,19,,,Horned Serpent,Large,Monstrosity,,Unaligned,12,,,,,,,,,,,x,x,,,x,,,,,Creature Codex,220,,,,,,,,,,,
Astral Snapper,Medium,Aberration,,Neutral Evil,3,,,,,,,,,,,,x,,,,,,x,,Creature Codex,43,,,Hound of Tindalos,Medium,Aberration,,Neutral Evil,8,,,,,,,,,,,,,,,,,,,x,Creature Codex,221,,,,,,,,,,,
Astri,Small,Celestial,,Chaotic Good,8,,x,,,,,,,,x,,,x,x,,,,,,Tome of Beasts 2,31,,,Gaki,Medium,Undead,,Chaotic Evil,8,,,,,,,,x,x,x,x,x,x,x,x,x,x,x,x,Creature Codex,222,,,,,,,,,,,
Astropal,Huge,Undead,Titan,Neutral Evil,13,,,x,,,,,,,,,,,,,,,ø,ø,Tomb of Annihilation,214,,,Preta,Medium,Undead,,Neutral Evil,3,,,,,,,,x,x,x,x,x,x,x,x,x,x,x,x,Creature Codex,223,,,,,,,,,,,
Athar Null,Small or Medium,Humanoid,,Any,5,,,,,,,,,,,,,,,,,,,x,Morte's Planar Parade,53,,,Ichneumon,Large,Monstrosity,,Unaligned,11,,,,,,,,,,,,,x,x,,x,,,,Creature Codex,224,,,,,,,,,,,
Atterroppe,Tiny,Fey,,Chaotic Evil,1/2,,x,,,,,,,,,x,x,,,x,,,,,Tome of Beasts 2,32,,,Ijiraq,Medium,Fey,,Chaotic Neutral,7,,,,,,,,,,,,,x,,,,,,,Creature Codex,225,,,,,,,,,,,
August Rooster,Medium,Monstrosity,,Neutral Evil,4,,x,,,,,,,,,,x,,,,,,x,,Tome of Beasts 2,33,,,Incinis,Large,Elemental,,Neutral Evil,10,,,,,,,,,,,,,,x,,,,,,Creature Codex,226,,,,,,,,,,,
Aurak Draconian,Medium,Monstrosity,Sorcerer,Lawful Evil,6,,x,,,,,,,,,,,,,,,,,,Dragonlance: Shadow of the Dragon Queen,196,,,Inkling,Tiny,Construct,,Unaligned,1/4,,x,,,,,,,,,,,,,,,,x,,Creature Codex,227,,,,,,,,,,,
Aurelia,Medium,Celestial,Angel,Lawful Good,23,,,x,,x,,,,,,,,,,,,,ø,ø,Guildmaster's Guide to Ravnica,230,,,Iron Sphere,Small,Construct,,Unaligned,5,,,,,,,,,,,,,,,,,,x,,Creature Codex,228,,,,,,,,,,,
Auril (First Form),Medium,Monstrosity,,Neutral Evil,9,,x,x,x,x,,,x,,,,,,,,,,,,Icewind Dale: Rime of the Frostmaiden,275,,,Jaanavar Jal,Huge,Monstrosity,,Unaligned,7,,,,,,,,,,,x,,,,,,,,,Creature Codex,229,,,,,,,,,,,
Auril (Second Form),Large,Elemental,,Neutral Evil,10,,,x,x,x,,,x,,,,,,,,,,,,Icewind Dale: Rime of the Frostmaiden,277,,,Jiangshi,Medium,Undead,,Chaotic Evil,6,,,,,,,,,,,,x,,,,,,x,,Creature Codex,230,,,,,,,,,,,
Auril (Third Form),Small,Elemental,,Neutral Evil,11,,,x,x,x,,,x,,,,,,,,,,,,Icewind Dale: Rime of the Frostmaiden,278,,,Jinmenju,Huge,Plant,,Chaotic Neutral,9,,,x,x,,,,,,,x,,,,,,,,,Creature Codex,231,,,,,,,,,,,
Aurochs,Large,Beast,cattle,Unaligned,2,,,,,,,,,,,,x,x,x,,,,,,Mordenkainen Presents: Monsters of the Multiverse,71,Volo's Guide to Monsters 207,,Kallikantzaros,Small,Fey,,Chaotic Evil,2,,,,,,,,,,,,,,,,x,,,,Creature Codex,233,,,,,,,,,,,
Aurora Horribilis,Large,Aberration,,Chaotic Neutral,9,,,,,,,,x,,,,,,,,,,,,Tome of Beasts 2,34,,,Kappa,Small,Fey,,Chaotic Neutral or Chaotic Evil,2,,,,,,,,,,,x,,,,x,,x,,,Creature Codex,234,,,,,,,,,,,
Aurumach Rilmani,Large,Celestial,,Neutral,17,,x,,,,,,,,,,,,,,,,,x,Morte's Planar Parade,43,,,Karakura,Medium,Fiend,Shapechanger,Neutral Evil,5,,,,,,,,,,,,,,,,,,,x,Creature Codex,235,,,,,,,,,,,
Aurumvorax,Small,Monstrosity,,Unaligned,5,,,,,,,,,x,,x,x,x,,,,,,,Fifth Edition Foes,20,,,Kitsune,Small,Fey,Shapechanger,Chaotic Neutral,2,,x,,,,,,,,,,x,,,,,,x,,Creature Codex,236,,,,,,,,,,,
Aurumvorax,Small,Monstrosity,,Unaligned,2,,,,,,,,,,,,,,,,,,,,Journeys Through the Radiant Citadel,105,,,Elite Kobold,Small,Humanoid,Kobold,Lawful Neutral,1,,,,,,,,,,,,,,,,x,,x,,Creature Codex,237,,,,,,,,,,,
Aurumvorax Den Leader,Medium,Monstrosity,,Unaligned,4,,,,,,,,,,,,,,,,,,,,Journeys Through the Radiant Citadel,105,,,Junk Shaman,Small,Humanoid,Kobold,Lawful Neutral,2,,,,,,,,,,,,,,,,x,,x,,Creature Codex,238,,,,,,,,,,,
Auspicia Dran,Medium,Humanoid,Half-Elf,Neutral Good,2,,x,,,x,,,,,,,,,,,,,ø,,Acquisitions Incorporated,208,,,King Kobold,Small,Humanoid,Kobold,Lawful Neutral,6,,x,,,,,,,,,,,,,,x,,x,,Creature Codex,239,,,,,,,,,,,
Autognome,Small,Construct,,Any,2,,,,,,,,,,,,,,,,,,,,Boo's Astral Menagerie,14,,,Swolbold,Medium,Humanoid,Kobold,Chaotic Neutral,3,,,,,,,,,,,,,,,,x,,x,,Creature Codex,240,,,,,,,,,,,
Automata,Large,Fiend,Devil,Lawful Neutral,10,,x,,,,,,,,,,,,,,,,,ø,Tome of Beasts,102,,,Wizard Kobold,Small,Humanoid,Kobold,Lawful Neutral,5,,x,,,,,,,,,,,,,,x,,x,,Creature Codex,241,,,,,,,,,,,
Autumn Eladrin,Medium,Fey,elf,Chaotic Neutral,10,,x,,,,,,,,,x,,,,,,,,,Mordenkainen Presents: Monsters of the Multiverse,115,,,Korrigan,Small,Fey,,Chaotic Neutral,3,,x,,,,,,,,,x,,,,,,,,,Creature Codex,242,,,,,,,,,,,
Autumn Eladrin,Medium,Fey,Elf,Chaotic Neutral,10,,x,,,,,,,,,x,,,,,,,,,Mordenkainen's Tome of Foes,195,,,Kryt,Medium,Humanoid,Kryt,NeutralEvil,5,,,,,,,,,,,x,,x,x,,,,,,Creature Codex,243,,,,,,,,,,,
Avalanche Screamer,Large,Aberration,,Chaotic Evil,7,,,,,,,,x,,,,,,x,,,,,,Tome of Beasts 2,35,,,Kulmking,Large,Undead,,Chaotic Evil,9,,,,,,,,,,,x,x,,,,,,,,Creature Codex,244,,,,,,,,,,,
Avarice,Medium,Humanoid,Tiefling,Lawful Evil,7,,x,,,x,,,,,,,,,,,,,,,Icewind Dale: Rime of the Frostmaiden,270,,,Kuunganisha,Small,Fiend,,Any Evil,2,,,,,,v,,x,x,x,x,x,x,x,x,x,x,x,x,Creature Codex,245,,,,,,,,,,,
Avassh,Medium,Aberration,,Neutral Evil,22,,,x,x,x,,,,,,,,,,,,,,,DM's Guild: Chronicles of Eberron,176,,,Lady in White,Medium,Undead,,Any,2,,,,,,,,x,x,x,x,x,x,x,x,x,x,x,x,Creature Codex,246,,,,,,,,,,,
Avatar of Atlach-Nacha,Huge,Aberration,proxy,Neutral Evil,22,,x,x,,,,,,,,,,,,,,,,,Sandy Petersen's Cthulhu Mythos,170,,,Lamassu,Large,Celestial,,Lawful Good,10,,x,x,,,,,,,x,,,x,,,,,,,Creature Codex,247,,,,,,,,,,,
Avatar of Bokrug,Large,Monstrosity,proxy,Chaotic Neutral,19,,x,x,,,,,,,,,,,,,,,,,Sandy Petersen's Cthulhu Mythos,177,,,Serpentine Lamia,Medium,Monstrosity,,Neutral Evil,1,,,,,,,,,,,x,,,x,,,,x,,Creature Codex,248,,,,,,,,,,,
Avatar of Boreas,Medium,Elemental,,Chaotic Evil,17,,x,x,,x,,,ø,,,,,,ø,,,,,,Tome of Beasts,42,,,Matriarch Serpentine Lamia,Large,Monstrosity,,Neutral Evil,5,,x,,,,,,,,,x,,,x,,,,x,,Creature Codex,249,,,,,,,,,,,
Avatar of Byatis,Huge,Aberration,proxy,Chaotic Evil,20,,x,x,,,,,,,,,,,,,,,,,Sandy Petersen's Cthulhu Mythos,180,,,Leonino,Tiny,Beast,,Unaligned,1/8,,,,,,v,,,x,,x,,,,,,,x,,Creature Codex,250,,,,,,,,,,,
Avatar of Chaugnar Faugn,Large,Monstrosity,,Chaotic Evil,19,,x,x,,,,,,,,,,,,,,,,,Sandy Petersen's Cthulhu Mythos,182,,,Hierophant Lich,Medium,Undead,,Any Evil,9,,x,x,x,,,,x,x,x,x,x,x,x,x,x,x,x,x,Creature Codex,252,,,,,,,,,,,
Avatar of Shoth,Gargantuan,Aberration,Shoth,Lawful Neutral,21,,x,x,x,x,,,,,,,,,,,,,,x,Creature Codex,331,,,Pact Lich,Medium,Undead,,Any Evil,15,,x,x,x,,,,x,x,x,x,x,x,x,x,x,x,x,x,Creature Codex,254,,,,,,,,,,,
Avatar of Tsathoggua,Huge,Aberration,proxy,Chaotic Evil,18,,x,x,,,,,,,,,,,,,,,,,Sandy Petersen's Cthulhu Mythos,261,,,Living Shade,Medium,Fey,,Neutral,1/4,,,,,,v,,x,x,x,x,x,x,x,x,x,x,x,x,Creature Codex,255,,,,,,,,,,,
Avatar of Yig,Huge,Aberration,proxy,Chaotic Neutral,21,,x,x,,,,,,,,,,,,,,,,,Sandy Petersen's Cthulhu Mythos,271,,,Living Star,Huge,Celestial,,Any,19,,,,,,,,x,x,x,x,x,x,x,x,x,x,x,x,Creature Codex,256,,,,,,,,,,,
Aviere,Tiny,Celestial,,Any Good,1/2,,,,,,v,,,,,,,,,,,,,x,Tome of Beasts 2,36,,,Lou Carcolh,Medium,Monstrosity,,Unaligned,2,,,,,,,,,,,,,,,x,,,,,Creature Codex,257,,,,,,,,,,,
Avoral Guardinal,Medium,Celestial,,Neutral Good,9,,x,,,,,,,,,,,,,,,,,x,Morte's Planar Parade,32,,,Werebat,Medium,Humanoid,"Human, Shapechanger",Lawful Evil,3,,,,,,,,,,,,,,,,,,x,,Creature Codex,258,,,,,,,,,,,
Avulzor,Large,Aberration,,Lawful Evil,8,,,,,,,,x,x,x,x,x,x,x,x,x,x,x,x,Tome of Beasts 2,37,,,Werehyena,Medium,Humanoid,"Gnoll, Shapechanger",Chaotic Evil,3,,,,,,,,,,,,x,,,,,,x,,Creature Codex,259,,,,,,,,,,,
Awakened Shrub,Small,Plant,,Unaligned,0,,,,,,,,,,,x,,,,,,,,,Monster Manual,317,,,Mandrake,Tiny,Plant,,Unaligned,1/2,,,,,,,,,,,,,,,,,,x,,Creature Codex,260,,,,,,,,,,,
Awakened Tree,Huge,Plant,,Unaligned,2,,,,,,,,,,,x,,,,,,,,,Monster Manual,317,Rise of Tiamat Online Supplement 8,,"Mandrake, Great",Tiny,Plant,,Unaligned,1,,,,,,,,,,,,,,,,,,x,,Creature Codex,260,,,,,,,,,,,
Awakened Zurkhwood,Huge,Plant,,Unaligned,2,,,,,,,,,,,ø,,,,,,,,,Out of the Abyss,230,,,Ancient Mandriano,Huge,Plant,,Lawful Evil,8,,,,,,,,,,,x,,x,,,,,,,Creature Codex,261,,,,,,,,,,,
Axe Beak,Large,Beast,,Unaligned,1/4,,,,,,,,,,,,x,x,,,,,,,Monster Manual,317,,,Mandriano,Large,Plant,,Lawful Evil,5,,,,,,,,,,,x,,x,,,,,,,Creature Codex,261,,,,,,,,,,,
Ayik Ur,Medium,Humanoid,"Sidekick, Human",Neutral Good,1,,,,,x,,,,,,,,,,,,,,,Dragonlance: Shadow of the Dragon Queen,211,,,Mantik,Huge,Monstrosity,,Lawful Evil,9,,,x,,x,,,,,,,,x,,,,,,,Creature Codex,262,,,,,,,,,,,
Ayo Jabe (Tier 1),Medium,Humanoid,"Ranger, Water Genasi",Chaotic Good,3,,x,,,,,,,,,,,,,,,,,,Critical Role: Call of the Netherdeep,188,,,Mantik's Barbed,Small,Humanoid,Kobold,Lawful Evil,1,,,,,,,,,,,,,x,,,,,,,Creature Codex,263,,,,,,,,,,,
Ayo Jabe (Tier 2),Medium,Humanoid,"Ranger, Water Genasi",Chaotic Good,5,,x,,,,,,,,,,,,,,,,,,Critical Role: Call of the Netherdeep,190,,,Master of Demon Mountain,Medium,Humanoid,Tiefling,Lawful Evil,17,,x,x,,x,,,,,,,,,x,,,,,,Creature Codex,264,,,,,,,,,,,
Ayo Jabe (Tier 3),Medium,Humanoid,"Ranger, Water Genasi",Chaotic Good,8,,x,,,,,,,,,,,,,,,,,,Critical Role: Call of the Netherdeep,192,,,Megapede,Large,Monstrosity,,Unaligned,3,,,,,,,,,,,,,,x,,x,,,,Creature Codex,266,,,,,,,,,,,
Azbara Jos,Medium,Humanoid,Human,Lawful Neutral,4,,x,,,x,,,,,,,,,,,,,,,Hoard of the Dragon Queen,88,,,Labyrinth Keeper,Large,Monstrosity,,Chaotic Evil,5,,x,,,,,,,,,,,,,,x,,,,Creature Codex,267,,,,,,,,,,,
Azeban,Medium,Fey,,Chaotic Neutral,4,,x,,,,,,,,,x,,,,,,,,,Creature Codex,44,,,Moon Priestess,Large,Monstrosity,,Chaotic Evil,7,,x,,,,,,,,,,,,,,x,,,,Creature Codex,267,,,,,,,,,,,
Azer,Medium,Elemental,,Lawful Neutral,2,,,,,,,,,,,,,,,,,,,ø,Monster Manual,22,,,Lost Minotaur,Large,Undead,,Neutral Evil,8,,,,,,,,,,,,,,,,x,,,,Creature Codex,268,,,,,,,,,,,
Azi Dahaka,Huge,Dragon,,Chaotic Evil,14,,,x,,x,,,,,,,,,,,,,,,Creature Codex,45,,,Moon Nymph,Medium,Aberration,,Chaotic Neural,8,,,,,,,,,,,,x,,,,,,x,,Creature Codex,269,,,,,,,,,,,
Azure Enchanter,Medium,Humanoid,Any Race,Any,7,,x,,,,,,,,,,,,,,,,ø,,Monster a Day Compendium 2.0,5,,,Morko,Small,Fey,,Chaotic Evil,1/4,,,,,,,,,,,,x,,,,,,,,Creature Codex,270,,,,,,,,,,,
Azure Mind Sculptor,Medium,Humanoid,Any Race,Any,10,,x,,,,,,,,,,,,,,,,ø,,Monster a Day Compendium 2.0,5,,,Mytholabe,Large,Construct,,Unaligned,9,,x,,,,,,x,x,x,x,x,x,x,x,x,x,x,x,Creature Codex,271,,,,,,,,,,,
Azza Gremlin,Small,Fey,,Neutral,1/4,,,,,,,,,,,,,,,,,,,ø,Tome of Beasts,28,,,Nachzehrer,Medium,Undead,,Chaotic Evil,8,,,,,,,,x,x,x,x,x,x,x,x,x,x,x,x,Creature Codex,272,,,,,,,,,,,
B'rohg,Huge,Giant,,Any,6,,,,,,,,,,,,,,,,,,,,Boo's Astral Menagerie,16,,,Moonchild Naga,Large,Monstrosity,,Neutral Evil,6,,x,,,,,,x,x,x,x,x,x,x,x,x,x,x,x,Creature Codex,273,,,,,,,,,,,
Baalzebul,Huge,Fiend,Devil,Lawful Evil,26,,x,x,x,x,,,,,,,,,,,,,,x,Minsc and Boo's Journal of Villainy,92,,,Nalusa Falaya,Medium,Aberration,,Neutral Evil,1/2,,,,,,,,,,,,x,,,,,,x,,Creature Codex,274,,,,,,,,,,,
Baaz Draconian,Medium,Monstrosity,,Lawful Evil,1/2,,,,,,,,,,,,,,,,,,,,Dragonlance: Shadow of the Dragon Queen,197,,,Necrotic Tick,Tiny,Beast,,Unaligned,1/4,,,,,,,,x,x,x,x,x,x,x,x,x,x,x,x,Creature Codex,275,,,,,,,,,,,
Baba Lysaga,Medium,Humanoid,"Human, Shapechanger",Chaotic Evil,11,,x,,,x,,,,,,ø,,,,ø,,,,,Curse of Strahd,228,,,Nian,Large,Monstrosity,,Chaotic Neutral,4,,,,,,,,,,,,,,x,,,,,,Creature Codex,276,,,,,,,,,,,
Baba Lysaga's Creeping Hut,Gargantuan,Construct,,Unaligned,11,,,,,x,,,,,,ø,,,,ø,,,,,Curse of Strahd,226,,,Nightgaunt,Large,Aberration,,Lawful Evil,10,,,,,,,,,,,,,,,,,,,x,Creature Codex,277,,,,,,,,,,,
Baba Yaga,Medium,Fey,,Chaotic Neutral,20,,x,x,,x,,,,,,,,,,,,,,,Creature Codex,46,,,Ningyo,Small,Aberration,,Neutral Evil,7,,,,,,,,,,,,,,,,,x,,,Creature Codex,278,,,,,,,,,,,
"Baba Yaga’s Horsemen, Base",Medium,Fey,,Lawful Neutral,11,,x,,,x,,,ø,,ø,,,ø,ø,,,,,,Tome of Beasts,30,,,Tusked Crimson Ogre,Large,Giant,,Chaotic Evil,5,,,,,,,,,,,,x,x,,,,,,,Creature Codex,279,,,,,,,,,,,
Babau,Medium,Fiend,demon,Chaotic Evil,4,,x,,,,,,,,,,,,,,x,,x,,Mordenkainen Presents: Monsters of the Multiverse,52,,,Oliphaunt,Gargantuan,Beast,,Unaligned,8,,,,,,,,x,,,,x,,,,,,,,Creature Codex,280,,,,,,,,,,,
Babau,Medium,Fiend,Demon,Chaotic Evil,4,,x,,,,,,,,,,,,,,x,,x,,Volo's Guide to Monsters,136,,,Alchemical Apprentice,Small,Ooze,,Unaligned,1,,,,,,,,,,,,,,,,,,x,,Creature Codex,281,,,,,,,,,,,
Baboon,Small,Beast,,Unaligned,0,,,,,,,,,,,x,,x,,,,,,,Monster Manual,318,,,Blood Ooze,Large,Ooze,,Unaligned,6,,,,,,,,,,,,,,,,x,,x,,Creature Codex,282,,,,,,,,,,,
Baby Tanglewyrm,Large,Beast,Wyrm,Unaligned,6,,,,,,,,,,,,,,ø,,ø,,,,Monster a Day Compendium 2.0,200,,,Foxfire Ooze,Large,Ooze,,Unaligned,10,,,,,,,,,,,x,x,,,x,,,,,Creature Codex,283,,,,,,,,,,,
Badger,Tiny,Beast,,Unaligned,0,,,,,,,,,,,x,,,,,,,,,Monster Manual,318,,,Giant Shark Bowl,Huge,Ooze,,Unaligned,8,,,,,,,,,,,,,,,,x,,x,,Creature Codex,284,,,,,,,,,,,
Bael,Large,Fiend,devil,Lawful Evil,19,,x,x,,x,,,,,,,,,,,,,,ø,Mordenkainen Presents: Monsters of the Multiverse,54,,,Ink Guardian,Large,Ooze,,Unaligned,4,,,,,,,,,,,,,,,,,,x,,Creature Codex,285,,,,,,,,,,,
Bael,Large,Fiend,"Devil, Archdevil",Lawful Neutral,19,,x,x,,x,,,,,,,,,,,,,,ø,Mordenkainen's Tome of Foes,170,,,Ruby Ooze,Medium,Ooze,,Unaligned,6,,,,,,,,,,,,,,,,x,,,,Creature Codex,286,,,,,,,,,,,
Baernaloth,Large,Fiend,Yugoloth,Neutral Evil,17,,x,x,x,,,,,,,,,,,,,,,x,Morte's Planar Parade,20,,,Shadow Ooze,Medium,Ooze,,Unaligned,3,,,,,,,,,,,,,,,,,,x,,Creature Codex,287,,,,,,,,,,,
Bag Jelly,Medium,Ooze,,Unaligned,1,,,,,,,,,,,,,,,,,,,,Bigby Presents: Glory of the Giants,120,,,Suppurating Ooze,Medium,Ooze,,Unaligned,1,,,,,,,,,,,,,,,,x,,x,,Creature Codex,288,,,,,,,,,,,
Bagiennik,Medium,Aberration,,Chaotic Neutral,3,,,,,,,,,,,ø,,,,ø,,,,,Tome of Beasts,31,,,Black Sun orc,Medium,Humanoid,Orc,Chaotic Evil,2,,,,,,,,,,,,,,x,,x,,,,Creature Codex,289,,,,,,,,,,,
Bak Mei,Medium,Humanoid,Human,Lawful Evil,13,,,x,,x,,,,,,ø,,,,,,,ø,,Candlekeep Mysteries,168,,,Black Sun Priestess,Medium,Humanoid,Orc,Chaotic Evil,3,,x,,,,,,,,,,,,x,,x,,,,Creature Codex,290,,,,,,,,,,,
Bakunawa,Gargantuan,Dragon,,Neutral,12,,,x,,,,,,,,,,,,,,,,,Journeys Through the Radiant Citadel,147,,,Green Abyss Orc,Medium,Humanoid,Orc,Chaotic Evil,1/2,,,,,,,,,,,x,,,,,,,,,Creature Codex,291,,,,,,,,,,,
Balhannoth,Large,Aberration,,Chaotic Evil,11,,,x,x,,,,,x,,,,,x,,x,,,,Mordenkainen Presents: Monsters of the Multiverse,55,Mordenkainen's Tome of Foes 119,,Orthrus,Medium,Monstrosity,,Lawful Neutral,3,,,,,,,,,,,,,,,,,,x,,Creature Codex,292,,,,,,,,,,,
Baliri,Medium,Fiend,Demon,Chaotic Evil,14,,,,,,,,,,,,,,,,,,,x,Tome of Beasts 2,93,,,Ouroboros,Huge,Dragon,,Neutral,6,,,x,,,,,x,x,x,x,x,x,x,x,x,x,x,x,Creature Codex,293,,,,,,,,,,,
Balloon Spider,Medium,Beast,,Unaligned,1,,,,,,,,,,,x,,x,x,,,,,,Tome of Beasts 2,387,,,Pech,Small,Elemental,,Neutral Good,2,,,,,,,,,,,,,,x,,x,,,,Creature Codex,294,,,,,,,,,,,
Balor,Huge,Fiend,Demon,Chaotic Evil,19,,,,,,,,,,,,,,,,,,,ø,Monster Manual,55,Infernal Machine Rebuild 60,,Pech Lithlord,Small,Elemental,,Neutral Good,7,,x,,,,,,,,,,,,x,,x,,,,Creature Codex,295,,,,,,,,,,,
Banderbobb,Large,Monstrosity,,Neutral Evil,5,,,,,,,,,,,,,,,,,,x,,Volo's Guide to Monsters,122,,,Pech Stonemaster,Small,Elemental,,Neutral Good,4,,x,,,,,,,,,,,,x,,x,,,,Creature Codex,295,.,,,,,,,,,,
Banderhobb,Large,Monstrosity,,Neutral Evil,5,,,,,,,,,,,,,,,,,,x,,Mordenkainen Presents: Monsters of the Multiverse,56,,,Phantom,Medium,Undead,,Any,1,,,,,,,,x,x,x,x,x,x,x,x,x,x,x,x,Creature Codex,296,,,,,,,,,,,
Bandit,Medium,Humanoid,Any Race,Any Non-Lawful,1/8,,,,,,,,x,x,x,x,,x,,,,x,,,Monster Manual,343,,,Philosopher's Ghost,Medium,Ooze,,Unaligned,4,,,,,,,,,,,,,,,,,,x,,Creature Codex,297,,,,,,,,,,,
Bandit Captain,Medium,Humanoid,Any Race,Any Non-Lawful,2,,,,,,,,x,x,x,x,,x,,,,x,,,Monster Manual,344,Infernal Machine Rebuild 52,,Piasa,Large,Dragon,,Unaligned,6,,,,,,,,,,,x,,,,,,,,,Creature Codex,298,,,,,,,,,,,
Bandit Lord,Medium,Humanoid,,Any Non-Lawful,4,,,,,,,,,,,,,,,,,,ø,,Tome of Beasts,418,,,Pillar of the Lost Magocracy,Huge,Construct,,Chaotic Neutral,4,,,,,,,,,,,,,x,,,,,,,Creature Codex,299,,,,,,,,,,,
Baneling,Small,Fiend,Demon,Chaotic Evil,1/2,,,,,,,,,,,,,,,,,,,ø,Monster a Day Compendium 2.0,6,,,Pixiu,Large,Monstrosity,,Unaligned,6,,,,,,,,,,,,,,x,,x,,,,Creature Codex,300,,,,,,,,,,,
Banshee,Medium,Undead,,Chaotic Evil,4,,,,,,,,,x,,x,,,,,,,,,Monster Manual,23,,,Alabaster Tree,Huge,Celestial,,Neutral Good,7,,,,,,,,x,x,x,x,x,x,x,x,x,x,x,x,Creature Codex,302,,,,,,,,,,,
Baphomet,Huge,Fiend,demon,Chaotic Evil,23,,x,x,x,,,,,,,,,,,,,,,ø,Mordenkainen Presents: Monsters of the Multiverse,58,,,Devil Bough,Huge,Fiend,,Neutral Evil,6,,,,,,,,x,x,x,x,x,x,x,x,x,x,x,x,Creature Codex,302,,,,,,,,,,,
Baphomet,Huge,Fiend,"Demon, Demon Lord",Chaotic Evil,23,,x,x,x,x,,,,,,,,,,,,,,ø,Mordenkainen's Tome of Foes,143,"Baldur's Gate: Descent into Avernus 229, Out of the Abyss 235",,Ecstatic Bloom,Huge,Celestial,,Neutral Good,11,,,,,,,,x,x,x,x,x,x,x,x,x,x,x,x,Creature Codex,303,,,,,,,,,,,
Bar Brawl,Huge,Humanoid,Swarm,Unaligned,3,,,,,,,,,,,,,,,,,,x,,Creature Codex,48,,,Execrable Shrub,Medium,Fiend,,Neutral Evil,1/2,,,,,,,,x,x,x,x,x,x,x,x,x,x,x,x,Creature Codex,305,,,,,,,,,,,
Barbatos,Medium,Humanoid,Human,Neutral Evil,6,,x,,,x,,,,,,,,,,,,,,,Infernal Machine Rebuild,52,,,Hallowed Reed,Medium,Celestial,,Neutral Good,1/2,,,,,,,,x,x,x,x,x,x,x,x,x,x,x,x,Creature Codex,305,,,,,,,,,,,
Barbed Devil,Medium,Fiend,Devil,Lawful Neutral,5,,,,,,,,,,,,,,,,,,,ø,Monster Manual,70,Rise of Tiamat Online Supplement 8,,Thorned Sulfurlord,Huge,Fiend,,Chaotic Evil,11,,,,,,,,x,x,x,x,x,x,x,x,x,x,x,x,Creature Codex,306,,,,,,,,,,,
Bard,Medium,Humanoid,,Any,2,,x,,,,,,,,,,,,,,,,x,,Mordenkainen Presents: Monsters of the Multiverse,59,,,Purple Slime,Large,Ooze,,Unaligned,3,,,,,,,,,x,,,,,,x,,,,,Creature Codex,307,,,,,,,,,,,
Bard,Medium,Humanoid,Any Race,Any,2,,x,,,,,,,,,,,,,,,,x,,Volo's Guide to Monsters,211,"Ghosts of Saltmarsh 231, Waterdeep: Dragon Heist 195",,Quickstep,Small,Fey,,Neutral Evil,5,,,,,,,,,,,x,,,,,,,x,,Creature Codex,308,,,,,,,,,,,
Barghest,Large,Fiend,,Neutral Evil,4,,x,,,,,,,,,x,x,x,x,,x,,,,Mordenkainen Presents: Monsters of the Multiverse,60,,,Quiet Soul,Medium,Undead,,Neutral Evil,6,,,,,,,,x,,,,,,,,x,,,,Creature Codex,309,,,,,,,,,,,
Barghest,Large,Fiend,Shapechanger,Neutral Evil,4,,x,,,,,,,,,x,x,x,x,,x,,,,Volo's Guide to Monsters,123,Tales from the Yawning Portal 230,,Rageipede,Small,Beast,,Unaligned,2,,,,,,,,,,,x,,,,,,,,,Creature Codex,310,,,,,,,,,,,
Bariaur Wanderer,Medium,Celestial,,Chaotic Good,3,,x,,,,,,,,,,,,,,,,,x,Morte's Planar Parade,21,,,Greater Rakshasa,Medium,Fiend,,Lawful Evil,15,,x,x,x,,,,,,,,,,,,,,x,,Creature Codex,311,,,,,,,,,,,
Barkburr,Small,Plant,,Unaligned,3,,,,,,,,,,,,,,,,,,,,Quests from the Infinite Staircase,195,,,Ramag Portal Master,Medium,Humanoid,Ramag,Neutral,5,,x,,,,,,,,,,,,,,,,x,,Creature Codex,313,,,,,,,,,,,
Barlgura,Large,Fiend,Demon,Chaotic Evil,5,,x,,,,,,,,,,,,,,,,,ø,Monster Manual,46,,,Ratatosk Warlord,Small,Celestial,,Chaotic Neutral,5,,,,,,,,x,x,x,x,x,x,x,x,x,x,x,x,Creature Codex,314,,,,,,,,,,,
Barnibus Blastwind,Medium,Humanoid,Human,Lawful Good,2,,x,,,x,,,,,,,,,,,,,ø,,Waterdeep: Dragon Heist,195,,,Ratfolk Mercenary,Small,Humanoid,Ratfolk,Neutral,2,,,,,,,,,,,,,,,,x,,x,,Creature Codex,316,,,,,,,,,,,
Barometz,Large,Plant,,Chaotic Neutral,6,,,,,,,,,,,x,,,,,,,,,Tome of Beasts 2,38,,,Ratfolk Warlock,Small,Humanoid,Ratfolk,Any,1,,x,,,,,,,,,,,,,,x,,x,,Creature Codex,316,,,,,,,,,,,
Barong,Large,Celestial,,Lawful Good,17,,,x,,x,,,,,,,,,,,,,,x,Creature Codex,49,,,Razorleaf,Medium,Plant,,Neutral Evil,5,,,,,,,,,,,x,,,,,,,,,Creature Codex,317,,,,,,,,,,,
Barovian Witch,Medium,Humanoid,Human,Chaotic Evil,1/2,,x,,,,,,,,,ø,,,,ø,,,ø,,Curse of Strahd,229,,,Ring Servant,Large,Construct,,Neutral,8,,,,,,,,x,x,x,x,x,x,x,x,x,x,x,x,Creature Codex,318,,,,,,,,,,,
Barrowghast,Huge,Undead,,Chaotic Evil,7,,,,,,,,,,,,,,,,,,,,Bigby Presents: Glory of the Giants,121,,,Roachling Scout,Small,Humanoid,Roachling,Chaotic Neutral,2,,,,,,,,,,,,,,,,x,,x,,Creature Codex,319,,,,,,,,,,,
Basilisk,Medium,Monstrosity,,Unaligned,3,,,,,,,,,,,,,,x,,,,,,Monster Manual,24,,,Roggenwolf,Medium,Monstrosity,,Neutral Evil,2,,,,,,,,,,,,x,,,,,,,,Creature Codex,320,,,,,,,,,,,
Bastet Temple Cat,Small,Beast,,Chaotic Neutral,1,,x,,,,,,,,ø,,,,,,,,ø,,Tome of Beasts,32,,,Scitalis,Large,Monstrosity,,Unaligned,2,,,,,,,,x,x,x,x,x,x,x,x,x,x,x,x,Creature Codex,321,,,,,,,,,,,
Bastian Thermandar,Medium,Humanoid,Fire Genasi,Neutral Evil,8,,x,,,x,,,,,,,,,,,,,,,Princes of the Apocalypse,201,,,Greater Scrag,Large,Monstrosity,,Chaotic Evil,7,,,,,,,,,x,,,,,,x,,x,,,Creature Codex,322,,,,,,,,,,,
Bat,Tiny,Beast,,Unaligned,0,,,,,,x,,,ø,,ø,,ø,ø,ø,ø,,ø,,Monster Manual,318,Player's Handbook 304,,Lesser Scrag,Medium,Monstrosity,,Chaotic Evil,2,,,,,,,,,x,,,,,,x,,x,,,Creature Codex,322,,,,,,,,,,,
Bat King,Small,Fey,"Animal Lord, Shapechanger",Neutral,13,,x,x,,x,,,,,,,,,,,,,x,,Creature Codex,22,,,Sentinel in Darkness,Large,Construct,,Unaligned,7,,,,,,,,,,,,,,,,x,,x,,Creature Codex,323,,,,,,,,,,,
"Bathael, the Exiled Lord",Huge,Fiend,"Demon, Demon Lord",Chaotic Evil,16,,,,,x,,,,,,,,,,,,,,x,Tome of Beasts 2,87,,,Serpentfolk of Yig,Medium,Humanoid,,Neutral Evil,1,,x,,,,,,,,,,,,,,,,x,,Creature Codex,324,,,,,,,,,,,
Bathhouse Drake,Medium,Dragon,,Lawful Neutral,3,,x,,,,,,,,,,x,x,,,,,x,,Creature Codex,126,,,Servant of Yig,Medium,Aberration,,Neutral Evil,4,,x,,,,,,,,,,,,,,,,x,,Creature Codex,325,,,,,,,,,,,
Battle Mage,Medium,Humanoid,Any Race,Any,4,,x,,,,,,x,x,x,x,x,x,x,x,x,x,x,x,Creature Codex,397,,,Shadow Blight,Small,Plant,,Neutral Evil,1,,,,,,,,x,,,x,,,,,,,,,Creature Codex,326,,,,,,,,,,,
Battleforce Angel,Medium,Celestial,Angel,Lawful Good,5,,,,,,,,,,,,,,,,,,ø,ø,Guildmaster's Guide to Ravnica,189,,,Shadow River Lord,Medium,Undead,,Neutral Evil,9,,,,,,,,,,,x,,,,,,x,,,Creature Codex,327,,,,,,,,,,,
Bavlorna Blightstraw,Medium,Fey,Hag,Neutral Evil,7,,x,,,x,,,,,,,,,,,,,,,The Wild Beyond The Witchlight,216,,,Shantak,Large,Monstrosity,,Lawful Evil,5,,,,,,,,,,,,,,,,,,,x,Creature Codex,328,,,,,,,,,,,
Bearded Devil,Medium,Fiend,Devil,Lawful Neutral,3,,,,,,,,,,,,,,,,,,,ø,Monster Manual,70,Rise of Tiamat Online Supplement 8,,Shard Swarm,Medium,Construct,Swarm,Unaligned,1/2,,,,,,,,x,x,x,x,x,x,x,x,x,x,x,x,Creature Codex,329,,,,,,,,,,,
Bearfolk,Medium,Humanoid,,Chaotic Good,3,,,,,,,,ø,,,ø,,ø,ø,,,,,,Tome of Beasts,33,,,Shoreline Scrapper,Large,Beast,,Unaligned,4,,,,,,,,,x,,,,,,,,x,,,Creature Codex,330,,,,,,,,,,,
Bearfolk Chieftan,Medium,Humanoid,Bearfolk,Chaotic Good,6,,,,,,,,x,x,x,x,x,x,x,x,x,x,x,x,Creature Codex,51,,,Avatar of Shoth,Gargantuan,Aberration,Shoth,Lawful Neutral,21,,x,x,x,x,,,,,,,,,,,,,,x,Creature Codex,331,,,,,,,,,,,
Bearing Golem,Medium,Construct,,Unaligned,6,,,,,,,,x,x,x,x,x,x,x,x,x,x,x,,Tome of Beasts 2,178,,,Droth,Huge,Aberration,Shoth,Lawful Neutral,12,,,,,,,,,,,,,,,,,,,x,Creature Codex,333,,,,,,,,,,,
Bearmit Crab,Large,Monstrosity,,Unaligned,2,,,,,,,,,x,,,,,,,,,,,Creature Codex,52,,,Oth,Large,Aberration,Shoth,Lawful Neutral,5,,x,,,,,,,,,,,,,,,,x,,Creature Codex,334,,,,,,,,,,,
Beast of Ill Omen,Large,Monstrosity,,Chaotic Evil,2,,,,,,,,,,,ø,,,,ø,ø,,,,Monster a Day Compendium 2.0,7,,,Sooze,Medium,Aberration,Shoth,Lawful Neutral,1/2,,,,,,,,,,,,,,,,,,x,,Creature Codex,334,,,,,,,,,,,
Bebilith,Huge,Fiend,Demon,Chaotic Evil,12,,x,,,,,,,,,,,,,,,,,ø,Minsc and Boo's Journal of Villainy,133,,,Sigilian,Medium,Construct,,Unaligned,2,,,,,,,,,,,,,,,,,,x,,Creature Codex,335,,,,,,,,,,,
Befouled Weird,Medium,Elemental,,Neutral Evil,5,,,,,,,,,,,,,,,x,,,,x,Tome of Beasts 2,41,,,Kapi,Medium,Humanoid,Simian,Chaotic Good,1/2,,,,,,,,,,,x,,,,,,,,,Creature Codex,336,,,,,,,,,,,
Beggar Ghoul,Medium,Undead,Ghoul,Chaotic Evil,1/2,,,,,,,,,,,,,,,ø,ø,,ø,,Tome of Beasts,213,,,Monkey King,Medium,Celestial,,Chaotic Good,21,,,x,,,,,,,,x,x,,,,,,x,,Creature Codex,337,,,,,,,,,,,
"Behemoth, Terror of the Earth",Gargantuan,Beast,,Neutral,30,,,x,,x,,,,,,,,,,,,,,ø,Monster a Day Compendium 2.0,124,,,Vanara,Medium,Humanoid,Simian,Neutral Good,2,,,,,,,,,,,x,,,,,,,,,Creature Codex,338,,,,,,,,,,,
Behir,Huge,Monstrosity,,Neutral Evil,11,,,,,,,,,,,,,,,,x,,,,Monster Manual,25,,,Simurg,Gargantuan,Celestial,,Neutral Good,5,,x,,,,,,x,x,x,x,x,x,x,x,x,x,x,x,Creature Codex,339,,,,,,,,,,,
Beholder,Large,Aberration,Beholder,Lawful Neutral,13,,,x,,,,,,,,,,,,,x,,,,Monster Manual,28,,,Clacking Skeleton,Medium,Undead,,Neutral Evil,2,,,,,,,,x,x,x,x,x,x,x,x,x,x,x,x,Creature Codex,340,,,,,,,,,,,
Beholder (in lair),Large,Aberration,Beholder,Lawful Neutral,14,,,x,x,,,,,,,,,,,,x,,,,Monster Manual,28,,,Monarch Skeleton,Medium,Undead,,Neutral Evil,9,,,,,,,,x,x,x,x,x,x,x,x,x,x,x,x,Creature Codex,341,,,,,,,,,,,
Beholder Dragon,Large,Aberration,Dragon,Neutral Evil,15,,,x,,,,,,,,,,,,,ø,,,,Monster a Day Compendium 2.0,8,,,Shadow Skeleton,Medium,Undead,,Neutral Evil,2,,,,,,,,,,,x,,,,,,x,x,,Creature Codex,342,,,,,,,,,,,
Beholder Zombie,Large,Undead,Beholder,Neutral Evil,5,,,,,,,,,,,,,,,,x,,,,Monster Manual,316,,,Skull Lantern,Tiny,Undead,,Unaligned,1/4,,,,,,,,x,x,x,x,x,x,x,x,x,x,x,x,Creature Codex,343,,,,,,,,,,,
Behtu,Small,Humanoid,,Chaotic Evil,2,,,,,,,,,,,,,,ø,ø,,,,,Tome of Beasts,34,,,Sleipnir,Large,Monstrosity,,Neutral Good,5,,,,,,,,x,,,,x,x,,,,,,,Creature Codex,344,,,,,,,,,,,
Belashyrra,Medium,Aberration,Daelkyr,Chaotic Evil,22,,,x,x,x,,,,,,,,,,,ø,,,x,Eberron: Rising from the Last War,286,,,Giant Sloth,Large,Beast,,Unaligned,7,,,,,,,,,,,,x,x,,,,,,,Creature Codex,345,,,,,,,,,,,
Beledros Witherbloom,Gargantuan,Dragon,Druid,Neutral Good,24,,x,x,,x,,,,,,,,,,,,,,,Strixhaven: A Cirriculum of Chaos,186,,,Snow Cat,Medium,Beast,,Unaligned,1/4,,,,,,,,x,,,x,,,,,,,,,Creature Codex,346,,,,,,,,,,,
Beli,Small,Fey,,Neutral Evil,2,,x,,,,,,ø,,,,,,ø,,,,,,Tome of Beasts,35,,,Spawn of Chernobog,Large,Fiend,,Chaotic Evil,4,,,,,,,,x,,,,,,,,x,,,,Creature Codex,347,,,,,,,,,,,
Bellowing Tanglewyrm,Huge,Beast,Wyrm,Unaligned,15,,,,,,,,,,,,,,ø,,ø,,,,Monster a Day Compendium 2.0,200,,,Crypt Spider,Medium,Beast,,Lawful Evil,2,,,,,,,,,,,,,,,,x,,x,,Creature Codex,348,,,,,,,,,,,
"Belphegor, Hell's Inventor",Huge,Fiend,"Devil, Archdevil",Lawful Evil,22,,,x,,x,,,,,,,,,,,,,,x,Creature Codex,100,,,Spirit Lamp,Medium,Undead,,Chaotic Evil,7,,,,,,,,x,x,x,x,x,x,x,x,x,x,x,x,Creature Codex,349,,,,,,,,,,,
Berbalang,Medium,Aberration,,Neutral Evil,2,,x,,,,,,,,x,,,,,,,,,,Mordenkainen Presents: Monsters of the Multiverse,61,Mordenkainen's Tome of Foes 120,,Storm Spirit,Medium,Elemental,,Neutral,1/2,,,,,,,,x,x,x,x,x,x,x,x,x,x,x,x,Creature Codex,350,,,,,,,,,,,
Berchta,Medium,Fey,Shapechanger,Lawful Neutral,16,,x,x,x,x,,,,,,x,x,,,,,,x,,Creature Codex,153,,,Sunset Raptor,Medium,Monstrosity,,Unaligned,1,,,,,,,,,,,x,x,,,,,,,,Creature Codex,351,,,,,,,,,,,
Bereginyas,Tiny,Fey,,Neutral Evil,4,,,,,,,,,,,ø,,ø,ø,,,,,,Tome of Beasts,36,,,Terror Bird,Large,Beast,,Unaligned,2,,,,,,,,,,,x,,,,,,,,,Creature Codex,352,,,,,,,,,,,
Berserker,Medium,Humanoid,Any Race,Any Chaotic,2,,,,,,,,x,x,x,x,,x,x,,,,,,Monster Manual,344,,,Thread-Bound Constrictor Snake,Huge,Construct,,Unaligned,3,,,,,,,x,,,,,,,,,,,x,,Creature Codex,353,,,,,,,,,,,
Berstuc,Large,Fiend,Demon,Chaotic Evil,11,,,,,,,,,,,ø,,,,,,,,ø,Tome of Beasts,76,,,Three-Headed Cobra,Large,Monstrosity,,Unaligned,5,,,,,,,,,,x,,x,,,,,,,,Creature Codex,354,,,,,,,,,,,
"Bhaal, Ravager",Huge,Beast,,Lawful Evil,24,,,x,,x,,,,,,,,,,,,,,ø,Minsc and Boo's Journal of Villainy,95,,,Tosculi Jeweled Drone,Small,Humanoid,Tosculi,Lawful Evil,4,,,,,,,,,,x,x,x,,,,,,,,Creature Codex,355,,,,,,,,,,,
"Bhaal, Slayer",Medium,Humanoid,,Lawful Evil,20,,,x,,x,,,,,,,,,,,,,,x,Minsc and Boo's Journal of Villainy,93,,,Desert Troll,Large,Giant,,Chaotic Evil,6,,,,,,,,,,x,,,,,,,,,,Creature Codex,356,,,,,,,,,,,
Bheur Hag,Medium,Fey,,Chaotic Evil,7,,x,,,,,,x,,,,,,,,,,,,Mordenkainen Presents: Monsters of the Multiverse,62,,,Trollkin Grunt,Medium,Humanoid,Trollkin,Neutral,2,,,,,,,,x,x,x,x,x,x,x,x,x,x,x,x,Creature Codex,357,,,,,,,,,,,
Bheur Hag,Medium,Fey,Hag,Chaotic Evil,7,,x,,,,,,x,,,,,,,,,,,,Volo's Guide to Monsters,160,,,Trollkin Shaman,Medium,Humanoid,Trollkin,Neutral,4,,x,,,,,,x,x,x,x,x,x,x,x,x,x,x,x,Creature Codex,357,,,,,,,,,,,
Bhole Hatchling,Huge,Monstrosity,,Unaligned,13,,,,,,,,,,,,,,ø,,,,,x,Sandy Petersen's Cthulhu Mythos,281,,,Tulpa,Medium,Undead,,Neutral Evil,4,,,,,,,,x,x,x,x,x,x,x,x,x,x,x,x,Creature Codex,358,,,,,,,,,,,
Biclops,Huge,Giant,,Neutral,6,,,,,,,,,,,,,x,x,,,,,,Fifth Edition Foes,26,,,Tveirherjar,Medium,Undead,,Lawful Evil,7,,,,,,,,x,x,x,x,x,x,x,x,x,x,x,x,Creature Codex,359,,,,,,,,,,,
Bilby,Tiny,Beast,,Unaligned,0,,,,,,o,,,,x,,,,,,x,,,,Tome of Beasts 2,388,,,Two-Headed Eagle,Huge,Monstrosity,,Unaligned,7,,,,,,,,,x,,,,x,x,,,,,,Creature Codex,360,,,,,,,,,,,
Bilwis,Medium,Elemental,,Chaotic Evil,1,,,,,,,,,,,,x,,,,,,,,Creature Codex,53,,,Undead Phoenix,Huge,Undead,,Chaotic Evil,12,,,,,,,,x,x,x,x,x,x,x,x,x,x,x,x,Creature Codex,361,,,,,,,,,,,
Biomancer,Medium,Humanoid,Any Race,Neutral Good,10,,x,,,,,,,,,,,,,,,ø,ø,,Guildmaster's Guide to Ravnica,256,,,Undine,Medium,Fey,Shapechanger,Chaotic Neutral,5,,x,,,,,,,x,,,,,,,,x,,,Creature Codex,362,,,,,,,,,,,
Bjornhild Solvigsdottir,Medium,Humanoid,Human,Neutral Evil,5,,,,,x,,,,,,,,,,,,,,,Icewind Dale: Rime of the Frostmaiden,306,,,Unhatched,Small,Undead,,Chaotic Evil,4,,x,,,,,,x,x,x,x,x,x,x,x,x,x,x,x,Creature Codex,363,,,,,,,,,,,
Black Abishai,Medium,Fiend,devil,Lawful Evil,7,,,,,,,,,,,,,,,,,,x,,Mordenkainen Presents: Monsters of the Multiverse,38,,,Ursa Polaris,Large,Monstrosity,,Neutral Evil,7,,,,,,,,x,,,,,,,,,,,,Creature Codex,364,,,,,,,,,,,
Black Abishai,Medium,Fiend,Devil,Lawful Neutral,7,,,,,,,,,,,,,,,,,,x,ø,Mordenkainen's Tome of Foes,160,,,Vampire Patrician,Medium,Undead,,Lawful Evil,10,,,,,,,,,,,,,,,,,,x,,Creature Codex,365,,,,,,,,,,,
Black Bear,Medium,Beast,,Unaligned,1/2,,,,,,,,,,,x,,,,,,,,,Monster Manual,318,"Infernal Machine Rebuild 61, Player's Handbook 304",,Vampire Priestess,Medium,Undead,,Lawful Evil,8,,x,,,,,,,,,,,,,,,,x,,Creature Codex,367,,,,,,,,,,,
Black Crier,Medium,Undead,,Neutral,11,,,,,,,,,,,,x,,,,,,x,,Tome of Beasts 2,42,,,Vampire Thrall,Medium,Humanoid,Any Race,Any Non-Good,2,,,,,,,,x,x,x,x,x,x,x,x,x,x,x,x,Creature Codex,368,,,,,,,,,,,
Black Dracolisk,Large,Dragon,,Unaligned,7,,,,,,,,,,x,,,,,x,x,,,,Fifth Edition Foes,85,,,Vampiric Knight,Medium,Undead,,Neutral Evil,11,,,,,,,,x,x,x,x,x,x,x,x,x,x,x,x,Creature Codex,369,,,,,,,,,,,
Black Dragon Wyrmling,Medium,Dragon,,Chaotic Evil,2,,,,,,,,,,,,,,,x,,,,,Monster Manual,88,,,Venom Maw Hydra,Huge,Monstrosity,,Unaligned,12,,,x,,,,,,,,,,,,x,,,,,Creature Codex,370,,,,,,,,,,,
Black Earth Guard,Medium,Humanoid,Human,Neutral Evil,2,,,,,,,,,,,,,,,,,,,,Princes of the Apocalypse,195,,,Vines of Nemthyr,Large,Plant,,Neutral Evil,8,,,,,,,,,,,x,x,x,,,,,,,Creature Codex,371,,,,,,,,,,,
Black Earth Priest,Medium,Humanoid,Human,Neutral Evil,3,,x,,,,,,,,,,,,,,,,,,Princes of the Apocalypse,195,,,Warlock's Trumpetbloom,Large,Plant,,Neutral Evil,7,,,,,,,,,,,x,,,,,,,,,Creature Codex,372,,,,,,,,,,,
Black Guantlet of Bane,Medium,Humanoid,Human,Lawful Evil,6,,x,,,,,,,,,,,,,,,,x,ø,Baldur's Gate: Descent into Avernus,232,,,Water Horse,Medium,Fey,Shapechanger,Neutral Evil,4,,,,,,,,,x,,,,,,,,x,,,Creature Codex,373,,,,,,,,,,,
Black Knight,Medium,Humanoid,,Lawful Neutral,12,,,,,,,,,,,,,,,,,,ø,,Monster a Day Compendium 2.0,9,,,Albino Death Weasel,Large,Beast,,Unaligned,1,,,,,,,,,,,x,x,,,,,,,,Creature Codex,374,,,,,,,,,,,
Black Knight Commander,Medium,Humanoid,,Lawful Neutral,5,,,,,,,,,,,,,,,,,,ø,,Tome of Beasts,418,,,Wind Weasel,Medium,Fey,Shapechanger,Chaotic Neutral,2,,,,,,,,,,,x,,,,,,,,,Creature Codex,375,,,,,,,,,,,
Black Pudding,Large,Ooze,,Unaligned,4,,,,,,,,,,,,,,,,x,,,,Monster Manual,241,,,Weirding Scroll,Tiny,Construct,,Unaligned,1/2,,,,,,,,x,x,x,x,x,x,x,x,x,x,x,x,Creature Codex,376,,,,,,,,,,,
Black Rose Bearer,Medium,Undead,,Neutral Evil,6,,,,,,,,,,,,,,,,,,,,Vecna: Eve of Ruin,208,,,Wendigo,Medium,Monstrosity,,Chaotic Evil,11,,,,,,,,x,,,,x,,x,,,,,,Creature Codex,377,,,,,,,,,,,
Black Sun orc,Medium,Humanoid,Orc,Chaotic Evil,2,,,,,,,,,,,,,,x,,x,,,,Creature Codex,289,,,Whisperer in Darkness,Medium,Aberration,,Neutral Evil,15,,x,,,,,,,,,,,,,,,,,x,Creature Codex,378,,,,,,,,,,,
Black Sun Priestess,Medium,Humanoid,Orc,Chaotic Evil,3,,x,,,,,,,,,,,,x,,x,,,,Creature Codex,290,,,White Stag,Large,Celestial,,Chaotic Good,2,,,,,,,,,,,x,,,,,,,,,Creature Codex,379,,,,,,,,,,,
Black Viper,Medium,Humanoid,Human,Chaotic Neutral,5,,,,,x,,,,,,,,,,,,,ø,,Waterdeep: Dragon Heist,196,,,Wickerman,Huge,Construct,,Neutral Evil,9,,,,,,,,,,,x,,,,,,,,,Creature Codex,380,,,,,,,,,,,
Blackguard,Medium,Humanoid,paladin,Neutral Evil,8,,x,,,,,,,,,,,,,,x,,x,,Mordenkainen Presents: Monsters of the Multiverse,63,,,Wind Eater,Medium,Undead,,Lawful Evil,2,,x,,,,,,x,x,x,x,x,x,x,x,x,x,x,x,Creature Codex,381,,,,,,,,,,,
Blackguard,Medium,Humanoid,Any Race,Any Non-Good,8,,x,,,,,,,,,,,,,,x,,x,,Volo's Guide to Monsters,211,,,Wolpertinger,Tiny,Monstrosity,,Unaligned,1/4,,,,,,v,,,,,x,,,,,,,,,Creature Codex,382,,,,,,,,,,,
Blade Lieutenant,Medium,Construct,Warforged,Lawful Evil,9,,,,,,,,,,,,,,,,,,,,Vecna: Eve of Ruin,209,,,Woodwose,Medium,Humanoid,,Chaotic Neutral,1/2,,x,,,,,,,,,x,,,,,,,,,Creature Codex,383,,,,,,,,,,,
Blade Scout,Medium,Construct,Warforged,Lawful Evil,7,,,,,,,,,,,,,,,,,,,,Vecna: Eve of Ruin,209,,,Fang of the Great Wolf,Large,Monstrosity,,Neutral Evil,3,,,,,,,,x,,,x,x,,,,,,,,Creature Codex,384,,,,,,,,,,,
Blagothkus,Huge,Giant,Cloud Giant,Neutral Evil,9,,x,,,x,,,,,,,,,,,,,,,Hoard of the Dragon Queen,89,,,Wyvern Knight,Medium,Humanoid,Any Race,Lawful Evil,5,,,,,,,,,,,,,x,x,,,,,,Creature Codex,385,,,,,,,,,,,
Blazebear,Large,Monstrosity,,Unaligned,12,,,,,,,,,,,,,,,,,,,,Vecna: Eve of Ruin,210,,,War Wyvern,Large,Dragon,,Unaligned,7,,,,,,,,,,,,,x,x,,,,,,Creature Codex,386,,,,,,,,,,,
Bleak Cabal Void Soother,Small or Medium,Humanoid,,Any,3,,x,,,,,,,,,,,,,,,,,x,Morte's Planar Parade,54,,,Xenabsorber,Medium,Aberration,,Chaotic Neutral,3,,,,,,,,x,x,x,x,x,x,x,x,x,x,x,x,Creature Codex,387,,,,,,,,,,,
Bleakheart,Medium,Undead,,Neutral Evil,3,,x,,,,,,,,,,,,,,,,x,,Tome of Beasts 2,43,,,Xiphus,Small,Fey,,Chaotic Evil,5,,,,,,,,,,,x,,,,,,,x,,Creature Codex,388,,,,,,,,,,,
Blemmyes,Large,Monstrosity,,Chaotic Evil,8,,,,,,,,,,,ø,ø,ø,ø,,,,,,Tome of Beasts,37,,,Yaga Goo,Small,Ooze,,Neutral Evil,5,,,,,,,,,,,,,,,,,,x,,Creature Codex,389,,,,,,,,,,,
Blessed Berserker,Medium,Humanoid,Any race,Any Chaotic or Evil,3,,,,,,,,x,,,,,x,,,,,,,Sandy Petersen's Cthulhu Mythos,404,,,Yakirian,Medium,Humanoid,Yakirian,Lawful Neutral,2,,,,,,,,,,,,,x,x,,,,,,Creature Codex,390,,,,,,,,,,,
Blindhelm,Medium,Humanoid,Blindhelm,Chaotic Neutral,2,,,,,,,,,,,,,,,,x,,,,Mordenkainen's Fiendish Folio vol. 1,5,,,Yann-An-Oed,Huge,Aberration,,Neutral,2,,,,,,,,,x,,,,,,,,x,,,Creature Codex,391,,,,,,,,,,,
Blink Dog,Medium,Fey,,Lawful Good,1/4,,,,,,,,,,,x,,,,,,,,,Monster Manual,318,,,Ziphius,Gargantuan,Aberration,,Neutral,8,,,,,,,,,,,,,,,,,x,,,Creature Codex,392,,,,,,,,,,,
Blistercoil Weird,Medium,Elemental,Weird,Chaotic Neutral,4,,,,,,,,,,,,,,,,,,ø,ø,Guildmaster's Guide to Ravnica,207,,,Blood Zombie,Medium,Undead,,Neutral Evil,2,,,,,,,,x,x,x,x,x,x,x,x,x,x,x,x,Creature Codex,393,,,,,,,,,,,
Bloated Ghoul,Medium,Undead,,Neutral Evil,6,,,,,,,,,,,,,,,,x,,,,Tome of Beasts 2,166,,,Lord Zombie,Medium,Undead,,Neutral Evil,5,,,x,,,,,,,,,,,,,,,,,Creature Codex,394,,,,,,,,,,,
Blood Drinker Vampire,Medium,Undead,,Lawful Neutral,8,,,,,,,,,,,,,,,,,,ø,,Guildmaster's Guide to Ravnica,223,,,Mold Zombie,Medium,Undead,,Chaotic Evil,3,,,,,,,,,,,,,,,x,,,,,Creature Codex,395,,,,,,,,,,,
Blood Elemental,Large,Elemental,,Neutral,5,,,,,,,,,,,,,,,,,,,x,Creature Codex,138,,,Zoog,Tiny,Aberration,,Chaotic Evil,0,,,,,,,,,,,,,,,,x,,x,,Creature Codex,396,,,,,,,,,,,
Blood Giant,Huge,Giant,,Lawful Neutral,8,,,,,,,,x,x,x,x,x,x,x,x,x,x,x,x,Creature Codex,180,,,Battle Mage,Medium,Humanoid,Any Race,Any,4,,x,,,,,,x,x,x,x,x,x,x,x,x,x,x,x,Creature Codex,397,,,,,,,,,,,
Blood Hag,Medium,Fey,Hag,Chaotic Evil,11,,x,,,,,,,,,ø,,,,ø,,,,,Tome of Beasts,242,,,Blood Mage,Medium,Humanoid,Any Race,Any Evil,7,,x,,,,,,x,x,x,x,x,x,x,x,x,x,x,x,Creature Codex,397,,,,,,,,,,,
Blood Hawk,Small,Beast,,Unaligned,1/8,,,,,,,,x,x,,x,x,x,x,,,,,,Monster Manual,319,,,Cleric of the Brew,Medium,Humanoid,Dwarf,Any Good,5,,x,,,,,,x,x,x,x,x,x,x,x,x,x,x,x,Creature Codex,399,,,,,,,,,,,
Blood Hunter,Medium,Humanoid,Any Race,Any,5,,,,,,,,ø,ø,ø,ø,ø,ø,ø,ø,ø,,ø,,Explorer's Guide to Wildemount,284,,,Doomspeaker,Medium,Humanoid,Any Race,Chaotic Evil,6,,x,,,,,,x,x,x,x,x,x,x,x,x,x,x,x,Creature Codex,399,,,,,,,,,,,
Blood Imp,Tiny,Fiend,Devil,Lawful Evil,1/2,,,,,,v,,,,,,,,,,,,,x,Tome of Beasts 2,103,,,Graveslayer,Medium,Humanoid,Dwarf,Any Non-Evil,4,,,,,,,,x,x,x,x,x,x,x,x,x,x,x,x,Creature Codex,400,,,,,,,,,,,
Blood Mage,Medium,Humanoid,Any Race,Any Evil,7,,x,,,,,,x,x,x,x,x,x,x,x,x,x,x,x,Creature Codex,397,,,Gear Mage,Medium,Humanoid,Any Race,Lawful Neutral,4,,x,,,,,,x,x,x,x,x,x,x,x,x,x,x,x,Creature Codex,401,,,,,,,,,,,
Blood Ooze,Large,Ooze,,Unaligned,6,,,,,,,,,,,,,,,,x,,x,,Creature Codex,282,,,Gnomish Knife Cultist,Small,Humanoid,Gnome,Chaotic Evil,5,,x,,,,,,,,,,x,,,,,,x,,Creature Codex,402,,,,,,,,,,,
Blood Ooze,Large,Ooze,,Unaligned,3,,,,,,,,,,,,,,,,x,,,,Dark Arts Player's Companion,44,,,Elfmarked Human,Medium,Humanoid,Half-Elf,Any,1/2,,x,,,,,,x,x,x,x,x,x,x,x,x,x,x,x,Creature Codex,403,,,,,,,,,,,
Blood Orchid,Large,Aberration,,Chaotic Evil,5,,,,,,,,,,,,,,,,x,,,,Fifth Edition Foes,28,,,Metee-Kolen-Ol,Medium,Humanoid,Any Race,Chaotic Evil,2,,x,,,,,,x,,,,,,,,,,,,Creature Codex,404,,,,,,,,,,,
Blood Orchid Grand Savant,Large,Aberration,,Lawful Neutral,9,,,,,,,,,,,,,,,,x,,,,Fifth Edition Foes,29,,,Necromancer,Medium,Humanoid,Any Race,Any Evil,6,,x,,,,,,x,x,x,x,x,x,x,x,x,x,x,x,Creature Codex,404,,,,,,,,,,,
Blood Orchid Savant,Huge,Aberration,,Lawful Neutral,7,,x,,,,,,,,,,,,,,x,,,,Fifth Edition Foes,28,,,Scorpion Assassin,Medium,Humanoid,Any Race,Neutral Evil,8,,x,,,,,,,,x,,,x,,,,,,,Creature Codex,405,,,,,,,,,,,
Blood Pudding,Medium,Ooze,,Unaligned,2,,,,,,,,,,,,,,,x,x,,,,Fifth Edition Foes,187,,,Thief Lord,Medium,Humanoid,Any Race,Lawful Evil,8,,,,,,,,,,,,,,,,,,x,,Creature Codex,406,,,,,,,,,,,
Blood Witch,Medium,Humanoid,Any Race,Chaotic Evil,7,,x,,,,,,,,,,,,,,ø,,ø,,Guildmaster's Guide to Ravnica,248,,,Void Cultist,Medium,Humanoid,Any Race,Neutral Evil,1/2,,,,,,,,x,x,x,x,x,x,x,x,x,x,x,x,Creature Codex,407,,,,,,,,,,,
Blood Zombie,Medium,Undead,,Neutral Evil,2,,,,,,,,x,x,x,x,x,x,x,x,x,x,x,x,Creature Codex,393,,,Void Speaker,Medium,Humanoid,Any Race,Neutral Evil,7,,x,,,,,,x,x,x,x,x,x,x,x,x,x,x,x,Creature Codex,408,,,,,,,,,,,
Blood-Toll Harpy,Medium,Monstrosity,,Chaotic Evil,1/8,,,,,,,,,ø,,,,,ø,ø,,,,,Mythic Odysseys of Theros,227,,,Voidwracked Mage,Medium,Humanoid,Any Race,Chaotic Evil,8,,x,,,,,,x,x,x,x,x,x,x,x,x,x,x,x,Creature Codex,409,,,,,,,,,,,
Bloodbeast,Large,Monstrosity,,Chaotic Evil,3,,x,,,,,,,,,x,x,ø,,,,,,,Dark Arts Player's Companion,34,,,War Chaplain,Medium,Humanoid,Any Race,Any Lawful,3,,x,,,,,,x,x,x,x,x,x,x,x,x,x,x,x,Creature Codex,410,,,,,,,,,,,
Bloodfray Giant,Huge,Giant,,Chaotic Evil,6,,,,,,,,,,,,,,,,ø,,ø,,Guildmaster's Guide to Ravnica,200,,,War Priest,Medium,Humanoid,Any Race,Any ,8,,x,,,,,,x,x,x,x,x,x,x,x,x,x,x,x,Creature Codex,411,,,,,,,,,,,
Bloodsapper,Medium,Aberration,,Chaotic Evil,3,,,,,,,,x,x,x,x,x,x,x,x,x,x,,,Tome of Beasts 2,44,,,Baba Lysaga's Creeping Hut,Gargantuan,Construct,,Unaligned,11,,,,,x,,,,,,ø,,,,ø,,,,,Curse of Strahd,226,,,,,,,,,,,
Bloodstone Sentinel,Large,Construct,,Neutral Evil,8,,,,,,,,,,,,,,,,x,,x,,Tome of Beasts 2,45,,,Broom of Animated Attack,Small,Construct,,Unaligned,1/4,,,,,,,,,,,,,,,,,,ø,,Curse of Strahd,226,,,,,,,,,,,
Bloodsuckle,Large,Plant,,Unaligned,3,,x,,,,,,,,,x,x,x,,,,,,,Fifth Edition Foes,30,,,Guardian Portrait,Medium,Construct,,Unaligned,1,,x,,,,,,,,,,,,,,,,ø,,Curse of Strahd,227,,,,,,,,,,,
Bloody Bones,Medium,Monstrosity,,Chaotic Evil,3,,,,,,,,,,,,x,,,,,,x,,Creature Codex,54,,,Strahd's Animated Armor,Medium,Construct,,Lawful Neutral,6,,,,,,,,,,,,,,,,,,ø,,Curse of Strahd,227,,,,,,,,,,,
Bloody Bones,Medium,Undead,,Chaotic Evil,2,,,,,,,,,,,,,,,,x,,x,,Fifth Edition Foes,31,,,Baba Lysaga,Medium,Humanoid,"Human, Shapechanger",Chaotic Evil,11,,x,,,x,,,,,,ø,,,,ø,,,,,Curse of Strahd,228,,,,,,,,,,,
Bloom Hydra,Medium,Plant,,Unaligned,6,,,,,,,,,,,x,,,,,,,,,Tome of Beasts 2,207,,,Barovian Witch,Medium,Humanoid,Human,Chaotic Evil,1/2,,x,,,,,,,,,ø,,,,ø,,,ø,,Curse of Strahd,229,,,,,,,,,,,
Blue Abishai,Medium,Fiend,"devil, wizard",Lawful Evil,17,,x,,,,,,,x,,,,,,,,,x,,Mordenkainen Presents: Monsters of the Multiverse,39,,,Tree Blight,Huge,Plant,,Neutral Evil,7,,,,,,,,,,,,,,,ø,,,,,Curse of Strahd,230,The Wild Beyond The Witchlight 84,,,,,,,,,,
Blue Abishai,Medium,Fiend,Devil,Lawful Neutral,17,,x,,,,,,,x,,,,,,,,,x,ø,Mordenkainen's Tome of Foes,161,,,Ezmerelda d'Avenir,Medium,Humanoid,,Chaotic Good,8,,x,,,x,,,ø,ø,ø,ø,ø,ø,ø,ø,ø,,ø,ø,Curse of Strahd,231,,,,,,,,,,,
Blue Dracolisk,Large,Dragon,,Unaligned,7,,,,,,,,,,x,,,,x,,x,,,,Fifth Edition Foes,85,,,Izek Strazni,Medium,Humanoid,Human,Neutral Evil,5,,,,,x,,,,,,,,,,,,,ø,,Curse of Strahd,232,,,,,,,,,,,
Blue Dragon Wyrmling,Medium,Dragon,,Lawful Neutral,3,,,,,,,,,x,x,,,,,,,,,,Monster Manual,91,,,Madam Eva,Medium,Humanoid,Human,Chaotic Neutral,10,,x,,,x,,,,,,,,,,,,,ø,,Curse of Strahd,233,,,,,,,,,,,
Blue Elf,Medium,Humanoid,Elf,Unaligned,5,,x,,,,,,,,,,,,,,,,ø,,Monster a Day Compendium 2.0,93,,,Mongrelfolk,Medium,Humanoid,Mongrelfolk,Any,1/4,,,,,,,,,,,ø,,ø,ø,ø,ø,,,,Curse of Strahd,234,,,,,,,,,,,
Blue Slaad,Large,Aberration,,Chaotic Neutral,7,,,,,,,,,,,,,,,,,,,ø,Monster Manual,276,,,Phantom Warrior,Medium,Undead,,Any,3,,,,,,,,,ø,ø,ø,ø,ø,,ø,,,ø,,Curse of Strahd,235,,,,,,,,,,,
Boalisk,Large,Beast,,Unaligned,1,,,,,,,,,x,,x,,,,x,,,,,Fifth Edition Foes,32,,,Pidlwick II,Small,Construct,,Neutral Evil,1/4,,,,,x,,,,,,,,,,,,,ø,,Curse of Strahd,236,,,,,,,,,,,
Boar,Medium,Beast,,Unaligned,1/4,,,,,,,,,,,x,x,,,,,,,,Monster Manual,319,Player's Handbook 304,,Rahadin,Medium,Humanoid,Elf,Lawful Neutral,10,,x,,,x,,,,,,,,,,,,,ø,,Curse of Strahd,237,,,,,,,,,,,
Bodak,Medium,Undead,,Chaotic Evil,6,,,,,,,,,,,,,,,x,x,,x,,Mordenkainen Presents: Monsters of the Multiverse,64,,,Rictavio,Medium,Humanoid,,Lawful Good,5,,x,,,x,,,,,,,,,,,,,ø,,Curse of Strahd,238,,,,,,,,,,,
Bodak,Medium,Undead,,Chaotic Evil,6,,,,,,,,,,,,,,,x,x,,x,,Volo's Guide to Monsters,127,"Ghosts of Saltmarsh 231, Tomb of Annihilation 215",,Strahd Von Zarovich,Medium,Undead,Shapechanger,Lawful Neutral,15,,x,x,x,x,,,,,,,,,,,,,ø,,Curse of Strahd,240,,,,,,,,,,,
Bodhi Irenicus,Medium,Undead,Shapechanger,Chaotic Evil,15,,,x,,x,,,,,,,,,,,,,ø,,Minsc and Boo's Journal of Villainy,77,,,Strahd Zombie,Medium,Undead,,Unaligned,1,,,,,,,,,,,,,,,,,,ø,,Curse of Strahd,241,,,,,,,,,,,
Bodytaker Plant,Huge,Plant,,Not Provided,7,,,,,,,,,,,ø,ø,ø,,,ø,,ø,,Van Richten's Guide to Ravenloft,227,,,Vladimir Horngaard,Medium,Undead,,Lawful Neutral,7,,,,,x,,,,,,,,,,,,,ø,,Curse of Strahd,241,,,,,,,,,,,
Bog Troll,Large,Giant,,Chaotic Evil,5,,,,,,,,,,,,,,,ø,,,,,Monster a Day Compendium 2.0,203,,,Archlich,Medium,Undead,,Neutral Evil,30,,x,x,x,,,,ø,ø,ø,ø,ø,ø,ø,ø,ø,,ø,ø,Dark Arts Player's Companion,32,,,,,,,,,,,
Boggle,Small,Fey,,Chaotic Neutral,1/8,,,,,,,,,,,x,,x,,,x,,x,,Mordenkainen Presents: Monsters of the Multiverse,65,,,Bloodbeast,Large,Monstrosity,,Chaotic Evil,3,,x,,,,,,,,,x,x,ø,,,,,,,Dark Arts Player's Companion,34,,,,,,,,,,,
Boggle,Small,Fey,,Chaotic Evil,1/8,,,,,,,,,,,x,,x,,,x,,,,Volo's Guide to Monsters,128,"Infernal Machine Rebuild 61, The Wild Beyond The Witchlight 229",,Cruorbat,Large,Undead,,Unaligned,1/2,,,,,,,,,,,,,,,,ø,,ø,,Dark Arts Player's Companion,35,,,,,,,,,,,
Boloti,Tiny,Fey,,Neutral Evil,1,,x,,,,,,,ø,,,,,,ø,,ø,,,Tome of Beasts,38,,,Cruorgheist,Large,Undead,,Unaligned,5,,,,,,,,,,,,,,,,ø,,ø,,Dark Arts Player's Companion,36,,,,,,,,,,,
Bone Cobbler,Medium,Aberration,,Chaotic Evil,2,,,,,,,,,,,,,,,,x,,,,Fifth Edition Foes,33,,,Cruorhulk,Huge,Undead,,Unaligned,12,,,,,,,,,,,,,,,,ø,,ø,,Dark Arts Player's Companion,37,,,,,,,,,,,
Bone Collective,Small,Undead,,Chaotic Evil,8,,x,,,,,,ø,,,ø,,ø,ø,ø,ø,,,,Tome of Beasts,39,,,Cursed oak,Huge,Plant,,Chaotic Evil,7,,,,,,,,,,,x,,,,,,,,,Dark Arts Player's Companion,38,,,,,,,,,,,
Bone Colossus,Gargantuan,Undead,,Chaotic Evil,13,,,,,x,,,x,x,x,x,x,x,x,x,x,x,x,,Tome of Beasts 2,267,,,Deathcrest Ape,Medium,Monstrosity,,Chaotic Neutral,3,,,,,,,,,,,,,,,,x,,,,Dark Arts Player's Companion,39,,,,,,,,,,,
Bone Crab,Small,Beast,,Neutral,1/2,,,,,,,,,ø,,,,,,,,,,,Tome of Beasts,40,,,Fleshfiend,Large,Fiend,,Lawful Evil,9,,,,,,,,,,,,,,,,,,,x,Dark Arts Player's Companion,40,,,,,,,,,,,
Bone Devil,Large,Fiend,Devil,Lawful Neutral,9,,,,,,,,,,,,,,,,,,,ø,Monster Manual,71,Rise of Tiamat Online Supplement 9,,Fleshling Bloodletter,Medium,Humanoid,fleshling,Chaotic Evil,2,,x,,,,,,,,x,,,ø,,,,,,,Dark Arts Player's Companion,41,,,,,,,,,,,
Bone Golem,Medium,Construct,,Unaligned,7,,,,,,,,x,x,x,x,x,x,x,x,x,x,x,x,Creature Codex,195,,,Fleshling,Medium,Humanoid,fleshling,Chaotic Evil,1/2,,,,,,,,,,x,,,ø,,,,,,,Dark Arts Player's Companion,41,,,,,,,,,,,
Bone Golem,Large,Construct,,Unaligned,9,,,,,,,,,,ø,,ø,ø,ø,ø,ø,,,,Monster a Day Compendium 2.0,10,,,Fleshwurm,Large,Monstrosity,fleshling,Chaotic Evil,6,,x,,,,,,,,x,,,ø,,,,,,,Dark Arts Player's Companion,42,,,,,,,,,,,
Bone Knight,Medium,Humanoid,Any Race,Any Non-Good,5,,x,,,,,,,,,,,,,,,,,,Eberron: Rising from the Last War,316,,,Lost Soul,Medium,Undead,,Any,5,,,,,,,,ø,ø,ø,ø,ø,ø,ø,ø,ø,ø,ø,,Dark Arts Player's Companion,43,,,,,,,,,,,
Bone Naga,Large,Undead,,Lawful Neutral,4,,x,,,,,,,,,,,,,,x,,,,Monster Manual,233,,,Blood Ooze,Large,Ooze,,Unaligned,3,,,,,,,,,,,,,,,,x,,,,Dark Arts Player's Companion,44,,,,,,,,,,,
Bone Roc,Huge,Undead,,Neutral Evil,8,,,,,,,,,,,,,,,,,,,,Vecna: Eve of Ruin,211,,,Necrotic Slime,Huge,Ooze,,Chaotic Evil,8,,,,,,,,,,,,,,,,x,,,,Dark Arts Player's Companion,45,,,,,,,,,,,
Bone Swarm,Large,Undead,Swarm,Chaotic Evil,10,,,,,,,,,,ø,,,ø,ø,,,,,,Tome of Beasts,41,,,Plaguebringer,Gargantuan,Monstrosity,shapechanger,Chaotic Evil,20,,x,x,,,,,ø,ø,ø,ø,ø,ø,ø,ø,ø,,ø,x,Dark Arts Player's Companion,46,,,,,,,,,,,
Boneclaw,Large,Undead,,Chaotic Evil,12,,,,,,,,x,,x,,,,,,,,x,,Mordenkainen Presents: Monsters of the Multiverse,66,,,Rothorror,Large,Undead,,Chaotic Evil,7,,,,,,,,ø,,,,ø,ø,,,,,ø,,Dark Arts Player's Companion,48,,,,,,,,,,,
Boneclaw,Large,Undead,,Chaotic Evil,12,,,,,,,,x,,x,,,,,,,,x,,Mordenkainen's Tome of Foes,121,,,Seafallen Crew,Medium,Undead,,Neutral Evil,1/4,,,,,,,,,ø,,,,,,,,x,,,Dark Arts Player's Companion,49,,,,,,,,,,,
Boneless,Medium,Undead,,Not Provided,1,,,,,,,,,,,,,,,,,,ø,,Van Richten's Guide to Ravenloft,228,,,Seafallen Captain,Medium,Undead,,Neutral Evil,4,,,,,,,,,ø,,,,,,,,x,,,Dark Arts Player's Companion,50,,,,,,,,,,,
Bonepowder Ghoul,Small,Undead,Ghoul,Neutral Evil,12,,x,,,,,,,,,,,,,ø,ø,,ø,,Tome of Beasts,214,,,Seafallen Host,Medium,Undead,,Neutral Evil,1,,,,,,,,,ø,,,,,,,,x,,,Dark Arts Player's Companion,50,,,,,,,,,,,
Boneshard Wraith,Medium,Undead,,Neutral Evil,12,,,,,,,,,,,,,x,,,,,,,Tome of Beasts 2,46,,,Shadow Elemental,Large,Elemental,,Neutral Evil,5,,,,,,,,,,,,,,,,x,,,x,Dark Arts Player's Companion,51,,,,,,,,,,,
Bonespitter,Gargantuan,Monstrosity,,Unaligned,13,,,,,,,,,,,,x,,,,,,,,Tome of Beasts 2,47,,,Shadowtouched Umberhulk,Large,Monstrosity,,Chaotic Evil,5,,,,,,,x,,,,,,,,,ø,,,x,Dark Arts Player's Companion,52,,,,,,,,,,,
Bonesucker,Large,Aberration,,Neutral Evil,4,,,,,,,,,,,x,x,x,,x,x,,,,Fifth Edition Foes,35,,,Ogre Skeleton,Large,Undead,,Lawful Evil,2,,,,,,,x,ø,ø,ø,ø,ø,ø,ø,ø,ø,ø,ø,ø,Dark Arts Player's Companion,53,,,,,,,,,,,
Bookkeeper,Tiny,Construct,,Unaligned,1/8,,,,,,,,,,,,,,,,,,x,,Creature Codex,55,,,Young Black Zombie Dragon,Large,Undead,,Unaligned,7,,,,,,,x,ø,ø,ø,ø,ø,ø,ø,ø,ø,ø,ø,ø,Dark Arts Player's Companion,54,,,,,,,,,,,
Boomer,Medium,Plant,,Unaligned,1/2,,,,,,,,,,,,,,,,x,,,,Tome of Beasts 2,157,,,Valaara,Medium,Aberration,Daelkyr,Neutral Evil,23,,,x,x,x,,,,,,,,,,,,,,x,DM's Guild: Exploring Eberron,235,,,,,,,,,,,
Boot Grabber,Small,Aberration,,Neutral,1/2,,,,,,,,,,,,,,,,x,,,,Creature Codex,56,,,The Forest Queen,Large,Fey,,Neutral,23,,x,x,x,x,,,,,,ø,,,,,,,,x,DM's Guild: Exploring Eberron,237,,,,,,,,,,,
Borborygmos,Huge,Giant,,Chaotic Neutral,18,,,x,,x,,,,,,ø,ø,ø,,,,,ø,,Guildmaster's Guide to Ravnica,238,,,The Forgotten Prince,Medium,Fey,,Chaotic Neutral,21,,x,x,x,x,,,,,,,,,,,,,,x,DM's Guild: Exploring Eberron,241,,,,,,,,,,,
Borea's Chosen,Medium,Humanoid,Any Race,Chaotic Evil,7,,,,,,,,x,,,,,,,,,,,,Tome of Beasts 2,48,,,Meld,Large,Undead,,Any,6,,,,,,,,,,,,,,,,ø,,ø,x,DM's Guild: Exploring Eberron,242,,,,,,,,,,,
Boreal Dragon Wyrmling,Medium,Dragon,,Chaotic Neutral,2,,,,,,,,x,,,x,,,,,,,,,Tome of Beasts 2,113,,,Merfolk Stormcaller,Medium,Humanoid,Merfolk,Neutral,8,,x,,,,,,,ø,,,,,,,,x,,,DM's Guild: Exploring Eberron,243,,,,,,,,,,,
Borivik Windheim,Medium,Humanoid,Human,Neutral Good,10,,x,,,x,,,,,,,,,,,,,x,,Minsc and Boo's Journal of Villainy,56,,,Du'ulora Quori,Large,Aberration,,Lawful Evil,11,,x,,,,,,,,,,,,,,,,ø,x,DM's Guild: Exploring Eberron,245,,,,,,,,,,,
Borsin (Ape Centaur),Large,Monstrosity,,Chaotic Evil,3,,,,,,,,,,,x,x,x,,,,,,,Fifth Edition Foes,36,,,Claw of Sha'argon,Large,Humanoid,Sahuagin,Lawful Evil,11,,x,,,,,,,ø,,,,,,,,x,,,DM's Guild: Exploring Eberron,247,,,,,,,,,,,
Borthak,Huge,Monstrosity,,Chaotic Evil,15,,,x,,,,,,,,,,,,,,,,,Vecna: Eve of Ruin,212,,,Plasmid,Large,Monstrosity,Shapechanger,Neutral,5,,,,,,,,,ø,,,,,,,,x,,,DM's Guild: Exploring Eberron,247,,,,,,,,,,,
Bouda,Medium,Fiend,,Neutral Evil,5,,,,,,,,,,,,,,,,,,ø,ø,Tome of Beasts,44,,,Yarnspinner,Huge,Fey,Archfey,Lawful Good,10,,x,x,,,,,,,,,,,,,,,,x,Domains of Delight,22,,,,,,,,,,,
Bozak Draconian,Medium,Monstrosity,Sorcerer,Lawful Evil,2,,x,,,,,,,,,,,,,,,,,,Dragonlance: Shadow of the Dragon Queen,198,,,Belashyrra,Medium,Aberration,Daelkyr,Chaotic Evil,22,,,x,x,x,,,,,,,,,,,ø,,,x,Eberron: Rising from the Last War,286,,,,,,,,,,,
Brachyura Shambler,Medium,Monstrosity,,Neutral Evil,4,,,,,,,,,,,,,,,x,,,,,Tome of Beasts 2,49,,,Dyrrn,Medium,Aberration,Daelkyr,Chaotic Evil,24,,,x,x,x,,,,,,,,,,,,,,x,Eberron: Rising from the Last War,288,,,,,,,,,,,
Brackish Trudge,Large,Plant,,Unaligned,3,,,,,,,,,,,,,,,x,,,,,Strixhaven: A Cirriculum of Chaos,187,,,Clawfoot,Medium,Beast,,Unaligned,1,,,,,,,,,,,,x,ø,,,,,,,Eberron: Rising from the Last War,289,,,,,,,,,,,
Brahma Lutter,Medium,Humanoid,Elf,Neutral,2,,x,,,x,,,,,,,,,,,,,ø,,Acquisitions Incorporated,205,,,Fastieth,Medium,Beast,,Unaligned,1/4,,,,,,,,,,,,x,ø,,,,,,,Eberron: Rising from the Last War,289,,,,,,,,,,,
Brain Hood,Tiny,Aberration,,Neutral Evil,1/2,,x,,,,,, ,,,x,x,,,,,,,,Tome of Beasts 2,50,,,Dolgaunt,Medium,Aberration,,Lawful Evil,3,,,,,,,,,,,,,,,,x,,,x,Eberron: Rising from the Last War,290,,,,,,,,,,,
Brain in a Jar,Small,Undead,,Not Provided,3,,,,,,,,,,,,,,,,ø,,ø,ø,Van Richten's Guide to Ravenloft,229,"Icewind Dale: Icewind Dale: Rime of the Frostmaiden 279, Infernal Machine Rebuild 62, Lost Laboratory of Kwalish 38",,Dolgrim,Small,Aberration,,Chaotic Evil,1/2,,,,,,,,,,,,,,,,x,,,x,Eberron: Rising from the Last War,291,,,,,,,,,,,
Brains in Iron,Large,Construct,,Lawful Neutral,6,,,,,x,,,,,,,,,,,,,,,Infernal Machine Rebuild,48,,,Dusk Hag,Medium,Fey,,Neutral Evil,6,,x,,,,,,,,,ø,,,,ø,,,,,Eberron: Rising from the Last War,292,,,,,,,,,,,
Brass Dragon Wyrmling,Medium,Dragon,,Chaotic Good,1,,,,,,,,,,x,,,,,,,,,,Monster Manual,106,,,Expeditious Messenger,Tiny,Construct,,Neutral,1/8,,,,,,,,,,,,,,,,,,ø,,Eberron: Rising from the Last War,293,,,,,,,,,,,
Brass Man,Large,Construct,,Unaligned,6,,,,,,,,,,,,,,,,,,,x,Fifth Edition Foes,37,,,Iron Defender,Medium,Construct,,Neutral,1,,,,,,,,,,,,,,,,,,ø,,Eberron: Rising from the Last War,293,,,,,,,,,,,
Braxat,Huge,Giant,,Neutral Evil,9,,x,,,,,,,,,,,,,,,,,,Boo's Astral Menagerie,15,,,Inspired,Medium,Humanoid,Human,Lawful Evil,2,,x,,,,,,,,,,,,,,,,ø,,Eberron: Rising from the Last War,294,,,,,,,,,,,
Bridesmaid of Zuggtmoy,Medium,Plant,,Chaotic Evil,1/8,,,,,,,,,,,,,,,,,,,,Out of the Abyss,230,,,Karrnathi Undead Soldier,Medium,Undead,,Lawful Evil,3,,,,,,,,,,,,,,,,,,,,Eberron: Rising from the Last War,295,,,,,,,,,,,
Bridge Troll,Large,Giant,,Chaotic Evil,4,,,,,,,,,,,,,ø,,,,,,,Monster a Day Compendium 2.0,204,,,Lady Illmarrow,Medium,Undead,,Neutral Evil,22,,x,x,,x,,,x,,,,,,,,,,,,Eberron: Rising from the Last War,297,,,,,,,,,,,
Brigganock,Tiny,Fey,,Neutral Good,1/8,,x,,,,,,,,,,,,,,x,,,x,The Wild Beyond The Witchlight,230,,,Living Burning Hands,Medium,Construct,,Unaligned,1,,,,,,,,,,,,,,,,,,,,Eberron: Rising from the Last War,298,,,,,,,,,,,
Brimstone Locusthound,Medium,Monstrosity,,Neutral,3,,,,,,,,,,,,x,x,,,x,,,,Tome of Beasts 2,51,,,Living Cloudkill,Large,Construct,,Unaligned,7,,,,,,,,,,,,,,,,,,,,Eberron: Rising from the Last War,299,,,,,,,,,,,
Brine Sea Serpent,Huge,Dragon,Aquatic,Chaotic Evil,10,,,,,,,,,,,,,,,,,x,,,Fifth Edition Foes,199,,,Living Lightning Bolt,Large,Construct,,Unaligned,5,,,,,,,,,,,,,,,,,,,,Eberron: Rising from the Last War,299,,,,,,,,,,,
Bristled Moorbounder,Large,Beast,,Unaligned,3,,,,,,,,,,,,,x,,x,,,,,Explorer's Guide to Wildemount,295,,,The Lord of Blades,Medium,Humanoid,Warforged,Lawful Evil,18,,x,x,,x,,,,,,,,,,,,,,,Eberron: Rising from the Last War,300,,,,,,,,,,,
Brontosaurus,Gargantuan,Beast,dinosaur,Unaligned,5,,,,,,,,,,,x,x,,,,,,,,Mordenkainen Presents: Monsters of the Multiverse,95,"Volo's Guide to Monsters 139, Tomb of Annihilation 215",,Mordakhesh,Medium,Fiend,,Lawful Evil,15,,x,x,,x,,,,,,,,,,,,,,ø,Eberron: Rising from the Last War,301,,,,,,,,,,,
Brontotherium,Huge,Beast,,Unaligned,6,,,,,,,,,,,x,x,x,,,,,,,Fifth Edition Foes,183,,,Rak Tulkhesh,Huge,Fiend,,Neutral Evil,28,,x,x,,x,,,,,,,,,,,,,,ø,Eberron: Rising from the Last War,303,,,,,,,,,,,
Bronze Dragon Wyrmling,Medium,Dragon,,Lawful Good,2,,,,,,,,,x,,,,,,,,,,,Monster Manual,109,,,Sul Khatesh,Large,Fiend,,Lawful Evil,28,,x,x,,x,,,,,,,,,,,,,,ø,Eberron: Rising from the Last War,304,,,,,,,,,,,
Bronze Golem,Large,Construct,,Unaligned,3,,,,,,,,x,x,x,x,x,x,x,x,x,x,x,x,Creature Codex,196,,,Hashalaq Quori,Medium,Aberration,,Lawful Evil,9,,x,,,,,,,,,,,,,,,,,x,Eberron: Rising from the Last War,305,,,,,,,,,,,
Bronze Sable,Medium,Construct,,Unaligned,1,,,,,,,,,,,,,,,,,,x,,Mythic Odysseys of Theros,210,,,Kalaraq Quori,Medium,Aberration,,Lawful Evil,19,,x,,,,,,,,,,,,,,,,,x,Eberron: Rising from the Last War,306,,,,,,,,,,,
Bronze Scout,Medium,Construct,,Unaligned,1,,,,,,,,,,,x,x,x,x,,,,,,Mordenkainen's Tome of Foes,125,,,Tsucora Quori,Medium,Aberration,,Lawful Evil,7,,x,,,,,,,,,,,,,,,,,x,Eberron: Rising from the Last War,307,,,,,,,,,,,
Brood Butcher,Huge,Aberration,,Chaotic Evil,9,,,,,,,,,,,,,,,,,,,ø,Monster a Day Compendium 2.0,11,,,Radiant Idol,Large,Celestial,,Lawful Evil,11,,x,,,,,,,,,ø,ø,ø,ø,,,,ø,,Eberron: Rising from the Last War,308,,,,,,,,,,,
Brood Monitor,Huge,Aberration,,Chaotic Evil,7,,,,,,,,,,,,,,,,,,ø,ø,Monster a Day Compendium 2.0,12,,,Zakya Rakshasa,Medium,Fiend,,Lawful Evil,5,,x,,,,,,,,,,,,,,,,,ø,Eberron: Rising from the Last War,309,,,,,,,,,,,
Brood Sliver,Large,Monstrosity,Sliver,Neutral Evil,3,,,,,,,,,ø,,ø,ø,ø,ø,ø,ø,,,,Monster a Day Compendium 2.0,186,,,Undying Councilor,Medium,Undead,,Neutral Good,10,,x,x,,,,,,,,,,,,,,,ø,,Eberron: Rising from the Last War,311,,,,,,,,,,,
Broodiken,Tiny,Construct,,Neutral,1,,,,,,,,ø,ø,ø,ø,ø,ø,ø,ø,ø,,ø,,Tome of Beasts,45,,,Undying Soldier,Medium,Undead,,Neutral Good,2,,,,,,,,,,,,,,,,,,ø,,Eberron: Rising from the Last War,311,,,,,,,,,,,
Broodmother of Leng,Huge,Aberration,,Chaotic Evil,11,,x,,,,,,,,,,,,,,,,,x,Tome of Beasts 2,52,,,Valenar Hawk,Tiny,Fey,,Neutral,1/8,,,,,,,,,,,ø,,,,,,,,ø,Eberron: Rising from the Last War,312,,,,,,,,,,,
Broom of Animated Attack,Small,Construct,,Unaligned,1/4,,,,,,,,,,,,,,,,,,ø,,Curse of Strahd,226,,,Valenar Hound,Medium,Fey,,Neutral,1/2,,,,,,,,,,,ø,,,,,,,,ø,Eberron: Rising from the Last War,312,,,,,,,,,,,
Brother Ox,Huge,Fey,"Animal Lord, Shapechanger",Lawful Neutral,16,,,x,x,x,,,,,,,,x,x,,,,,,Creature Codex,24,,,Valenar Steed,Large,Fey,,Neutral,1/2,,,,,,,,,,,ø,,,,,,,,ø,Eberron: Rising from the Last War,312,,,,,,,,,,,
Brown Bear,Large,Beast,,Unaligned,1,,,,,,,,x,,,x,,x,,,,,,,Monster Manual,319,"Infernal Machine Rebuild 62, Player's Handbook 304",,Warforged Colossus,Gargantuan,Construct,,Unaligned,25,,,,,,,,,,,,,,,,,,,,Eberron: Rising from the Last War,314,,,,,,,,,,,
Brown Scavver,Large,Monstrosity,,Unaligned,4,,,,,,,,,,,,,,,,,,,,Boo's Astral Menagerie,49,,,Warforged Titan,Huge,Construct,,Lawful Neutral,8,,,,,,,,,,,,,,,,,,,,Eberron: Rising from the Last War,315,,,,,,,,,,,
Brume,Large,Aberration,,Neutral Evil,6,,,,,,,,x,x,x,x,x,x,x,x,x,,x,,Fifth Edition Foes,38,,,Bone Knight,Medium,Humanoid,Any Race,Any Non-Good,5,,x,,,,,,,,,,,,,,,,,,Eberron: Rising from the Last War,316,,,,,,,,,,,
Bucca,Tiny,Fey,,Neutral Evil,1/2,,x,,,,,,,,,,,,,,ø,,,,Tome of Beasts,46,,,Changeling,Medium,Humanoid,"Changeling, shapechanger",Any,1/2,,,,,,,,,,,,,,,,,,ø,,Eberron: Rising from the Last War,317,,,,,,,,,,,
Bugbear,Medium,Humanoid,Goblinoid,Chaotic Evil,1,,,,,,,,,,,x,x,,,,x,,,,Monster Manual,33,"Lost Mines of Phandelver 56, The Lost Dungeon of Rickedness: Big Rick Energy 36",,Kalashtar,Medium,Humanoid,Kalashtar,Any,1/4,,,,,,,,,,,,,,,,,,ø,,Eberron: Rising from the Last War,317,,,,,,,,,,,
Bugbear Chief,Medium,Humanoid,Goblinoid,Chaotic Evil,3,,,,,,,,,,,x,x,,,,x,,,,Monster Manual,33,,,Magewright,Medium,Humanoid,Any Race,Any,0,,x,,,,,,,,,,,,,,,,,,Eberron: Rising from the Last War,318,,,,,,,,,,,
Bukavac,Large,Monstrosity,,Neutral Evil,9,,,,,,,,,,,ø,,,,ø,,ø,,,Tome of Beasts,47,,,Shifter,Medium,Humanoid,Shifter,Any,1/2,,,,,,,,,,,,,,,,,,ø,,Eberron: Rising from the Last War,319,,,,,,,,,,,
Bulbous Violet,Medium,Plant,,Unaligned,1,,,,,,,,,,,x,,,,,,,,,Tome of Beasts 2,53,,,Tarkanan Assassin,Medium,Humanoid,Any Race,Any Non-Good,2,,x,,,,,,,,,,,,,,,,ø,,Eberron: Rising from the Last War,320,,,,,,,,,,,
Bulette,Large,Monstrosity,,Unaligned,5,,,,,,,,,,,,x,x,x,,,,,,Monster Manual,34,,,Warforged Soldier,Medium,Humanoid,Warforged,Any,1,,,,,,,,,,,,,,,,,,,,Eberron: Rising from the Last War,320,,,,,,,,,,,
Bulezau,Medium,Fiend,demon,Chaotic Evil,3,,,,,,,,,,,,,,,,,,,,Mordenkainen Presents: Monsters of the Multiverse,67,,,Aeorian Absorber,Large,Monstrosity,,Neutral Evil,10,,,,,,,,ø,,,,,,,,ø,,,ø,Explorer's Guide to Wildemount,283,,,,,,,,,,,
Bulezau,Medium,Fiend,Demon,Chaotic Evil,3,,,,,,,,,,,,,,,,,,,ø,Mordenkainen's Tome of Foes,131,Baldur's Gate: Descent into Avernus 230,,Aeorian Nullifier,Large,Monstrosity,,Neutral Evil,12,,x,,,,,,ø,,,,,,,,ø,,,ø,Explorer's Guide to Wildemount,283,,,,,,,,,,,
Bull,Large,Beast,,Unaligned,1/4,,,,,,,,,,,,x,,,,,,,,Tome of Beasts 2,388,,,Aeorian Reverser,Large,Monstrosity,,Neutral Evil,8,,,,,,,,ø,,,,,,,,ø,,,ø,Explorer's Guide to Wildemount,284,,,,,,,,,,,
Bullywug,Medium,Humanoid,Bullywug,Neutral Evil,1/4,,,,,,,,,,,,,,,x,,,,,Monster Manual,35,,,Blood Hunter,Medium,Humanoid,Any Race,Any,5,,,,,,,,ø,ø,ø,ø,ø,ø,ø,ø,ø,,ø,,Explorer's Guide to Wildemount,284,,,,,,,,,,,
Bullywug Croaker,Medium,Humanoid,Bullywug,Neutral Evil,2,,,,,,,,,,,,,,,x,,,,,Ghosts of Saltmarsh,232,,,Core Spawn Crawler,Small,Aberration,,Chaotic Evil,1,,,,,,,,,,,,,,,,x,,,x,Explorer's Guide to Wildemount,286,,,,,,,,,,,
Bullywug Knight,Medium,Humanoid,,Lawful Good,3,,,,,,,,,,,,,,,x,,,,,The Wild Beyond The Witchlight,231,,,Core Spawn Emissary,Medium,Aberration,,Neutral Evil,6,,,,,,,,,,,,,,,,x,,,x,Explorer's Guide to Wildemount,286,,,,,,,,,,,
Bullywug Royal,Medium,Humanoid,Bullywug,Neutral Evil,3,,,,,,,,,,,,,,,x,,,,,Ghosts of Saltmarsh,232,The Wild Beyond The Witchlight 231,,Core Spawn Seer,Medium,Aberration,,Chaotic Evil,13,,,,,,,,,,,,,,,,x,,,x,Explorer's Guide to Wildemount,286,,,,,,,,,,,
Bullywug Shaman,Medium,Humanoid,Bullywug,Neutral Evil,2,,x,,,,,,,,,,,,,ø,,,,,Monster a Day Compendium 2.0,13,,,Core Spawn Worm,Gargantuan,Aberration,,Chaotic Evil,15,,,,,,,,,,,,,,,,x,,,x,Explorer's Guide to Wildemount,287,,,,,,,,,,,
Buraq,Medium,Celestial,,Lawful Good,11,,x,,,,,,,,,,,,,,,,,ø,Tome of Beasts,48,,,Frost Giant Zombie,Huge,Undead,,Neutral Evil,9,,,,,,,,x,,,,,,ø,,,,,,Explorer's Guide to Wildemount,288,,,,,,,,,,,
Burning Dervish,Medium,Fiend,,Lawful Neutral,3,,x,,,,,,,,,,,,,,,,,x,Fifth Edition Foes,39,,,Frost Worm,Gargantuan,Monstrosity,,Unaligned,17,,,,,,,,x,,,,,,,,,,,,Explorer's Guide to Wildemount,289,,,,,,,,,,,
Burning Skeleton,Medium,Undead,,Lawful Neutral,1,,,,,,,,,,ø,,ø,,,,ø,,ø,,Monster a Day Compendium 2.0,14,,,Gearkeeper Construct,Large,Construct,,Unaligned,10,,,,,,,,,,,,,,,,ø,,ø,,Explorer's Guide to Wildemount,290,,,,,,,,,,,
Burnished Hart,Medium,Construct,,Unaligned,2,,,,,,,,,,,x,x,,,,,,,x,Mythic Odysseys of Theros,211,,,Gloomstalker,Large,Monstrosity,,Neutral Evil,6,,,,,,,,,,,,,,,,ø,,,x,Explorer's Guide to Wildemount,291,,,,,,,,,,,
Burrowling,Small,Humanoid,,Lawful Neutral,1/2,,,,,,,,,,,ø,ø,ø,,,,,,,Tome of Beasts,49,,,Horizonback Tortoise,Gargantuan,Monstrosity,,Unaligned,8,,,,,,,,,x,,,x,ø,,,,,,,Explorer's Guide to Wildemount,292,,,,,,,,,,,
Burrowshark,Medium,Humanoid,Human,Neutral Evil,4,,,,,,,,,,,,,,,,,,,,Princes of the Apocalypse,196,,,Husk Zombie,Medium,Undead,,Neutral Evil,1,,,,,,,,,,,,,,,,,,,,Explorer's Guide to Wildemount,293,,,,,,,,,,,
Butatsch,Gargantuan,Aberration,,Chaotic Neutral,14,,,,,,,,,,,,,x,x,,x,x,,,Tome of Beasts 2,54,,,Merrow Shallowpriest,Large,Monstrosity,,Chaotic Evil,4,,x,,,,,,,x,,,,,,,ø,x,,,Explorer's Guide to Wildemount,294,,,,,,,,,,,
Byakhee,Large,Aberration,,Chaotic Evil,4,,,,,,,,,,,,,,,,,,,x,Sandy Petersen's Cthulhu Mythos,287,,,Bristled Moorbounder,Large,Beast,,Unaligned,3,,,,,,,,,,,,,x,,x,,,,,Explorer's Guide to Wildemount,295,,,,,,,,,,,
Cackler,Small,Fiend,Demon,Chaotic Evil,1/2,,x,,,,,,,,,,,,,,ø,,ø,ø,Guildmaster's Guide to Ravnica,195,,,Moorbounder,Large,Beast,,Unaligned,1,,,,,,,,,,,,,x,,x,,,,,Explorer's Guide to Wildemount,295,,,,,,,,,,,
Cackling Skeleton,Medium,Undead,,Neutral Evil,1/2,,,,,,,,x,x,x,x,x,x,x,x,x,x,x,,Tome of Beasts 2,330,,,Nergaliid,Large,Fiend,,Lawful Evil,3,,,,,,,,,,,,,,,,,,ø,ø,Explorer's Guide to Wildemount,296,,,,,,,,,,,
Cactid,Large,Plant,,Unaligned,3,,,,,,,,,,ø,,,,,,,,,,Tome of Beasts,50,,,Sahuagin Warlock of Uk'otoa,Medium,Humanoid,Sahuagin,Neutral Evil,3,,x,,,,,,,x,,,,,,,,x,,,Explorer's Guide to Wildemount,297,,,,,,,,,,,
Cacus Giant,Huge,Giant,,Chaotic Evil,6,,,,,,,,,,,,,,x,,,,,,Creature Codex,181,,,Sea Fury,Medium,Fey,,Chaotic Evil,12,,x,x,x,,,,,ø,,,,,,,,x,,,Explorer's Guide to Wildemount,299,,,,,,,,,,,
Cadaver,Medium,Undead,,Chaotic Evil,1/2,,,,,,,,x,x,x,x,x,x,x,x,x,,x,,Fifth Edition Foes,40,,,Shadowgast,Medium,Undead,,Chaotic Evil,5,,,,,,,,,,,,,,,,,,,,Explorer's Guide to Wildemount,299,,,,,,,,,,,
Cadaver Collector,Large,Construct,,Lawful Evil,14,,,,,,,,,,,,x,,,,,,,,Mordenkainen Presents: Monsters of the Multiverse,68,Mordenkainen's Tome of Foes 122,,Swavain Basilisk,Huge,Monstrosity,,Unaligned,7,,,,,,,,,x,,,,,,,,x,x,,Explorer's Guide to Wildemount,300,,,,,,,,,,,
Cadaver Lord,Medium,Undead,,Chaotic Evil,3,,,,,,,,x,x,x,x,x,x,x,x,x,,x,,Fifth Edition Foes,41,,,Udaak,Gargantuan,Fiend,,Neutral Evil,16,,,,,,,,,,,,x,x,,,,,,,Explorer's Guide to Wildemount,301,,,,,,,,,,,
Cadaver Sprite,Tiny,Undead,,Neutral Evil,1/2,,,,,,,,,,,x,,,,,,,,,Tome of Beasts 2,55,,,Aaztar-ghola,Medium,Humanoid,,Chaotic Evil,4,,,,,,,,x,x,x,x,x,x,x,x,x,,x,,Fifth Edition Foes,5,,,,,,,,,,,
Cairnwight,Huge,Undead,,Neutral,9,,,,,,,,,,,,,,,,,,,,Bigby Presents: Glory of the Giants,122,,,Adherer,Medium,Aberration,,Lawful Neutral,2,,x,,,,,,,,,x,,,,x,x,,,,Fifth Edition Foes,6,,,,,,,,,,,
Cambion,Medium,Fiend,,Any Evil,5,,,,,,,,,,,,,,,,,,x,,Monster Manual,36,,,Aerial Servant,Medium,Fiend,,Neutral,9,,,,,,,,,,x,,x,,x,,,,,,Fifth Edition Foes,7,,,,,,,,,,,
Cambium,Large,Fiend,,Neutral Evil,14,,x,,,,,,,,,,,,,,,,ø,,Tome of Beasts,51,,,Algoid,Medium,Plant,,Neutral,3,,,,,,,,,,,x,,,,x,,,,,Fifth Edition Foes,8,,,,,,,,,,,
Camel,Large,Beast,,Unaligned,1/8,,,,,,,,,,x,,,,,,,,,,Monster Manual,320,,,Amphoron of Yothri Worker,Small,Construct,,Neutral,1/2,,,,,,,,x,x,x,x,x,x,x,x,x,,x,,Fifth Edition Foes,9,,,,,,,,,,,
Camlash,Huge,Fiend,Demon,Chaotic Evil,22,,,,,x,,,,,,,,,,,,,,,Vecna: Eve of Ruin,181,,,Amphoron of Yothri Juggernaut,Large,Construct,,Neutral,6,,,,,,,,x,x,x,x,x,x,x,x,x,,x,,Fifth Edition Foes,10,,,,,,,,,,,
Campestri,Tiny,Plant,,Unaligned,0,,,,,,,,,,,ø,,,,ø,,,,,The Wild Beyond The Witchlight,232,,,Amphoron of Yothri Warrior,Medium,Construct,,Neutral,2,,,,,,,,x,x,x,x,x,x,x,x,x,,x,,Fifth Edition Foes,10,,,,,,,,,,,
Canoloth,Medium,Fiend,yogoloth,Neutral Evil,8,,,,,,,,,x,,,,,,,x,,x,,Mordenkainen Presents: Monsters of the Multiverse,69,,,Ant Lion,Large,Beast,,Unaligned,4,,,,,,,,,,x,,,,,,,,,,Fifth Edition Foes,11,,,,,,,,,,,
Canoloth,Medium,Fiend,Yugoloth,Neutral Evil,8,,,,,,,,,x,,,,,,,x,,x,ø,Mordenkainen's Tome of Foes,247,,,Flying Ape,Large,Monstrosity,,Chaotic Neutral,2,,,,,,,,,,,x,x,x,,,,,,,Fifth Edition Foes,12,,,,,,,,,,,
Canopic Golem,Large,Construct,,Not Provided,13,,,,,,,,,,ø,,,,,,,,,,Candlekeep Mysteries,179,,,Aranea,Large,Monstrosity,,Chaotic Evil,3,,,,,,,,,,,x,,,x,x,x,,,,Fifth Edition Foes,13,,,,,,,,,,,
Capra Demon,Large,Fiend,Demon,Chaotic Evil,6,,,,,,,,,,,,,,,,,,,ø,Monster a Day Compendium 2.0,16,,,Arcanoplasm,Large,Monstrosity,,Neutral,4,,,,,,,,,,,,,,,,x,,,,Fifth Edition Foes,14,,,,,,,,,,,
Captain Othelstan,Medium,Humanoid,Human,Lawful Neutral,5,,,,,x,,,,,,,,,,,,,,,Hoard of the Dragon Queen,89,,,Artificer of Yothri,Medium,Aberration,,Chaotic Evil,5,,,,,,,,x,x,x,x,x,x,x,x,x,,x,,Fifth Edition Foes,15,,,,,,,,,,,
Caradoc,Medium,Undead,,Neutral Evil,8,,,,,x,,,,,,,,,,,,,,,Dragonlance: Shadow of the Dragon Queen,193,,,Ascomoid,Large,Plant,Fungus,Unaligned,3,,x,,,,,,,,,,,,,,x,,,,Fifth Edition Foes,16,,,,,,,,,,,
Carbuncle,Small,Monstrosity,,Chaotic Good,1,,,,,,,,,,,x,,,,,,,,,Creature Codex,57,,,Astral Moth,Large,Monstrosity,,Any Neutral,1/8,,,,,,,,x,x,x,x,x,x,x,x,x,,x,,Fifth Edition Foes,18,,,,,,,,,,,
Carbuncle,Small,Aberration,,Unaligned,1/8,,,,,,,,,,,x,,,,,,,,,Fifth Edition Foes,42,,,Astral Shark,Large,Fiend,,Neutral,5,,,,,,,,,,,,,,,,,,,x,Fifth Edition Foes,19,,,,,,,,,,,
Carnivorous Ship,Gargantuan,Monstrosity,Shapechanger,Neutral,13,,,,,,,,,x,,,,,,,,x,,,Tome of Beasts 2,56,,,Aurumvorax,Small,Monstrosity,,Unaligned,5,,,,,,,,,x,,x,x,x,,,,,,,Fifth Edition Foes,20,,,,,,,,,,,
Carnivorous Sod,Medium,Plant,,Unaligned,1,,,,,,,,,,,,x,,,,,,,,Tome of Beasts 2,57,,,Crimson Basilisk,Medium,Monstrosity,,Unaligned,3,,,,,,,,,,,,,,,,x,,,,Fifth Edition Foes,21,,,,,,,,,,,
Carrier Mosquito,Large,Beast,,Unaligned,3,,,,,,,,,,,,,,,x,,,,,Tome of Beasts 2,389,,,Greater Basilisk,Large,Monstrosity,,Neutral Evil,5,,,,,,,,,,x,,,,,,,,,,Fifth Edition Foes,22,,,,,,,,,,,
Carrion Beetle,Large,Beast,,Neutral,4,,,,,,,,,,,,,,,,ø,,,,Tome of Beasts,52,,,Doombat,Large,Monstrosity,,Unaligned,3,,,,,,,,,,,,,,,,x,,,,Fifth Edition Foes,23,,,,,,,,,,,
Carrion Crawler,Large,Monstrosity,,Unaligned,2,,x,,,,,,,,,,,,,,x,,,,Monster Manual,37,,,Giant Rhinoceros Beetle,Large,Beast,,Unaligned,4,,,,,,,,,,,x,x,x,,,,,,,Fifth Edition Foes,24,,,,,,,,,,,
Carrion Stalker,Tiny,Monstrosity,,Not Provided,3,,,,,,,,,,,,,,,,ø,,ø,,Van Richten's Guide to Ravenloft,230,,,Giant Slicer Beetle,Large,Beast,,Unaligned,3,,,,,,,,,,,x,x,x,,,,,,,Fifth Edition Foes,24,,,,,,,,,,,
Carrionette,Small,Construct,,Not Provided,1,,,,,,,,,,,,,,,,,,ø,,Van Richten's Guide to Ravenloft,231,,,Giant Water Beetle,Medium,Beast,Aquatic,Unaligned,1/2,,,,,,,,,x,,,,,,x,,x,,,Fifth Edition Foes,25,,,,,,,,,,,
Carytid Column,Medium,Construct,,Unaligned,1,,,,,,,,,,,x,x,x,,,,,,,Fifth Edition Foes,43,,,Biclops,Huge,Giant,,Neutral,6,,,,,,,,,,,,,x,x,,,,,,Fifth Edition Foes,26,,,,,,,,,,,
Cat,Tiny,Beast,,Unaligned,0,,,,,,x,,,,,x,x,,,,,,x,,Monster Manual,320,"Infernal Machine Rebuild 62, Player's Handbook 305",,Vicious Blood Hawk,Small,Monstrosity,,Unaligned,1/4,,,,,,,,x,x,x,x,x,x,x,x,x,,x,,Fifth Edition Foes,27,,,,,,,,,,,
Category 1 Krasis,Medium,Monstrosity,,Unaligned,1,,,,,,,,,ø,,,,,,ø,ø,ø,ø,,Guildmaster's Guide to Ravnica,210,,,Blood Orchid,Large,Aberration,,Chaotic Evil,5,,,,,,,,,,,,,,,,x,,,,Fifth Edition Foes,28,,,,,,,,,,,
Category 2 Krasis,Large,Monstrosity,,Unaligned,6,,,,,,,,,ø,,,,,,ø,ø,ø,ø,,Guildmaster's Guide to Ravnica,211,,,Blood Orchid Savant,Huge,Aberration,,Lawful Neutral,7,,x,,,,,,,,,,,,,,x,,,,Fifth Edition Foes,28,,,,,,,,,,,
Category 3 Krasis,Huge,Monstrosity,,Unaligned,16,,,,,,,,,ø,,,,,,ø,ø,ø,ø,,Guildmaster's Guide to Ravnica,212,,,Blood Orchid Grand Savant,Large,Aberration,,Lawful Neutral,9,,,,,,,,,,,,,,,,x,,,,Fifth Edition Foes,29,,,,,,,,,,,
Caterprism,Large,Monstrosity,,Unaligned,4,,,,,,,,,,,,,,,,,,,x,Fifth Edition Foes,45,,,Bloodsuckle,Large,Plant,,Unaligned,3,,x,,,,,,,,,x,x,x,,,,,,,Fifth Edition Foes,30,,,,,,,,,,,
Catoblepas,Large,Monstrosity,,Unaligned,5,,,,,,,,,,,,,,,x,,,,,Fifth Edition Foes,47,,,Bloody Bones,Medium,Undead,,Chaotic Evil,2,,,,,,,,,,,,,,,,x,,x,,Fifth Edition Foes,31,,,,,,,,,,,
Catoblepas,Large,Monstrosity,,Unaligned,5,,,,,,,,,,,,,,,x,,,,,Mordenkainen Presents: Monsters of the Multiverse,70,,,Boalisk,Large,Beast,,Unaligned,1,,,,,,,,,x,,x,,,,x,,,,,Fifth Edition Foes,32,,,,,,,,,,,
Catoblepas,Large,Monstrosity,,Unaligned,5,,,,,,,,,,,,,,,x,,,,,Volo's Guide to Monsters,129,,,Bone Cobbler,Medium,Aberration,,Chaotic Evil,2,,,,,,,,,,,,,,,,x,,,,Fifth Edition Foes,33,,,,,,,,,,,
Cats of Ulthar,Huge,Beast,Swarm,Unaligned,4,,,,,,,,,,,,x,,,,,,x,,Creature Codex,58,,,Greater Boneneedle,Medium,Beast,,Unaligned,1,,,,,,,,,,,,,,,,x,,,,Fifth Edition Foes,34,,,,,,,,,,,
Catscratch,Huge,Aberration,,Chaotic Evil,3,,,,,,,,,,,,,,,,,,x,,Tome of Beasts 2,58,,,Lesser Boneneedle,Small,Beast,,Unaligned,1/4,,,,,,,,,,,,,,,,x,,,,Fifth Edition Foes,34,,,,,,,,,,,
Cauldronborn,Small,Construct,,Unaligned,2,,,,,,,,x,x,x,x,x,x,x,x,x,x,x,x,Creature Codex,59,,,Bonesucker,Large,Aberration,,Neutral Evil,4,,,,,,,,,,,x,x,x,,x,x,,,,Fifth Edition Foes,35,,,,,,,,,,,
Caustic Crawler,Medium,Monstrosity,,Unaligned,4,,,,,,,,ø,,,ø,ø,ø,ø,ø,ø,,,,Monster a Day Compendium 2.0,15,,,Borsin (Ape Centaur),Large,Monstrosity,,Chaotic Evil,3,,,,,,,,,,,x,x,x,,,,,,,Fifth Edition Foes,36,,,,,,,,,,,
Cavalry Scout,Medium,Humanoid,Human,Unaligned,1/2,,,,,,,,,,,,,,,,,,ø,,Monster a Day Compendium 2.0,90,,,Brass Man,Large,Construct,,Unaligned,6,,,,,,,,,,,,,,,,,,,x,Fifth Edition Foes,37,,,,,,,,,,,
Cave Cricket,Small,Beast,,Unaligned,1/4,,,,,,,,,,,,,,,,x,,,,Fifth Edition Foes,48,,,Brume,Large,Aberration,,Neutral Evil,6,,,,,,,,x,x,x,x,x,x,x,x,x,,x,,Fifth Edition Foes,38,,,,,,,,,,,
Cave Dragon Wyrmling,Medium,Dragon,,Neutral Evil,2,,x,,,,,,,,,,,,,,ø,,,,Tome of Beasts,126,,,Burning Dervish,Medium,Fiend,,Lawful Neutral,3,,x,,,,,,,,,,,,,,,,,x,Fifth Edition Foes,39,,,,,,,,,,,
Cave Drake,Large,Dragon,,Neutral,3,,,,,,,,,,,,,,x,,x,,,,Tome of Beasts 2,119,,,Cadaver,Medium,Undead,,Chaotic Evil,1/2,,,,,,,,x,x,x,x,x,x,x,x,x,,x,,Fifth Edition Foes,40,,,,,,,,,,,
Cave Eel,Medium,Beast,,Unaligned,1/4,,,,,,,,,,,,,,,,x,,,,Fifth Edition Foes,49,,,Cadaver Lord,Medium,Undead,,Chaotic Evil,3,,,,,,,,x,x,x,x,x,x,x,x,x,,x,,Fifth Edition Foes,41,,,,,,,,,,,
Cave Fisher,Large,Monstrosity,,Unaligned,2,,,,,,,,,,,x,x,,,,x,,,,Fifth Edition Foes,50,,,Carbuncle,Small,Aberration,,Unaligned,1/8,,,,,,,,,,,x,,,,,,,,,Fifth Edition Foes,42,,,,,,,,,,,
Cave Fisher,Medium,Monstrosity,,Unaligned,3,,,,,,,,,,,,,,,,x,,,,Mordenkainen Presents: Monsters of the Multiverse,73,,,Carytid Column,Medium,Construct,,Unaligned,1,,,,,,,,,,,x,x,x,,,,,,,Fifth Edition Foes,43,,,,,,,,,,,
Cave Fisher,Medium,Monstrosity,,Unaligned,3,,,,,,,,,,,,,,,,x,,,,Volo's Guide to Monsters,130,,,Feral Undead Cat,Small,Undead,,Chaotic Evil,1/8,,,,,,,,,,,,,,,,x,,x,,Fifth Edition Foes,44,,,,,,,,,,,
Cave Giant,Huge,Giant,,Chaotic Evil,10,,,,,,,,,,,,,,,,x,,,,Creature Codex,182,,,Caterprism,Large,Monstrosity,,Unaligned,4,,,,,,,,,,,,,,,,,,,x,Fifth Edition Foes,45,,,,,,,,,,,
Cave Giant Shaman,Huge,Giant,,Chaotic Evil,14,,x,,,,,,,,,,,,,,x,,,,Tome of Beasts 2,171,,,Giant Electric Catfish,Large,Beast,Aquatic,Unaligned,3,,,,,,,,,x,,,,,,x,,x,,,Fifth Edition Foes,46,,,,,,,,,,,
Cave Goat,Small,Beast,,Unaligned,1/4,,,,,,,,,,,,,,,,x,,,,Tome of Beasts 2,389,,,Catoblepas,Large,Monstrosity,,Unaligned,5,,,,,,,,,,,,,,,x,,,,,Fifth Edition Foes,47,,,,,,,,,,,
Cave Leech,Large,Beast,,Chaotic Evil,6,,,,,,,,,,,,,,,,x,,,,Fifth Edition Foes,51,,,Cave Cricket,Small,Beast,,Unaligned,1/4,,,,,,,,,,,,,,,,x,,,,Fifth Edition Foes,48,,,,,,,,,,,
Cavefish Zombie,Medium,Undead,,Neutral Evil,1/2,,,,,,,,,,,,,,,,x,x,,,Tome of Beasts 2,384,,,Cave Eel,Medium,Beast,,Unaligned,1/4,,,,,,,,,,,,,,,,x,,,,Fifth Edition Foes,49,,,,,,,,,,,
Cavelight Moss,Large,Plant,,Neutral,4,,,,,,,,,,,,,,,,ø,,,,Tome of Beasts,53,,,Cave Fisher,Large,Monstrosity,,Unaligned,2,,,,,,,,,,,x,x,,,,x,,,,Fifth Edition Foes,50,,,,,,,,,,,
Ceaseless Discharge,Gargantuan,Fiend,Demon,Chaotic Neutral,14,,,,,,,,,,,,,,,,,,,ø,Monster a Day Compendium 2.0,17,,,Cave Leech,Large,Beast,,Chaotic Evil,6,,,,,,,,,,,,,,,,x,,,,Fifth Edition Foes,51,,,,,,,,,,,
Centaur,Large,Monstrosity,,Neutral Good,2,,,,,,,,,,,x,x,,,,,,,,Monster Manual,38,,,Swarm of Centipedes,Medium,Beast,,Unaligned,1/2,,,,,,,,,,x,x,x,x,,x,,,x,,Fifth Edition Foes,52,,,,,,,,,,,
Centaur Chieftan,Large,Monstrosity,,Chaotic Neutral,5,,,,,,,,,,,,x,x,,,,,,,Creature Codex,60,,,Cerebral Stalker,Medium,Aberration,,Chaotic Evil,5,,,,,,,,,x,,x,x,x,x,,,,,,Fifth Edition Foes,53,,,,,,,,,,,
Centaur Mummy,Large,Undead,,Lawful Neutral,6,,,,,,,,,,,,,,,,,,,,Tales from the Yawning Portal,231,,,Chain Worm,Large,Beast,,Unaligned,12,,,,,,,,,,,x,x,x,,x,x,,,,Fifth Edition Foes,54,,,,,,,,,,,
Centaur Skeleton,Large,Undead,,Not Provided,2,,,,,,,,,ø,,ø,,,ø,,,,,,Tal'Dorei Campaign Setting Reborn,256,,,Chaos Knight,Medium,Fiend,,Chaotic Evil,4,,x,,,,,,,,,x,x,x,,,,,,,Fifth Edition Foes,55,,,,,,,,,,,
Ceratops,Gargantuan,Monstrosity,,Unaligned,9,,,,,,,,,,,,,,,,,,,,Bigby Presents: Glory of the Giants,129,,,Chupacabra,Small,Humanoid,,Chaotic Neutral,1,,,,,,,,,,,x,,x,,x,,,x,,Fifth Edition Foes,56,,,,,,,,,,,
Cerebral Stalker,Medium,Aberration,,Chaotic Evil,5,,,,,,,,,x,,x,x,x,x,,,,,,Fifth Edition Foes,53,,,Church Grim,Medium,Monstrosity,Incorporeal,Lawful Good,1,,,,,,,,,,,,,,,,,,,x,Fifth Edition Foes,57,,,,,,,,,,,
Chain Devil,Medium,Fiend,Devil,Lawful Neutral,8,,,,,,,,,,,,,,,,,,,ø,Monster Manual,72,,,Churr,Large,Monstrosity,,Neutral Evil,4,,,,,,,,,,,x,,,,x,,,,,Fifth Edition Foes,58,,,,,,,,,,,
Chain Worm,Large,Beast,,Unaligned,12,,,,,,,,,,,x,x,x,,x,x,,,,Fifth Edition Foes,54,,,Cimota,Medium,Undead,,Lawful Neutral,2,,,,,,,,x,x,x,x,x,x,x,x,x,,x,,Fifth Edition Foes,59,,,,,,,,,,,
Chained Angel,Medium,Celestial,,Neutral Evil,8,,,,,,,,,,,,,,,,,,,ø,Tome of Beasts,20,,,Cimota Guardian,Medium,Undead,,Lawful Neutral,4,,,,,,,,x,x,x,x,x,x,x,x,x,,x,,Fifth Edition Foes,59,,,,,,,,,,,
Chainer Geist,Medium,Undead,,Chaotic Evil,4,,,,,,,,,,,,,,,,ø,,ø,,Monster a Day Compendium 2.0,18,,,High Cimota,Medium,Undead,,Lawful Neutral,6,,,,,,,,x,x,x,x,x,x,x,x,x,,x,,Fifth Edition Foes,60,,,,,,,,,,,
Chamaelean,Small,Humanoid,Chamaelean,Neutral,1/2,,,,,,,,,,,ø,ø,,,,,,,,Monster a Day Compendium 2.0,19,,,Giant Clam,Large,Beast,,Unaligned,1/4,,,,,,,,,x,,,,,,,,x,,,Fifth Edition Foes,61,,,,,,,,,,,
Chamberlain of Zuggtmoy,Large,Plant,,Chaotic Evil,2,,,,,,,,,,,,,,,,,,,,Out of the Abyss,230,,,Clamor,Medium,Aberration,"Extraplanar, Incorporeal",Unaligned,2,,,,,,,,,,x,x,x,x,x,,,,,,Fifth Edition Foes,62,,,,,,,,,,,
Chameleon Hydra,Huge,Monstrosity,,Unaligned,10,,,,,,,,,,,x,,,,,,,,,Tome of Beasts 2,208,,,Cobra Flower,Large,Plant,,Unaligned,2,,,,,,,,x,,,x,,,x,,,,,,Fifth Edition Foes,63,,,,,,,,,,,
Champion,Medium,Humanoid,,Any,9,,,,,,,,,,x,,,,,,,,x,,Mordenkainen Presents: Monsters of the Multiverse,74,,,Coffer Corpse,Medium,Undead,,Chaotic Evil,2,,,,,,,,,,,x,x,,,x,x,,,,Fifth Edition Foes,64,,,,,,,,,,,
Champion,Medium,Humanoid,Any Race,Any,9,,,,,,,,,,x,,,,,,,,x,,Volo's Guide to Monsters,212,"Tales from the Yawning Portal 231, Tomb of Annihilation 216, Waterdeep: Dungeon of the Mad Mage 312",,Cooshee,Medium,Monstrosity,,Neutral Good,1,,,,,,,,,,,x,,,,,,,,,Fifth Edition Foes,65,,,,,,,,,,,
Champion of Gorm,Medium,Humanoid,,Lawful Good,2,,,,,,,,,,,,,,,,,,,,Quests from the Infinite Staircase,203,,,Corpse Rook,Large,Monstrosity,,Neutral Evil,4,,,,,,,,,,x,,x,x,,,,,,,Fifth Edition Foes,66,,,,,,,,,,,
Champion of Madarua,Medium,Humanoid,,Chaotic Good,2,,,,,,,,,,,,,,,,,,,,Quests from the Infinite Staircase,220,,,Corpsespinner,Huge,Monstrosity,Extraplanar,Unaligned,5,,,,,,,,,,,,,,,,,,,x,Fifth Edition Foes,67,,,,,,,,,,,
Champion of Ravens,Medium,Celestial,,Not Provided,21,,x,,,x,,,,,,,,,,,,,,,Tal'Dorei Campaign Setting Reborn,275,,,Corpsespun,Medium,Undead,,Neutral,1,,,,,,,,,,,,,,,,,,,x,Fifth Edition Foes,68,,,,,,,,,,,
Champion of Usamigaras,Medium,Humanoid,,Chaotic Neutral,2,,x,,,,,,,,,,,,,,,,,,Quests from the Infinite Staircase,206,,,Crabman,Large,Monstrosity,,Neutral,1,,,,,,,,,x,,,,,,x,,x,,,Fifth Edition Foes,69,,,,,,,,,,,
Chamrosh,Medium,Celestial,,Neutral Good,1,,,,,,,,,,,,,,,,,,,x,Tome of Beasts 2,59,,,Monstrous Crayfish,Large,Beast,Aquatic,Unaligned,2,,,,,,,,,x,,,,,,x,,x,,,Fifth Edition Foes,70,,,,,,,,,,,
Changeling,Medium,Humanoid,"Changeling, shapechanger",Any,1/2,,,,,,,,,,,,,,,,,,ø,,Eberron: Rising from the Last War,317,,,Crimson Mist,Medium,Aberration,,Neutral Evil,7,,,,,,,,,,,,,,,x,x,,,,Fifth Edition Foes,71,,,,,,,,,,,
Chaos Knight,Medium,Fiend,,Chaotic Evil,4,,x,,,,,,,,,x,x,x,,,,,,,Fifth Edition Foes,55,,,Crypt Thing,Medium,Undead,,Neutral,3,,,,,,,,,,,,,,,,x,,x,,Fifth Edition Foes,72,,,,,,,,,,,
Chaos Quadrapod,Large,Aberration,,Chaotic Evil,4,,,,,,,,,,,,,,,,,,,x,Acquisitions Incorporated,209,,,Dagon,Large,Fiend,Aquatic,Chaotic Evil,20,,x,x,,,,,,x,,,,,,x,,x,,x,Fifth Edition Foes,73,,,,,,,,,,,
Chaos-Spawn Goblin,Small,Humanoid,Goblin,Neutral Evil,1/2,,,,,,,,,,,,,x,,,,,,,Creature Codex,190,,,Dark Creeper,Small,Humanoid,,Chaotic Neutral,1/4,,,,,,,,,,,,,,,,x,,,,Fifth Edition Foes,74,,,,,,,,,,,
Chardalyn Berserker,Medium,Fiend,,Chaotic Evil,4,,,,,,,,x,,,,,,,,,,,,Icewind Dale: Rime of the Frostmaiden,280,,,Dark Stalker,Medium,Humanoid,,Chaotic Neutral,2,,x,,,,,,,,,,,,,,x,,,,Fifth Edition Foes,75,,,,,,,,,,,
Chardalyn Dragon,Huge,Construct,,Chaotic Evil,11,,,,,,,,ø,,,,,,,,,,,,Icewind Dale: Rime of the Frostmaiden,281,,,Darnoc,Medium,Undead,,Lawful Neutral,2,,,,,,,,x,x,x,x,x,x,x,x,x,,x,,Fifth Edition Foes,76,,,,,,,,,,,
Charmayne Daymore,Medium,Elemental,Wizard,Neutral Evil,10,,x,x,,x,,,,,,,,,,,,,,,Keys from the Golden Vault,159,,,Lesser Death Dog,Medium,Monstrosity,,Neutral Evil,1/2,,,,,,,,,,x,,,,,,,,,,Fifth Edition Foes,77,,,,,,,,,,,
Charnel Whisperer,Medium,Monstrosity,,Chaotic Evil,5,,x,,,,,,,,,,,,ø,,x,,x,x,Sandy Petersen's Cthulhu Mythos,326,,,Death Worm,Large,Monstrosity,,Unaligned,3,,,,,,,,,,,x,x,x,,,,,,,Fifth Edition Foes,78,,,,,,,,,,,
Chasme,Large,Fiend,Demon,Chaotic Evil,6,,,,,,,,,,,,,,,,,,,ø,Monster Manual,57,,,Decapus,Medium,Aberration,,Chaotic Evil,2,,x,,,,,,,,,x,,,,,x,,,x,Fifth Edition Foes,79,,,,,,,,,,,
Chatterlome,Medium,Fiend,,Lawful Evil,7,,,,,,,,,,,,,,,,,,,x,Tome of Beasts 2,60,,,Teratashia,Large,Fiend,Demon,Chaotic Evil,15,,x,,,x,,,,,,,,,,,,,,x,Fifth Edition Foes,80,,,,,,,,,,,
Chelicerae,Large,Aberration,,Neutral Evil,7,,x,,,,,,,,ø,ø,,ø,ø,,,,ø,,Tome of Beasts,54,,,Thalasskoptis,Large,Fiend,Demon,Chaotic Evil,10,,x,x,,x,,,,x,,,,,,x,,x,,x,Fifth Edition Foes,81,,,,,,,,,,,
"Chemosh, Demon Lord of Conquest",Huge,Fiend,"Demon, Demon Lord",Chaotic Evil,19,,x,x,x,x,,,,,,,,,,,,,,x,Creature Codex,75,,,Demonic Knight,Medium,Fiend,,Chaotic Evil,5,,x,,,,,,x,x,x,x,x,x,x,x,x,,x,,Fifth Edition Foes,82,,,,,,,,,,,
Chernomoi,Tiny,Fey,,Neutral,1,,x,,,,,,,,,,,,,,,,ø,,Tome of Beasts,55,,,Denizen of Leng,Medium,Aberration,,Chaotic Evil,5,,x,,,,,,,,x,x,x,x,x,,,,,,Fifth Edition Foes,83,,,,,,,,,,,
Cherufe,Huge,Elemental,,Chaotic Evil,14,,,,,,,,,,,,,,x,,x,,,x,Tome of Beasts 2,61,,,Dire Corby,Medium,Monstrosity,,Neutral Evil,1/2,,,,,,,,,,,,,,,,x,,,,Fifth Edition Foes,84,,,,,,,,,,,
Child of the Briar,Tiny,Plant,,Neutral Evil,1,,,,,,,,,,,ø,,ø,,,,,,,Tome of Beasts,56,,,Black Dracolisk,Large,Dragon,,Unaligned,7,,,,,,,,,,x,,,,,x,x,,,,Fifth Edition Foes,85,,,,,,,,,,,
Child of Yggdrasil,Large,Aberration,,Neutral Evil,6,,,,,,,,,,,x,,,,,,,,,Creature Codex,61,,,Blue Dracolisk,Large,Dragon,,Unaligned,7,,,,,,,,,,x,,,,x,,x,,,,Fifth Edition Foes,85,,,,,,,,,,,
Chill Haunt,Medium,Undead,,Neutral Evil,3,,,,,,,,x,,,,,,,,,,,,Tome of Beasts 2,62,,,Green Dracolisk,Large,Dragon,,Unaligned,7,,,,,,,,,,,x,,,,,x,,,,Fifth Edition Foes,85,,,,,,,,,,,
Chimera,Large,Monstrosity,,Chaotic Evil,6,,,,,,,,,,,,x,x,x,,x,,,,Monster Manual,39,Rise of Tiamat Online Supplement 9,,Red Dracolisk,Large,Dragon,,Unaligned,7,,,,,,,,,,,,,,x,,x,,,,Fifth Edition Foes,85,,,,,,,,,,,
Chimeric Phantom,Medium,Undead,,Chaotic Neutral,2,,,,,,,,x,x,x,x,x,x,x,x,x,x,x,x,Tome of Beasts 2,63,,,White Dracolisk,Large,Dragon,,Unaligned,7,,,,,,,,x,,,,,,x,,x,,,,Fifth Edition Foes,85,,,,,,,,,,,
Chitine,Small,Monstrosity,,Chaotic Evil,1/2,,,,,,,,,,,,,,,,x,,,,Mordenkainen Presents: Monsters of the Multiverse,75,Volo's Guide to Monsters 131,,Fire Drake,Small,Dragon,,Chaotic Evil,1,,,,,,,,,,x,,,x,x,,,,,,Fifth Edition Foes,86,,,,,,,,,,,
"Chittr'k'k, Demon Lord of Rats",Medium,Fiend,"Demon, Demon Lord",Chaotic Evil,13,,,x,x,x,,,,,,,,,,,,,,x,Creature Codex,76,,,Ice Drake,Small,Dragon,,Chaotic Evil,1,,x,,,,,,x,,,,,,x,,,,,,Fifth Edition Foes,87,,,,,,,,,,,
Choker,Small,Aberration,,Chaotic Evil,1,,,,,,,,,,,x,,,x,,x,,,,Mordenkainen Presents: Monsters of the Multiverse,76,,,Dust Digger,Large,Aberration,,Unaligned,3,,,,,,,,,,x,,,,,,,,,,Fifth Edition Foes,88,,,,,,,,,,,
Choker,Small,Aberration,,Chaotic Evil,1,,,,,,,,,,,x,,,x,,x,,,,Mordenkainen's Tome of Foes,123,Tales from the Yawning Portal 232,,Eblis,Medium,Monstrosity,,Neutral Evil,1/2,,x,,,,,,,,,x,,,,x,,,,,Fifth Edition Foes,89,,,,,,,,,,,
Choldrith,Medium,Monstrosity,,Chaotic Evil,3,,x,,,,,,,,,,,,,,x,,,,Mordenkainen Presents: Monsters of the Multiverse,77,,,Ectoplasm,Large,Ooze,,Unaligned,2,,,,,,,,x,x,x,x,x,x,x,x,x,,x,,Fifth Edition Foes,90,,,,,,,,,,,
Choldrith,Medium,Monstrosity,,Chaotic Evil,3,,x,,,,,,,,,,,,,,x,,,,Volo's Guide to Monsters,132,,,Giant Moray Eel,Medium,Beast,Aquatic,Unaligned,2,,,,,,,,,x,,,,,,x,,x,,,Fifth Edition Foes,91,,,,,,,,,,,
Chort,Medium,Fiend,Devil,Lawful Neutral,12,,x,,,,,,,,,,,,,,,,,ø,Tome of Beasts,104,,,Gulper Eel,Large,Beast,Aquatic,Unaligned,3,,,,,,,,,x,,,,,,,,x,,,Fifth Edition Foes,92,,,,,,,,,,,
Chromatic Greatwyrm,Gargantuan,Dragon,Chromatic,Chaotic Evil,27,,,x,,,,,ø,ø,ø,ø,ø,ø,ø,ø,ø,,,,Fizban's Treasury of Dragons,168,,,Elusa Hound,Medium,Monstrosity,,Unaligned,1,,,,,,,,,,,x,x,x,,,,,,,Fifth Edition Foes,93,,,,,,,,,,,
Chronalmental,Large,Elemental,,Unaligned,8,,,,,,,,,,,,,,,,,,,ø,Tome of Beasts,57,,,Encephalon Gorger,Medium,Aberration,,Chaotic Evil,4,,,,,,,,,,x,x,x,x,x,,,,,,Fifth Edition Foes,94,,,,,,,,,,,
Chronomatic Enhancer,Large,Construct,,Unaligned,12,,,,,,,,,,,,,,,,,,x,,Tome of Beasts 2,64,,,Giant Ant Exoskeleton,Large,Construct,,Unaligned,1/2,,,,,,,,,,x,,x,,,,,,,,Fifth Edition Foes,95,,,,,,,,,,,
Chuhaister,Large,Giant,,Chaotic Evil,7,,,,,,,,,,,x,,,,,,,,,Creature Codex,62,,,Giant Beetle Exoskeleton,Large,Construct,,Unaligned,2,,,,,,,,,,x,x,x,x,x,,,,,,Fifth Edition Foes,96,,,,,,,,,,,
Chupacabra,Small,Monstrosity,,Unaligned,1/2,,,,,,,,,,,,x,x,,,,,,,Creature Codex,63,,,Giant Crab Exoskeleton,Large,Construct,,Unaligned,3,,x,,,,,,,,x,x,x,x,x,,,,,,Fifth Edition Foes,97,,,,,,,,,,,
Chupacabra,Small,Humanoid,,Chaotic Neutral,1,,,,,,,,,,,x,,x,,x,,,x,,Fifth Edition Foes,56,,,Fear Guard,Medium,Undead,,Chaotic Evil,3,,,,,,,,,,,,,,,,x,,,,Fifth Edition Foes,98,,,,,,,,,,,
Chupacabra,Medium,Monstrosity,,Neutral Evil,3,,,,,,,,,,,ø,,,,,,,ø,,Planeshift: Ixalan,37,,,Fen Witch,Medium,Monstrosity,,Chaotic Evil,2,,,,,,,,,,,,,,,x,,,,,Fifth Edition Foes,99,,,,,,,,,,,
Church Grim,Medium,Monstrosity,Incorporeal,Lawful Good,1,,,,,,,,,,,,,,,,,,,x,Fifth Edition Foes,57,,,Fetch,Medium,Undead,,Lawful Neutral,1,,,,,,,,x,,,,,x,x,,,,,,Fifth Edition Foes,100,,,,,,,,,,,
Churr,Large,Monstrosity,,Neutral Evil,4,,,,,,,,,,,x,,,,x,,,,,Fifth Edition Foes,58,,,Greater Fire Crab,Large,Monstrosity,,Unaligned,2,,,,,,,,,,,,,,,,,,,x,Fifth Edition Foes,101,,,,,,,,,,,
Chuul,Large,Aberration,,Chaotic Evil,4,,,,,,,,,,,,,,,,x,,,,Monster Manual,40,Rise of Tiamat Online Supplement 10,,Lesser Fire Crab,Small,Monstrosity,,Unaligned,1/8,,,,,,,,,,,,,,,,,,,x,Fifth Edition Foes,101,,,,,,,,,,,
Chuul Spore Servant,Large,Plant,,Unaligned,4,,,,,,,,,,,,,,,,,,,,Out of the Abyss,228,,,Poisonous Fire Snake,Small,Fiend,,Unaligned,1/2,,,,,,,,,,,x,,,,,,,,x,Fifth Edition Foes,102,,,,,,,,,,,
Chwinga,Tiny,Elemental,,Neutral,0,,x,,,,,,ø,ø,ø,ø,ø,ø,ø,ø,ø,ø,,,Icewind Dale: Rime of the Frostmaiden,282,Tomb of Annihilation 216,,Flail Snail,Large,Monstrosity,Elemental,Unaligned,3,,,,,,,,,,,x,,,,x,x,,x,,Fifth Edition Foes,103,,,,,,,,,,,
Chwinga Astronaut,Tiny,Elemental,,Neutral,0,,x,,,,,,,,,,,,,,,,,,Boo's Astral Menagerie,17,,,Flowershroud,Large,Plant,,Unaligned,1,,,,,,,,,,,x,x,x,,x,,,,,Fifth Edition Foes,104,,,,,,,,,,,
Cikavak,Tiny,Beast,,Neutral,1/8,,,,,,,,,,,,,,,,,,ø,,Tome of Beasts,58,,,Foo Dog,Medium,Monstrosity,,Chaotic Good,2,,,,,,,,,,,,,,,,,,,x,Fifth Edition Foes,105,,,,,,,,,,,
Cimota,Medium,Undead,,Lawful Neutral,2,,,,,,,,x,x,x,x,x,x,x,x,x,,x,,Fifth Edition Foes,59,,,Forester's Bane,Large,Plant,,Unaligned,5,,,,,,,,,,,x,x,,,,,,,,Fifth Edition Foes,106,,,,,,,,,,,
Cimota Guardian,Medium,Undead,,Lawful Neutral,4,,,,,,,,x,x,x,x,x,x,x,x,x,,x,,Fifth Edition Foes,59,,,Froghemoth,Huge,Aberration,Monstrosity,Unaligned,11,,,,,,,,,,,,,,,x,x,,,,Fifth Edition Foes,107,,,,,,,,,,,
Cinder Hulk,Large,Elemental,,Chaotic Evil,7,,,,,,,,,,,,,,,,,,,,Bigby Presents: Glory of the Giants,123,,,Fungoid,Medium,Plant,Fungus,Neutral Evil,2,,,,,,,,,,,,,,,x,,,,,Fifth Edition Foes,108,,,,,,,,,,,
Cinderslag Elemental,Large,Elemental,,Chaotic Evil,5,,,,,,,,,,,,,,ø,,,,,ø,Tal'Dorei Campaign Setting Reborn,231,Tal'Dorei Campaign Setting 130,,Fungus Bat,Medium,Plant,Fungus,Unaligned,1/4,,,,,,,,,,,,,,,,x,,,,Fifth Edition Foes,109,,,,,,,,,,,
Cipactli,Medium,Fiend,Demon,Chaotic Evil,5,,,,,,,,x,x,x,x,x,x,x,x,x,x,x,x,Creature Codex,83,,,Fyr,Small,Fey,,Neutral,1/4,,x,,,,,,,,,x,,,x,,,,,,Fifth Edition Foes,110,,,,,,,,,,,
Citadel Spider,Gargantuan,Monstrosity,,Neutral Evil,18,,,x,,,,,,,,,,,,,,,,,Vecna: Eve of Ruin,214,,,Gallows Tree,Huge,Plant,,Unaligned,13,,,,,,,,,,,x,x,x,,x,,,,,Fifth Edition Foes,111,,,,,,,,,,,
City Watch Captain,Medium,Humanoid,,Lawful Neutral,4,,,,,,,,,,,,,,,,,,ø,,Tome of Beasts,419,,,Gallows Tree Zombie,Medium,Plant,,Unaligned,2,,,,,,,,,,,x,x,x,,x,,,,,Fifth Edition Foes,112,,,,,,,,,,,
Clacking Skeleton,Medium,Undead,,Neutral Evil,2,,,,,,,,x,x,x,x,x,x,x,x,x,x,x,x,Creature Codex,340,,,Four-Armed Gargoyle,Medium,Monstrosity,,Chaotic Evil,4,,,,,,,,x,x,x,x,x,x,x,x,x,,x,,Fifth Edition Foes,113,,,,,,,,,,,
Clamor,Medium,Aberration,"Extraplanar, Incorporeal",Unaligned,2,,,,,,,,,,x,x,x,x,x,,,,,,Fifth Edition Foes,62,,,Fungus Gargoyle,Medium,Plant,Fungus,Neutral Evil,3,,x,,,,,,,,x,x,x,x,,,x,,,,Fifth Edition Foes,114,,,,,,,,,,,
Clapperclaw the Scarecrow,Small,Construct,,Lawful Neutral,1/2,,,,,x,,,,,,,,,,,,,,,The Wild Beyond The Witchlight,78,,,Green Guardian Gargoyle,Medium,Monstrosity,,Chaotic Evil,1,,,,,,,,x,x,x,x,x,x,x,x,x,,x,,Fifth Edition Foes,115,,,,,,,,,,,
Clasp Cutthroat,Medium,Humanoid,any race,Any Non-Lawful,3,,,,,,,,,,,,,,,,,,ø,,Tal'Dorei Campaign Setting Reborn,232,Tal'Dorei Campaign Setting 131,,Margoyle,Medium,Monstrosity,,Chaotic Evil,5,,,,,,,,x,x,x,x,x,x,x,x,x,,x,,Fifth Edition Foes,116,,,,,,,,,,,
Clasp Enforcer,Medium,Humanoid,any race,Any Non-Lawful,5,,,,,,,,,,,,,,,,,,ø,,Tal'Dorei Campaign Setting Reborn,233,Tal'Dorei Campaign Setting 131,,Hawanar Genie,Large,Fiend,,Lawful Neutral,7,,x,,,,,,,,,,,,,,,,,x,Fifth Edition Foes,117,,,,,,,,,,,
Claw of Sha'argon,Large,Humanoid,Sahuagin,Lawful Evil,11,,x,,,,,,,ø,,,,,,,,x,,,DM's Guild: Exploring Eberron,247,,,Ghost Ammonite,Medium,Undead,,Unaligned,2,,,,,,,,,,,,,,,,,,x,,Fifth Edition Foes,118,,,,,,,,,,,
Clawfoot,Medium,Beast,,Unaligned,1,,,,,,,,,,,,x,ø,,,,,,,Eberron: Rising from the Last War,289,,,Giant Slug of P'nahk,Large,Fiend,,Chaotic Evil,4,,,,,,,,,,,,,,,x,,x,,x,Fifth Edition Foes,119,,,,,,,,,,,
Clay Golem,Large,Construct,,Unaligned,9,,,,,,,,ø,,ø,ø,ø,ø,ø,ø,ø,,ø,ø,Monster Manual,168,Rise of Tiamat Online Supplement 10,,Jack-in-Irons Giant,Huge,Giant,,Chaotic Evil,7,,,,,,,,,,,x,x,,,,,,,,Fifth Edition Foes,120,,,,,,,,,,,
Cleric of the Brew,Medium,Humanoid,Dwarf,Any Good,5,,x,,,,,,x,x,x,x,x,x,x,x,x,x,x,x,Creature Codex,399,,,Gillmonkey,Small,Beast,Aquatic,Chaotic Evil,1/4,,,,,,,,,x,,,,,,,,x,,,Fifth Edition Foes,121,,,,,,,,,,,
Cloaker,Large,Aberration,,Chaotic Neutral,8,,,,,,,,,,,,,,,,x,,,,Monster Manual,41,,,Gloom Crawler,Huge,Monstrosity,,Neutral,10,,,,,,,,,,,x,x,x,,,x,,,,Fifth Edition Foes,122,,,,,,,,,,,
Cloaker Mutate,Large,Aberration,,Chaotic Neutral,10,,,,,,,,,,,,,,,,,,,,Phandelver and Below: The Shattered Obelisk,212,,,Gnarlwood,Huge,Plant,,Neutral Evil,8,,x,,,,,,,,,x,,,,,,,,,Fifth Edition Foes,123,,,,,,,,,,,
Clockwork Abomination,Large,Fiend,"Construct, Devil",Lawful Neutral,5,,,,,,,,,,,,,,,,,,ø,,Tome of Beasts,59,,,Gohl (Hydra Cloud),Large,Aberration,,Chaotic Evil,8,,,,,,,,,,,,,,,,x,,,x,Fifth Edition Foes,124,,,,,,,,,,,
Clockwork Archon,Gargantuan,Construct,,Unaligned,13,,,,,,,,,,,,,,,,,,x,x,Tome of Beasts 2,65,,,Golden Cat,Tiny,Beast,,Unaligned,0,,,,,,,,,x,,x,x,x,,,,,x,,Fifth Edition Foes,125,,,,,,,,,,,
Clockwork Assassin,Medium,Construct,,Unaligned,6,,,,,,,,,,,,,,,,,,x,,Creature Codex,64,,,Flagstone Golem,Large,Construct,,Unaligned,7,,,,,,,,x,x,x,x,x,x,x,x,x,,x,,Fifth Edition Foes,126,,,,,,,,,,,
Clockwork Beetle,Tiny,Construct,,Unaligned,1/2,,,,,,v,,ø,ø,ø,ø,ø,ø,ø,ø,ø,,ø,,Tome of Beasts,60,,,Furnace Golem,Large,Construct,,Unaligned,9,,,,,,,,x,x,x,x,x,x,x,x,x,,x,,Fifth Edition Foes,127,,,,,,,,,,,
Clockwork Beetle Swarm,Large,Construct,Swarm,Neutral,3,,,,,,,,,,,,,,,,,,ø,,Tome of Beasts,61,,,Stone Guardian Golem,Medium,Construct,,Unaligned,2,,,,,,,,x,x,x,x,x,x,x,x,x,,x,,Fifth Edition Foes,128,,,,,,,,,,,
Clockwork Bronze Scout,Medium,Construct,,Unaligned,1,,,,,,,,,,,x,x,x,x,,,,,,Mordenkainen Presents: Monsters of the Multiverse,79,,,Wooden Golem,Medium,Construct,,Unaligned,3,,,,,,,,x,x,x,x,x,x,x,x,x,,x,,Fifth Edition Foes,129,,,,,,,,,,,
Clockwork Defender,Medium,Construct,,Unaligned,1,,,,,,,,,,,,,,,,,,,,Keys from the Golden Vault,85,,,Gorbel,Small,Aberration,,Neutral,1/4,,,,,,,,,,,x,,,,x,,,,,Fifth Edition Foes,130,,,,,,,,,,,
Clockwork Dragon,Medium,Construct,,Neutral,1,,,,,,,,,,,,,,,,,,ø,,Acquisitions Incorporated,209,,,Gorgimera,Large,Monstrosity,,Unaligned,7,,,,,,,,,,,,,x,x,,,,,,Fifth Edition Foes,131,,,,,,,,,,,
Clockwork Dragon,Huge,Construct,,Unaligned,14,,,x,,,,,,,,,,,,,,,ø,ø,Monster a Day Compendium 2.0,21,,,Gorilla Bear,Medium,Monstrosity,,Unaligned,1,,,,,,,,,,,x,,,,x,,,,,Fifth Edition Foes,132,,,,,,,,,,,
Clockwork Hound,Medium,Construct,,Unaligned,2,,,,,,,,,,,,,,,,,,ø,,Tome of Beasts,62,,,Gray Nisp,Large,Fey,,Chaotic Neutral,6,,,,,,,,,x,,,,,,x,,x,,,Fifth Edition Foes,133,,,,,,,,,,,
Clockwork Huntsman,Medium,Construct,,Unaligned,3,,,,,,,,,,,,,,,,,,ø,,Tome of Beasts,63,,,Green Brain,Small,Plant,,Lawful Neutral,1,,,,,,,,,,,,,,,,x,,,,Fifth Edition Foes,134,,,,,,,,,,,
Clockwork Iron Cobra,Medium,Construct,,Unaligned,4,,,,,,,,,,,x,x,x,x,,,,,,Mordenkainen Presents: Monsters of the Multiverse,79,,,Grimm,Large,Fey,,Neutral Evil,7,,x,,,,,,,,,,,,x,,,,,,Fifth Edition Foes,135,,,,,,,,,,,
Clockwork Kraken,Large,Construct,,Unaligned,10,,,,,,,,,,,,,,,,,,,,Lost Laboratory of Kwalish,38,,,Grippli,Small,Humanoid,,Neutral,1/4,,,,,,,,,,,x,,,,x,,,,,Fifth Edition Foes,136,,,,,,,,,,,
Clockwork Leech,Medium,Construct,,Neutral,1,,,,,,,,,,,,,,,x,,,x,,Tome of Beasts 2,66,,,Grue (type 1),Large,Ooze,,Unaligned,4,,,,,,,,,,,,,,,,x,,,,Fifth Edition Foes,137,,,,,,,,,,,
Clockwork Mantis,Large,Construct,,Unaligned,6,,,,,,,,x,x,x,x,x,x,x,x,x,x,x,,Tome of Beasts 2,67,,,Grue (type 2),Medium,Aberration,,Chaotic Evil,2,,,,,,,,,,,x,x,x,,,x,,,,Fifth Edition Foes,138,,,,,,,,,,,
Clockwork Myrmidon,Large,Construct,,Unaligned,6,,,,,,,,,,,,,,,,,,ø,,Tome of Beasts,64,,,Hanged Man,Medium,Undead,,Chaotic Evil,1/2,,,,,,,,x,x,x,x,x,x,x,x,x,,x,,Fifth Edition Foes,139,,,,,,,,,,,
Clockwork Oaken Bolter,Medium,Construct,,Unaligned,5,,,,,,,,,,,x,x,x,x,,,,,,Mordenkainen Presents: Monsters of the Multiverse,80,,,Hangman Tree,Huge,Plant,,Neutral Evil,7,,,,,,,,,,,x,,,,x,,,,,Fifth Edition Foes,140,,,,,,,,,,,
Clockwork Observer,Tiny,Construct,,Unaligned,0,,,,,,,,,,,,,,,,,,,,Keys from the Golden Vault,85,,,Hawktoad,Small,Monstrosity,,Unaligned,1/4,,,,,,,,,,,x,,,,x,,,,,Fifth Edition Foes,141,,,,,,,,,,,
Clockwork Pest,Tiny,Construct,,Unaligned,1/4,,,,,,,,,,,,,,,,,,ø,ø,Monster a Day Compendium 2.0,22,,,Helix Moth Adult,Huge,Beast,,Unaligned,6,,,,,,,,,,,x,,,,,x,,,,Fifth Edition Foes,142,,,,,,,,,,,
Clockwork Servant,Medium,Construct,,Unaligned,1/8,,,,,,,,,,,,,,,,,,x,,Creature Codex,65,,,Helix Moth Larva,Large,Beast,,Unaligned,2,,,,,,,,,,,,,,,,x,,,,Fifth Edition Foes,142,,,,,,,,,,,
Clockwork Soldier,Medium,Construct,,Unaligned,1,,,,,,,,,,,,,,,,,,x,,Creature Codex,65,,,Hieroglyphicroc,Large,Undead,,Lawful Neutral,3,,,,,,,,,,x,,,,,,,,,x,Fifth Edition Foes,143,,,,,,,,,,,
Clockwork Stone Defender,Medium,Construct,,Unaligned,4,,,,,,,,,,,x,x,x,x,,,,,,Mordenkainen Presents: Monsters of the Multiverse,80,,,Hippocampus,Large,Monstrosity,,Chaotic Good,1,,,,,,,,,x,,,,,,,,x,,,Fifth Edition Foes,144,,,,,,,,,,,
Clockwork Tiger,Large,Construct,,Unaligned,6,,,,,,,,,,,,,,,,,,x,,Tome of Beasts 2,68,,,Hoar Fox,Small,Monstrosity,,Unaligned,1,,,,,,,,x,,,x,,x,,,,,,,Fifth Edition Foes,145,,,,,,,,,,,
Clockwork Watchman,Medium,Construct,,Unaligned,1/2,,,,,,,,,,,,,,,,,,ø,,Tome of Beasts,65,,,Giant Horsefly,Large,Beast,,Unaligned,1/2,,,,,,,,x,x,x,x,x,x,x,x,x,,x,,Fifth Edition Foes,146,,,,,,,,,,,
Clockwork Weaving Spider,Tiny,Construct,Spider,Unaligned,1,,,,,,,,,,,,,,,,,,ø,,Tome of Beasts,66,,,Huggermugger,Small,Humanoid,,Chaotic Evil,1/4,,,,,,,,,,,,,,,,x,,,,Fifth Edition Foes,147,,,,,,,,,,,
Cloud Giant,Huge,Giant,Cloud Giant,Neutral Good,9,,x,,,,,,,,,,,,x,,,,,,Monster Manual,154,,,Igniguana,Medium,Elemental,,Unaligned,1,,,,,,,,,,x,,,,,,x,,,x,Fifth Edition Foes,148,,,,,,,,,,,
Cloud Giant Destiny Gambler,Huge,Giant,Bard,Any,19,,x,,,,,,,,,,,,,,,,,,Bigby Presents: Glory of the Giants,124,,,Jackal of Darkness,Small,Undead,,Neutral Evil,1,,,,,,,,,,x,,,,,,,,,x,Fifth Edition Foes,149,,,,,,,,,,,
Cloud Giant Ghost,Huge,Undead,,Not Provided,9,,x,,,,,,,,,,,,ø,,,,,,Candlekeep Mysteries,146,,,Jaculi,Medium,Monstrosity,,Unaligned,1/8,,,,,,,,,,,x,x,x,,,,,,,Fifth Edition Foes,150,,,,,,,,,,,
Cloud Giant of Evil Air,Huge,Giant,,Neutral Evil,12,,x,,,,,,,,,,,,,,,,,,Bigby Presents: Glory of the Giants,125,,,Mustard Jelly,Large,Ooze,,Unaligned,5,,,,,,,,,,,,,,,x,,,,,Fifth Edition Foes,151,,,,,,,,,,,
Cloud Giant Smiling One,Huge,Giant,,Chaotic Neutral,11,,x,,,,,,,,,,,,x,,,,,,Mordenkainen Presents: Monsters of the Multiverse,81,,,Jupiter Bloodsucker,Medium,Plant,,Unaligned,1,,,,,,,,,,,x,,,,,,,,,Fifth Edition Foes,152,,,,,,,,,,,
Cloud Giant Smiling One,Huge,Giant,Cloud Giant,Chaotic Neutral,11,,x,,,,,,,,,,,,x,,,,,,Volo's Guide to Monsters,146,,,Kamadan,Large,Monstrosity,,Unaligned,3,,,,,,,,,,x,x,x,x,,x,,,,,Fifth Edition Foes,153,,,,,,,,,,,
Clurichaun,Tiny,Fey,,Chaotic Neutral,1/4,,x,,,,,,,,,,,,,,,,ø,,Tome of Beasts,67,,,Kampfult,Medium,Plant,,Unaligned,2,,,,,,,,,,,,,,,,x,,,,Fifth Edition Foes,154,,,,,,,,,,,
Cobalt Golem,Huge,Construct,,Not Provided,18,,,,,,,,,,,,,,,,,,ø,,Tal'Dorei Campaign Setting Reborn,240,,,Kech,Medium,Monstrosity,,Neutral Evil,1/2,,,,,,,,,,,x,,,,x,,,,,Fifth Edition Foes,155,,,,,,,,,,,
Cobbleswarm,Medium,Monstrosity,Swarm,Unaligned,2,,,,,,,,,,,,,,,,ø,,,,Tome of Beasts,68,,,Kelpie,Medium,Plant,,Neutral Evil,1,,,,,,,,,x,,,,,,x,,x,,,Fifth Edition Foes,156,,,,,,,,,,,
Cobra Flower,Large,Plant,,Unaligned,2,,,,,,,,x,,,x,,,x,,,,,,Fifth Edition Foes,63,,,Khargra,Small,Fiend,,Unaligned,2,,,,,,,,,,,,,,,,,,,x,Fifth Edition Foes,157,,,,,,,,,,,
Cockatrice,Small,Monstrosity,,Unaligned,1/2,,,,,,,,,,,,x,,,,,,,,Monster Manual,42,,,Korred,Small,Fey,,Chaotic Neutral,1,,x,,,,,,,,,x,,x,,,,,,,Fifth Edition Foes,158,,,,,,,,,,,
Coffer Corpse,Medium,Undead,,Chaotic Evil,2,,,,,,,,,,,x,x,,,x,x,,,,Fifth Edition Foes,64,,,Kurok-Spirit,Large,Fiend,,Chaotic Neutral,1,,,,,,,,x,x,x,x,x,x,x,x,x,,x,,Fifth Edition Foes,159,,,,,,,,,,,
Cogwork Archivist,Large,Construct,,Lawful Neutral,4,,x,,,,,,,,,,,,,,,,ø,,Strixhaven: A Cirriculum of Chaos,188,,,Land Lamprey,Small,Beast,,Unaligned,1/4,,,,,,,,,,,x,x,x,,,x,,,,Fifth Edition Foes,160,,,,,,,,,,,
Cold Snap Spirit,Medium,Elemental,,Not Provided,5,,,,,,,,ø,,,ø,,,ø,,,,,,Tal'Dorei Campaign Setting Reborn,234,,,Lava Child,Medium,Humanoid,Elemental,Neutral,1,,,,,,,,,,,,,,,,x,,,x,Fifth Edition Foes,161,,,,,,,,,,,
Coldlight Walker,Medium,Undead,,Chaotic Evil,5,,,,,,,,x,,,,,,,,,,,,Icewind Dale: Rime of the Frostmaiden,284,,,Leng Spider,Huge,Aberration,,Chaotic Evil,6,,x,,,,,,x,x,x,x,x,x,x,x,x,,x,,Fifth Edition Foes,162,,,,,,,,,,,
Collais,Large,Monstrosity,,Neutral,10,,,,,,,,,,,x,,,,,,,,,Tome of Beasts 2,69,,,Snow Leopard,Medium,Beast,,Unaligned,1/4,,,,,,,,x,,,x,x,,x,,,,,,Fifth Edition Foes,163,,,,,,,,,,,
Colossus of Akros,Gargantuan,Construct,,Unaligned,23,,,,,x,,,,,,,,,,,,,x,,Mythic Odysseys of Theros,218,,,"Leucrotta, Adult",Large,Monstrosity,,Chaotic Evil,2,,,,,,,,,,x,x,x,x,,x,,,,,Fifth Edition Foes,164,,,,,,,,,,,
Colour out of Space,Gargantuan,Ooze,,Unaligned,8,,,x,,,,,,,,,,,,,,,,x,Sandy Petersen's Cthulhu Mythos,292,,,"Leucrotta, Young",Medium,Monstrosity,,Chaotic Evil,1/4,,,,,,,,,,x,x,x,x,,x,,,,,Fifth Edition Foes,164,,,,,,,,,,,
Combat Robot,Medium,Construct,,Lawful Neutral,6,,,,,,,,,,,,,,,,,,,,Quests from the Infinite Staircase,214,,,Lithonnite,Large,Monstrosity,,Unaligned,4,,,,,,,,,x,,,,,,x,x,x,,,Fifth Edition Foes,165,,,,,,,,,,,
Commander of Horn and Gold,Medium,Fey,,Lawful Neutral,15,,,x,x,x,,,,,,,,,x,,,,,x,Tome of Beasts 2,145,,,Magmoid,Large,Elemental,,Unaligned,4,,,,,,,,,,,,,,,,,,,x,Fifth Edition Foes,166,,,,,,,,,,,
Commoner,Medium,Humanoid,Any Race,Any,0,,,,,,,,x,x,x,x,x,x,,,,,x,,Monster Manual,345,"Lost Mines of Phandelver 56, Rise of Tiamat Online Supplement 11, The Lost Dungeon of Rickedness: Big Rick Energy 36",,Mandragora,Small,Plant,Fungus,Neutral Evil,1/8,,,,,,,,,,,x,,,,,,,,,Fifth Edition Foes,167,,,,,,,,,,,
Compsognathus,Tiny,Beast,Dinosaur,Unaligned,1/8,,,,,,v,,,,,x,x,,,,,,,,Tome of Beasts 2,108,,,Mandrill,Small,Beast,,Unaligned,1/8,,,,,,,,,,,x,,,,x,,,,,Fifth Edition Foes,168,,,,,,,,,,,
Conclave Dryad,Medium,Fey,,Lawful Good,9,,x,,,,,,,,,ø,ø,,,,,,ø,,Guildmaster's Guide to Ravnica,194,,,Mantari,Medium,Monstrosity,,Neutral Evil,1/8,,,,,,,,,,,,,,,,x,,,,Fifth Edition Foes,169,,,,,,,,,,,
Conjoined Queen,Large,Monstrosity,,Chaotic Neutral,10,,x,,,,,,,,,,,,,,x,,x,,Tome of Beasts 2,70,,,Assassin Bug,Medium,Beast,,Unaligned,5,,,,,,,,,,,x,,x,,x,,,,,Fifth Edition Foes,170,,,,,,,,,,,
Conjurer,Medium,Humanoid,Any Race,Any,6,,x,,,,,,,,,,,,,,,,x,,Volo's Guide to Monsters,212,Tales from the Yawning Portal 232,,Midnight Peddler,Medium,Fey,,Neutral,1/2,,,,,,,,x,x,x,x,x,x,x,x,x,,x,,Fifth Edition Foes,170,,,,,,,,,,,
Conjurer Wizard,Medium,Humanoid,,Any,6,,x,,,,,,,,,,,,,,,,x,,Mordenkainen Presents: Monsters of the Multiverse,260,,,Mite,Small,Fey,,Lawful Neutral,1/8,,x,,,,,,,,,,,,,,x,,,,Fifth Edition Foes,171,,,,,,,,,,,
Conquest,Medium,Fiend,,Neutral Evil,20,,,x,,x,,,,,,,,,,,,,,ø,Monster a Day Compendium 2.0,127,,,Pestie Mite,Small,Fey,,Lawful Neutral,1/4,,x,,,,,,,,,,,,,,x,,,,Fifth Edition Foes,172,,,,,,,,,,,
Constrictor Snake,Large,Beast,,Unaligned,1/4,,,,,,,,,,x,x,,,,x,,x,,,Monster Manual,320,Player's Handbook 305,,Mummy of the Deep,Medium,Undead,Aquatic,Neutral Evil,2,,,,,,,,,x,,,,,,x,x,,,,Fifth Edition Foes,173,,,,,,,,,,,
Constructed Commoner,Medium,Construct,,Not Provided,0,,,,,,,,,,,,,,,,,,ø,,Candlekeep Mysteries,149,,,Murder Crow,Medium,Undead,,Chaotic Evil,3,,,,,,,,,,,x,x,x,,,,,,,Fifth Edition Foes,174,,,,,,,,,,,
Control Drone,Gargantuan,Construct,,Unaligned,11,,,,,,,,,,,,,,,,,,,x,Sandy Petersen's Cthulhu Mythos,286,,,Hanu-naga,Large,Monstrosity,,Chaotic Evil,2,,,,,,,,,,,x,,,x,x,,,,x,Fifth Edition Foes,175,,,,,,,,,,,
Cooshee,Medium,Monstrosity,,Neutral Good,1,,,,,,,,,,,x,,,,,,,,,Fifth Edition Foes,65,,,Olive Slime,Large,Plant,Fungus,Unaligned,0,,,,,,,,,,,,,,,,x,,,,Fifth Edition Foes,176,,,,,,,,,,,
Copper Dragon Wyrmling,Medium,Dragon,,Chaotic Good,1,,,,,,,,,,,,,x,,,,,,,Monster Manual,112,,,Olive Slime Zombie,Medium,Plant,,Neutral Evil,1/2,,,,,,,,,,,,,,,,x,,,,Fifth Edition Foes,177,,,,,,,,,,,
Coral Drake,Medium,Dragon,,Neutral Evil,7,,,,,,,,,,ø,,,,,,,ø,,,Tome of Beasts,150,,,Glacial Ooze,Large,Ooze,,Unaligned,1,,,,,,,,x,,,,,,x,,,,,,Fifth Edition Foes,178,,,,,,,,,,,
Core Spawn Crawler,Small,Aberration,,Chaotic Evil,1,,,,,,,,,,,,,,,,x,,,x,Explorer's Guide to Wildemount,286,,,Magma Ooze,Large,Ooze,,Unaligned,5,,,,,,,,,,,,,,x,,x,,,,Fifth Edition Foes,179,,,,,,,,,,,
Core Spawn Emissary,Medium,Aberration,,Neutral Evil,6,,,,,,,,,,,,,,,,x,,,x,Explorer's Guide to Wildemount,286,,,Origami Warrior,Medium,Construct,,Unaligned,1/8,,,,,,,,x,x,x,x,x,x,x,x,x,,x,,Fifth Edition Foes,180,,,,,,,,,,,
Core Spawn Seer,Medium,Aberration,,Chaotic Evil,13,,,,,,,,,,,,,,,,x,,,x,Explorer's Guide to Wildemount,286,,,Pech,Small,Fey,,Neutral Good,1/4,,x,,,,,,,,,,,,,,x,,,x,Fifth Edition Foes,181,,,,,,,,,,,
Core Spawn Worm,Gargantuan,Aberration,,Chaotic Evil,15,,,,,,,,,,,,,,,,x,,,x,Explorer's Guide to Wildemount,287,,,Phycomid,Small,Plant,Fungus,Neutral Evil,1/2,,,,,,,,,,,,,,,,x,,,,Fifth Edition Foes,182,,,,,,,,,,,
Cornelius Watson,Medium,Humanoid,Human,Neutral Good,12,,x,,,x,,,,,,,,,,,,,x,,Minsc and Boo's Journal of Villainy,30,,,Brontotherium,Huge,Beast,,Unaligned,6,,,,,,,,,,,x,x,x,,,,,,,Fifth Edition Foes,183,,,,,,,,,,,
Corpse Flower,Large,Plant,,Chaotic Evil,8,,,,,,,,,,,x,,,,x,,,x,,Mordenkainen Presents: Monsters of the Multiverse,82,,,Hyaenodon,Large,Beast,,Unaligned,1,,,,,,,,,,x,,x,x,,,,,,,Fifth Edition Foes,184,,,,,,,,,,,
Corpse Flower,Large,Plant,,Chaotic Evil,8,,,,,,,,,,,x,,,,x,,,,,Mordenkainen's Tome of Foes,127,,,Mastodon,Huge,Beast,,Unaligned,4,,,,,,,,x,,,x,x,x,,,,,,,Fifth Edition Foes,185,,,,,,,,,,,
Corpse Mound,Huge,Undead,,Neutral Evil,11,,,,,,,,ø,,ø,ø,ø,ø,ø,ø,ø,,,,Tome of Beasts,69,,,Woolly Rhinoceros,Large,Beast,,Unaligned,6,,,,,,,,x,,,x,x,,,x,,,,,Fifth Edition Foes,186,,,,,,,,,,,
Corpse Rook,Large,Monstrosity,,Neutral Evil,4,,,,,,,,,,x,,x,x,,,,,,,Fifth Edition Foes,66,,,Blood Pudding,Medium,Ooze,,Unaligned,2,,,,,,,,,,,,,,,x,x,,,,Fifth Edition Foes,187,,,,,,,,,,,
Corpse Thief,Medium,Humanoid,,Neutral,1/2,,,,,,,,x,x,x,x,x,x,x,x,x,x,x,x,Creature Codex,66,,,Pyrolisk,Small,Monstrosity,,Neutral Evil,1/2,,,,,,,,,,x,,x,,,,x,,,,Fifth Edition Foes,188,,,,,,,,,,,
Corpse Worm,Large,Monstrosity,,Unaligned,3,,,,,,,,,,,,,,,,x,,,,Tome of Beasts 2,71,,,Quadricorn,Large,Monstrosity,,Neutral Evil,4,,,,,,,,,,,,x,x,,,,,,,Fifth Edition Foes,189,,,,,,,,,,,
Corpsespinner,Huge,Monstrosity,Extraplanar,Unaligned,5,,,,,,,,,,,,,,,,,,,x,Fifth Edition Foes,67,,,Quickwood,Huge,Plant,,Neutral,8,,,,,,,,,,,x,,x,x,,,,,,Fifth Edition Foes,190,,,,,,,,,,,
Corpsespun,Medium,Undead,,Neutral,1,,,,,,,,,,,,,,,,,,,x,Fifth Edition Foes,68,,,Shadow Rat,Tiny,Undead,,Unaligned,0,,,,,,,,x,x,x,x,x,x,x,x,x,,x,,Fifth Edition Foes,191,,,,,,,,,,,
Corrupted Avatar of Lurue,Large,Monstrosity,,Not Provided,8,,,,,,,,,,,ø,,,,,,,,ø,Candlekeep Mysteries,123,,,Red Jester,Medium,Undead,,Chaotic Neutral,5,,,,,,,,x,x,x,x,x,x,x,x,x,,x,,Fifth Edition Foes,192,,,,,,,,,,,
Corrupted Giant Shark,Huge,Aberration,,Unaligned,9,,,,,,,,,,,,,,,,,,,,Critical Role: Call of the Netherdeep,196,,,Ronus,Medium,Monstrosity,,Unaligned,1/4,,,,,,,,,,,x,,,,,,,,,Fifth Edition Foes,193,,,,,,,,,,,
Corrupted Ogre Chieftain,Large,Giant,,Chaotic Evil,6,,,,,,,,,,,,,,,,,,ø,,Tome of Beasts,423,,,Russet Mold,Medium,Plant,Fungus,Unaligned,1/2,,,,,,,,,,,,,,,,x,,,,Fifth Edition Foes,194,,,,,,,,,,,
Corrupted Pixie,Tiny,Fiend,,Chaotic Evil,1/2,,x,,,,,,x,x,x,x,x,x,x,x,x,,x,,Tome of Beasts 2,72,,,Ryven,Medium,Humanoid,,Neutral,1,,,,,,,,,,,x,,,,,,,,,Fifth Edition Foes,195,,,,,,,,,,,
Corrupting Ooze,Large,Ooze,,Neutral Evil,5,,,,,,,,,,,,,,,ø,,,ø,,Tome of Beasts,311,,,Sandling,Large,Elemental,,Unaligned,1,,,,,,,,,,,,,,,,,,,x,Fifth Edition Foes,196,,,,,,,,,,,
Corruptor,Large,Monstrosity,,Unaligned,5,,,,,,,,,,,,,,,,ø,,,,Monster a Day Compendium 2.0,23,,,Screaming Devilkin,Small,Fiend,,Lawful Neutral,1/4,,,,,,,,x,x,x,x,x,x,x,x,x,,x,,Fifth Edition Foes,197,,,,,,,,,,,
Cosmic Horror,Gargantuan,Aberration,,Neutral Evil,18,,,x,,,,,,,,,,,,,,,,,Boo's Astral Menagerie,18,Vecna: Eve of Ruin 215,,Scythe Tree,Huge,Plant,,Chaotic Evil,5,,,,,,,,,,,x,,,,,,,,,Fifth Edition Foes,198,,,,,,,,,,,
Couatl,Medium,Celestial,,Lawful Good,4,,x,,,,,,,,x,x,x,,,,,,x,,Monster Manual,43,,,Brine Sea Serpent,Huge,Dragon,Aquatic,Chaotic Evil,10,,,,,,,,,,,,,,,,,x,,,Fifth Edition Foes,199,,,,,,,,,,,
Counterflux Blastseeker,Medium,Humanoid,Any Race,Chaotic Neutral,2,,x,,,,,,,,,,,,,,,,ø,,Guildmaster's Guide to Ravnica,242,,,Deep Hunter Sea Serpent,Gargantuan,Dragon,Aquatic,Lawful Neutral,14,,,x,,,,,,,,,,,,,,x,,,Fifth Edition Foes,200,,,,,,,,,,,
Coven Horror,Large,Monstrosity,,Chaotic Evil,9,,,,,,,,,,,ø,,,,ø,,,,,Monster a Day Compendium 2.0,24,,,Fanged Sea Serpent,Large,Dragon,Aquatic,Neutral Evil,5,,,,,,,,,,,,,,,,,x,,,Fifth Edition Foes,201,,,,,,,,,,,
Cow,Large,Beast,"Rothé, Deep Rothé, Ox",Unaligned,1/4,,,,,,,,,,,,x,,,,x,,x,,Volo's Guide to Monsters,207,,,Shipbreaker Sea Serpent,Gargantuan,Dragon,Aquatic,Chaotic Neutral,20,,,x,,,,,,,,,,,,,,x,,,Fifth Edition Foes,202,,,,,,,,,,,
Crab,Tiny,Beast,,Unaligned,0,,,,,,x,,,x,,,,,,,,,,,Monster Manual,320,,,Spitting Sea Serpent,Large,Dragon,Aquatic,Chaotic Evil,5,,,,,,,,,,,,,,,,,x,,,Fifth Edition Foes,204,,,,,,,,,,,
Crab Folk,Large,Giant,,Neutral,3,,,,,,,,,x,,,,,,,,,,,Mordenkainen's Fiendish Folio vol. 1,6,,,Giant Sea Horse,Large,Beast,,Unaligned,1/2,,,,,,,,,,,,,,,,,x,,,Fifth Edition Foes,205,,,,,,,,,,,
Crabman,Large,Monstrosity,,Neutral,1,,,,,,,,,x,,,,,,x,,x,,,Fifth Edition Foes,69,,,Sepulchral Guardian,Medium,Construct,,Unaligned,3,,,,,,,,x,x,x,x,x,x,x,x,x,,x,,Fifth Edition Foes,206,,,,,,,,,,,
Cradle of the Cloud Scion,Gargantuan,Elemental,,Chaotic Neutral,26,,,x,,,,,,,,,,,,,,,,,Bigby Presents: Glory of the Giants,166,,,Shadow Mastiff,Medium,Fiend,Monstrosity,Chaotic Neutral,1/2,,,,,,,,x,x,x,x,x,x,x,x,x,,x,,Fifth Edition Foes,207,,,,,,,,,,,
Cradle of the Fire Scion,Gargantuan,Elemental,,Lawful Evil,25,,,x,,,,,,,,,,,,,,,,,Bigby Presents: Glory of the Giants,172,,,Lesser Shadow,Medium,Undead,,Chaotic Evil,1/8,,,,,,,,x,x,x,x,x,x,x,x,x,,x,,Fifth Edition Foes,208,,,,,,,,,,,
Cradle of the Frost Scion,Gargantuan,Elemental,,Neutral Evil,24,,,x,,,,,,,,,,,,,,,,,Bigby Presents: Glory of the Giants,174,,,Shroom,Small,Plant,Fungus,Chaotic Evil,4,,x,,x,,,,,,,x,,,,x,x,,,,Fifth Edition Foes,209,,,,,,,,,,,
Cradle of the Hill Scion,Gargantuan,Elemental,,Chaotic Evil,22,,,x,,,,,,,,,,,,,,,,,Bigby Presents: Glory of the Giants,164,,,Skeleton Warrior,Medium,Undead,,Neutral Evil,14,,,x,,,,,x,x,x,x,x,x,x,x,x,,x,,Fifth Edition Foes,210,,,,,,,,,,,
Cradle of the Stone Scion,Gargantuan,Elemental,,Neutral,23,,,x,,,,,,,,,,,,,,,,,Bigby Presents: Glory of the Giants,168,,,Stygian Skeleton,Medium,Undead,,Chaotic Evil,7,,,,,,,,,,,,,,,,x,,,,Fifth Edition Foes,212,,,,,,,,,,,
Cradle of the Storm Scion,Gargantuan,Elemental,,Chaotic Good,27,,,x,,,,,,,,,,,,,,,,,Bigby Presents: Glory of the Giants,170,,,Skelzi,Medium,Humanoid,,Chaotic Evil,1,,,,,,,,x,x,x,x,x,x,x,x,x,,x,,Fifth Edition Foes,213,,,,,,,,,,,
Crag Cat,Large,Monstrosity,,Unaligned,1,,,,,,,,ø,,,,,,ø,,,,,,Icewind Dale: Rime of the Frostmaiden,285,Storm King's Thunder 240,,Skulk,Medium,Humanoid,,Chaotic Neutral,1/2,,,,,,,,x,x,x,x,x,x,x,x,x,,x,,Fifth Edition Foes,214,,,,,,,,,,,
Cranium Rat,Tiny,Aberration,,Unaligned,0,,,,,,,,,,,,,,,,x,,x,,Mordenkainen Presents: Monsters of the Multiverse,83,,,Slithering Tracker,Small,Ooze,,Unaligned,1,,,,,,,,x,x,x,x,x,x,x,x,x,,x,,Fifth Edition Foes,215,,,,,,,,,,,
Cranium Rat,Tiny,Beast,,Lawful Neutral,0,,,,,,ø,,,,,,,,,,x,,x,,Volo's Guide to Monsters,133,,,Soul Reaper,Large,Undead,,Neutral Evil,16,,x,,,,,,x,x,x,x,x,x,x,x,x,,x,,Fifth Edition Foes,216,,,,,,,,,,,
Cranium Rat Squeaker,Tiny,Aberration,,Unaligned,0,,,,,,,,,,,,,,,,,,,x,Morte's Planar Parade,22,,,Stegocentipede,Huge,Beast,,Unaligned,4,,,,,,,,,,,x,,,,,x,,,,Fifth Edition Foes,217,,,,,,,,,,,
Cranium Rat Squeaker Swarm,Medium,Aberration,,Neutral,5,,x,,,,,,,,,,,,,,,,,x,Morte's Planar Parade,22,,,Strangle Weed,Large,Plant,Aquatic,Unaligned,2,,,,,,,,,x,,,,,,x,x,x,,,Fifth Edition Foes,218,,,,,,,,,,,
Crater Drake,Small,Dragon,,Neutral Evil,11,,,,,,,,,,,,,x,x,,,,,,Tome of Beasts 2,120,,,Tabaxi,Medium,Humanoid,,Chaotic Neutral,1/2,,,,,,,,,,,x,,,,x,,,,,Fifth Edition Foes,219,,,,,,,,,,,
Crawling Claw,Tiny,Undead,,Neutral Evil,0,,,,,,ø,,,,,,,,,,,,ø,,Monster Manual,44,,,Taer,Medium,Humanoid,,Neutral,1,,,,,,,,x,,,,,,x,,,,,,Fifth Edition Foes,220,,,,,,,,,,,
Creepy Doll,Tiny,Construct,,Lawful Evil,2,,,,,,,,,,,,,,,,,,ø,,Planeshift: Innistrad,25,,,Tangtal,Medium,Monstrosity,,Neutral Evil,1,,,,,,,,,,,x,x,,,,,,,,Fifth Edition Foes,221,,,,,,,,,,,
Crimson Basilisk,Medium,Monstrosity,,Unaligned,3,,,,,,,,,,,,,,,,x,,,,Fifth Edition Foes,21,,,Tazelwurm,Large,Monstrosity,,Unaligned,2,,,,,,,,,,,,,x,x,,,,,,Fifth Edition Foes,222,,,,,,,,,,,
Crimson Drake,Tiny,Dragon,,Chaotic Evil,1,,,,,,v,,,,,ø,,ø,ø,,,,,,Tome of Beasts,151,,,Temporal Crawler,Medium,Aberration,,Neutral Evil,2,,,,,,,,x,x,x,x,x,x,x,x,x,,x,,Fifth Edition Foes,223,,,,,,,,,,,
Crimson Mist,Medium,Undead,,Chaotic Evil,6,,,,,,,,x,x,x,x,x,x,x,x,x,x,x,x,Creature Codex,67,,,Tendriculos,Large,Plant,,Unaligned,4,,,,,,,,,,,x,x,x,,,,,,,Fifth Edition Foes,224,,,,,,,,,,,
Crimson Mist,Medium,Aberration,,Neutral Evil,7,,,,,,,,,,,,,,,x,x,,,,Fifth Edition Foes,71,,,Tentacled Horror,Huge,Aberration,,Chaotic Evil,11,,,x,,,,,,,,,,,,,x,,,,Fifth Edition Foes,225,,,,,,,,,,,
Crimson Shambler,Medium,Plant,,Unaligned,1/2,,,,,,,,,,,,,,,,x,,,,Tome of Beasts 2,73,,,Foxwere,Small,Monstrosity,Shapechanger,Lawful Neutral,1/2,,,,,,,,x,,,x,,x,,,x,,,,Fifth Edition Foes,227,,,,,,,,,,,
Crinaea,Medium,Fey,,Neutral,2,,x,,,,,,,,,x,x,,,,,,x,,Tome of Beasts 2,74,,,Lionwere,Large,Monstrosity,Shapechanger,Chaotic Evil,2,,,,,,,,,,x,,x,,,,x,,,,Fifth Edition Foes,228,,,,,,,,,,,
Criosphinx,Large,Monstrosity,,Neutral,13,,,x,,,,,,,x,,,,,,,,,,Planeshift: Amonkhet,32,,,Owlwere,Small,Monstrosity,Shapechanger,Chaotic Evil,1/2,,,,,,,,,,,x,x,x,,,x,,,,Fifth Edition Foes,229,,,,,,,,,,,
Crockek'toeck,Gargantuan,Fiend,Demon,Chaotic Evil,14,,,,,,,,,,,,,,,,,,,ø,Baldur's Gate: Descent into Avernus,230,,,Wolfwere,Medium,Monstrosity,Shapechanger,Chaotic Evil,1,,,,,,,,x,,,x,x,x,,,x,,,,Fifth Edition Foes,230,,,,,,,,,,,
Crocodile,Large,Beast,,Unaligned,1/2,,,,,,,,,,,,,,,x,,,x,,Monster Manual,320,Player's Handbook 305,,Lightning Treant,Huge,Plant,,Neutral Evil,6,,x,,,,,,,,,x,,,,x,,,,,Fifth Edition Foes,231,,,,,,,,,,,
Crocotta,Medium,Monstrosity,,Neutral Evil,3,,,,,,,,,,,x,x,,,,,,,,Tome of Beasts 2,75,,,Tri-Flower Frond,Medium,Plant,,Unaligned,1/2,,,,,,,,,,,x,,x,,x,,,,,Fifth Edition Foes,232,,,,,,,,,,,
Crowlock,Tiny,Monstrosity,,Chaotic Neutral,1/2,,,,,,,,,,,ø,,,,ø,,,ø,,Monster a Day Compendium 2.0,25,,,Dark Triton,Large,Monstrosity,Aquatic,Chaotic Evil,1,,x,,,,,,,x,,,,,,,,x,,,Fifth Edition Foes,233,,,,,,,,,,,
Cruorbat,Large,Undead,,Unaligned,1/2,,,,,,,,,,,,,,,,ø,,ø,,Dark Arts Player's Companion,35,,,Spectral Troll,Large,Undead,,Chaotic Evil,4,,,,,,,,x,x,x,x,x,x,x,x,x,,x,,Fifth Edition Foes,234,,,,,,,,,,,
Cruorgheist,Large,Undead,,Unaligned,5,,,,,,,,,,,,,,,,ø,,ø,,Dark Arts Player's Companion,36,,,Two-headed Troll,Large,Giant,,Chaotic Evil,6,,,,,,,,,,,,,x,x,,x,,,,Fifth Edition Foes,235,,,,,,,,,,,
Cruorhulk,Huge,Undead,,Unaligned,12,,,,,,,,,,,,,,,,ø,,ø,,Dark Arts Player's Companion,37,,,Tunnel Prawn,Small,Beast,,Unaligned,1/8,,,,,,,,,,,,,,,,x,,,,Fifth Edition Foes,236,,,,,,,,,,,
Crushing Wave Priest,Medium,Humanoid,Human,Neutral Evil,2,,x,,,,,,,,,,,,,,,,,,Princes of the Apocalypse,205,,,Tunnel Worm,Huge,Monstrosity,,Unaligned,8,,,,,,,,,,,,,,,,x,,,,Fifth Edition Foes,237,,,,,,,,,,,
Crushing Wave Reaver,Medium,Humanoid,Human,Neutral Evil,1/2,,,,,,,,,,,,,,,,,,,,Princes of the Apocalypse,205,,,Vampire Rose,Small,Plant,,Unaligned,1/4,,,,,,,,,,,x,x,x,,,,,,,Fifth Edition Foes,238,,,,,,,,,,,
Cryoceros,Large,Monstrosity,,Unaligned,6,,,,,,,,x,,,,,,,,,,,,Tome of Beasts 2,76,,,Vegepygmy Chief,Small,Plant,Fungus,Unaligned,3,,,,,,,,,,,x,,,,x,x,,,,Fifth Edition Foes,239,,,,,,,,,,,
Cryonax,Huge,Elemental,,Neutral Evil,22,,x,x,x,x,,,,,,,,,,,,,,ø,Minsc and Boo's Journal of Villainy,98,,,Vegepygmy Commoner/Worker,Small,Plant,Fungus,Unaligned,1/8,,,,,,,,,,,x,,,,x,x,,,,Fifth Edition Foes,239,,,,,,,,,,,
Crypt Lurker,Medium,Monstrosity,,Chaotic Evil,3,,,,,,,,,,,,,,ø,,x,,x,x,Sandy Petersen's Cthulhu Mythos,325,,,Vegepygmy Guard,Small,Plant,Fungus,Unaligned,1/2,,,,,,,,,,,x,,,,x,x,,,,Fifth Edition Foes,239,,,,,,,,,,,
Crypt Spider,Medium,Beast,,Lawful Evil,2,,,,,,,,,,,,,,,,x,,x,,Creature Codex,348,,,Volt,Small,Aberration,,Unaligned,1/4,,,,,,,,,,,,,,,,x,,,,Fifth Edition Foes,241,,,,,,,,,,,
Crypt Thing,Medium,Undead,,Neutral,3,,,,,,,,,,,,,,,,x,,x,,Fifth Edition Foes,72,,,Vorin,Huge,Monstrosity,Aquatic,Chaotic Evil,9,,,,,,,,,,,,,,,x,,,,,Fifth Edition Foes,242,,,,,,,,,,,
Crystal Dragon Wyrmling,Medium,Dragon,Gem,Chaotic Neutral,2,,,,,,,,ø,,,,,,,,,,,,Fizban's Treasury of Dragons,172,,,Vulchling,Medium,Monstrosity,,Chaotic Evil,1/8,,,,,,,,,,,,,,,,x,,,,Fifth Edition Foes,243,,,,,,,,,,,
Crystal Elemental,Medium,Elemental,,Neutral,3,,,,,,,,,,,,,,,,,,,ø,Monster a Day Compendium 2.0,26,,,Lava Weird,Large,Elemental,,Chaotic Evil,4,,,,,,,,,,,,,,,,,,,x,Fifth Edition Foes,244,,,,,,,,,,,
Crystalline Devil,Medium,Fiend,Devil,Lawful Neutral,6,,x,,,,,,,,,,,,,,,,,ø,Tome of Beasts,105,,,Were-Mist,Large,Aberration,,Chaotic Evil,2,,,,,,,,x,x,x,x,x,x,x,x,x,,x,,Fifth Edition Foes,245,,,,,,,,,,,
Crystalline Dragon,Huge,Dragon,,Any Chaotic,18,,,x,,,,,,,,,,,,,,,,ø,Monster a Day Compendium 2.0,27,,,Weredactyl,Medium,Humanoid,Shapechanger,Neutral Evil,2,,,,,,,,,,,x,x,x,,,,,,,Fifth Edition Foes,246,,,,,,,,,,,
Crystalline Monolith,Huge,Aberration,,Lawful Neutral,7,,x,x,x,,,,,,,,,,x,,x,,,,Tome of Beasts 2,78,,,Widow Creeper,Large,Plant,,Unaligned,10,,,,,,,,,,,x,,,,,,,,,Fifth Edition Foes,247,,,,,,,,,,,
Crystalline Sliver,Large,Monstrosity,Sliver,Unaligned,4,,,,,,,,,ø,,ø,ø,ø,ø,ø,ø,,,,Monster a Day Compendium 2.0,187,,,Witch Grass,Small,Plant,,Unaligned,0,,,,,,,,,,,x,x,x,,x,,,,,Fifth Edition Foes,248,,,,,,,,,,,
Cthurkey,Small,Aberration,,Chaotic Evil,3,,,,,,,,,,,,,ø,,,,,,,Monster a Day Compendium 2.0,28,,,Witherstench,Small,Monstrosity,,Unaligned,0,,,,,,,,,,,x,x,x,,,,,,,Fifth Edition Foes,249,,,,,,,,,,,
Cueyatl,Small,Humanoid,,Lawful Evil,1/2,,,,,,,,,x,,,,,,,,,,,Creature Codex,68,,,Yellow Musk Creeper,Large,Plant,,Unaligned,1,,,,,,,,,,,x,,,,x,x,,,,Fifth Edition Foes,250,,,,,,,,,,,
Cueyatl Moon Priest,Small,Humanoid,,Lawful Evil,5,,x,,,,,,,x,,,,,,,,,,,Creature Codex,68,,,Yellow Musk Zombie,Medium,Plant,,Neutral Evil,1/4,,,,,,,,,,,x,,,,x,x,,,,Fifth Edition Foes,251,,,,,,,,,,,
Cueyatl Sea Priest,Small,Humanoid,,Lawful Evil,1,,x,,,,,,,x,,,,,,,,,,,Creature Codex,69,,,Zombie Raven,Tiny,Undead,,Chaotic Evil,0,,,,,,,,x,x,x,x,x,x,x,x,x,,x,,Fifth Edition Foes,252,,,,,,,,,,,
Cueyatl Warrior,Small,Humanoid,,Lawful Evil,1,,,,,,,,,x,,,,,,,,,,,Creature Codex,69,,,Ancient Amethyst Dragon,Gargantuan,Dragon,Gem,Neutral,23,,x,x,x,,,,,ø,,,ø,ø,ø,,,,,,Fizban's Treasury of Dragons,160,,,,,,,,,,,
Culicoid,Large,Fiend,Demon,Chaotic Evil,12,,,,,,,,,,,,,,,x,,,,x,Tome of Beasts 2,94,,,Adult Amethyst Dragon,Huge,Dragon,Gem,Neutral,16,,x,x,x,,,,,ø,,,ø,ø,ø,,,,,,Fizban's Treasury of Dragons,161,,,,,,,,,,,
Cult Fanatic,Medium,Humanoid,Any Race,Any Non-Good,2,,x,,,,,,,,,,,,,,,,x,,Monster Manual,345,"Infernal Machine Rebuild 53, Rise of Tiamat Online Supplement 11",,Young Amethyst Dragon,Large,Dragon,Gem,Neutral,9,,x,,,,,,,ø,,,ø,ø,ø,,,,,,Fizban's Treasury of Dragons,161,,,,,,,,,,,
Cult Killer,Medium,Humanoid,Any race,Any Evil,4,,,,,,,,,,,,,x,,,,,x,,Sandy Petersen's Cthulhu Mythos,404,,,Amethyst Dragon Wyrmling,Medium,Dragon,Gem,Neutral,4,,,,,,,,,ø,,,ø,ø,ø,,,,,,Fizban's Treasury of Dragons,162,,,,,,,,,,,
Cult Mastermind,Medium,Humanoid,Any race,Any Chaotic or Evil,12,,x,,,,,,,,,,,,,,,,x,,Sandy Petersen's Cthulhu Mythos,405,,,Animated Breath,Large,Elemental,,Neutral Evil,6,,,,,,,,ø,ø,ø,ø,ø,ø,ø,ø,ø,,,,Fizban's Treasury of Dragons,163,,,,,,,,,,,
Cultist,Medium,Humanoid,Any Race,Any Non-Good,1/8,,,,,,,,,,,,,,,,,,x,,Monster Manual,345,"Infernal Machine Rebuild 53, Lost Mines of Phandelver 56, Rise of Tiamat Online Supplement 11, The Lost Dungeon of Rickedness: Big Rick Energy 36",,Aspect of Bahamut,Gargantuan,Dragon,Metallic,Lawful Good,30,,,x,,x,,,ø,ø,ø,ø,ø,ø,ø,ø,ø,,ø,,Fizban's Treasury of Dragons,164,,,,,,,,,,,
Cuprilach Rilmani,Medium,Celestial,,Neutral,12,,x,,,,,,,,,,,,,,,,,x,Morte's Planar Parade,44,,,Aspect of Tiamat,Gargantuan,Dragon,Chromatic,Chaotic Evil,30,,,x,,x,,,ø,ø,ø,ø,ø,ø,ø,ø,ø,,,,Fizban's Treasury of Dragons,166,,,,,,,,,,,
Curse of Strahdmotronic Blastseeker,Medium,Humanoid,Any Race,Chaotic Neutral,4,,x,,,,,,,,,,,,,,,,ø,,Guildmaster's Guide to Ravnica,242,,,Chromatic Greatwyrm,Gargantuan,Dragon,Chromatic,Chaotic Evil,27,,,x,,,,,ø,ø,ø,ø,ø,ø,ø,ø,ø,,,,Fizban's Treasury of Dragons,168,,,,,,,,,,,
Cursed oak,Huge,Plant,,Chaotic Evil,7,,,,,,,,,,,x,,,,,,,,,Dark Arts Player's Companion,38,,,Ancient Crystal Dragon,Gargantuan,Dragon,Gem,Chaotic Neutral,19,,x,x,x,,,,ø,,,,,,,,,,,,Fizban's Treasury of Dragons,170,,,,,,,,,,,
Cyclops,Huge,Giant,,Chaotic Neutral,6,,,,,,,,,x,x,,x,x,x,,x,,,,Monster Manual,45,Rise of Tiamat Online Supplement 11,,Adult Crystal Dragon,Huge,Dragon,Gem,Chaotic Neutral,12,,x,x,x,,,,ø,,,,,,,,,,,,Fizban's Treasury of Dragons,171,,,,,,,,,,,
Cyclops Stormcaller,Large,Giant,,Neutral Evil,10,,x,,,,,,,,,,,,ø,,,,,,Tal'Dorei Campaign Setting Reborn,235,Tal'Dorei Campaign Setting 132,,Young Crystal Dragon,Large,Dragon,Gem,Chaotic Neutral,5,,x,,,,,,ø,,,,,,,,,,,,Fizban's Treasury of Dragons,172,,,,,,,,,,,
Dabus,Medium,Celestial,,Lawful Neutral,2,,,,,,,,,,,,,,,,,,,x,Morte's Planar Parade,23,,,Crystal Dragon Wyrmling,Medium,Dragon,Gem,Chaotic Neutral,2,,,,,,,,ø,,,,,,,,,,,,Fizban's Treasury of Dragons,172,,,,,,,,,,,
Daemogoth,Huge,Fiend,,Lawful Evil,10,,,,,,,,,,,,,,,,,,,ø,Strixhaven: A Cirriculum of Chaos,189,,,Ancient Deep Dragon,Gargantuan,Dragon,,Neutral Evil,18,,,x,x,,,,,,,,,,,,ø,,,,Fizban's Treasury of Dragons,173,,,,,,,,,,,
Daemogoth Titant,Gargantuan,Fiend,,Chaotic Evil,16,,,x,,,,,,,,,,,,,,,,ø,Strixhaven: A Cirriculum of Chaos,190,,,Adult Deep Dragon,Huge,Dragon,,Neutral Evil,11,,,x,x,,,,,,,,,,,,ø,,,,Fizban's Treasury of Dragons,174,,,,,,,,,,,
Dagon,Large,Fiend,Aquatic,Chaotic Evil,20,,x,x,,,,,,x,,,,,,x,,x,,x,Fifth Edition Foes,73,,,Young Deep Dragon,Large,Dragon,,Neutral Evil,5,,,,,,,,,,,,,,,,ø,,,,Fizban's Treasury of Dragons,175,,,,,,,,,,,
Dagryn,Medium,Humanoid,Dwarf,Neutral Evil,4,,x,,,x,,,,,,,,,,,,,ø,,Minsc and Boo's Journal of Villainy,110,,,Deep Dragon Wyrmling,Medium,Dragon,,Neutral Evil,1,,,,,,,,,,,,,,,,ø,,,,Fizban's Treasury of Dragons,175,,,,,,,,,,,
Dancing Foliage,Medium,Plant,,Chaotic Good,4,,,,,,,,,,,x,,,,,,,,,Tome of Beasts 2,79,,,Dracohydra,Huge,Monstrosity,,Chaotic Evil,11,,,,,,,,,,,,,,,,,,,,Fizban's Treasury of Dragons,176,,,,,,,,,,,
Dao,Large,Elemental,,Neutral Evil,11,,x,,,,,,,,,,,,,,x,,,,Monster Manual,143,Rise of Tiamat Online Supplement 12,,Draconian Dreadnought,Large,Monstrosity,,Any,4,,,,,,,,,,,,,,,,,,,,Fizban's Treasury of Dragons,177,,,,,,,,,,,
Darakhul,Medium,Undead,Ghoul,Neutral Evil,3,,,,,,,,,,,,,,,ø,ø,,ø,,Tome of Beasts,216,,,Draconian Footsoldier,Medium,Monstrosity,,Any,1/2,,,,,,,,,,,,,,,,,,,,Fizban's Treasury of Dragons,178,,,,,,,,,,,
Darakhul Captain,Medium,Undead,,Lawful Evil,9,,,,,,,,,,,,,,,,x,,x,,Tome of Beasts 2,166,,,Draconian Infiltrator,Medium,Monstrosity,,Any,3,,,,,,,,,,,,,,,,,,,,Fizban's Treasury of Dragons,178,,,,,,,,,,,
Darakhul High Priestess,Medium,Undead,,Neutral Evil,9,,x,,,,,,,,,,,,,,x,,,,Creature Codex,172,,,Draconian Mage,Medium,Monstrosity,,Any,2,,x,,,,,,,,,,,,,,,,,,Fizban's Treasury of Dragons,179,,,,,,,,,,,
Darakhul Shadowmancer,Medium,Undead,,Neutral Evil,4,,x,,,,,,,,,,,,,,x,,,,Creature Codex,173,,,Draconian Mastermind,Medium,Monstrosity,,Any,6,,x,,,,,,,,,,,,,,,,,,Fizban's Treasury of Dragons,180,,,,,,,,,,,
Darakhul Spy,Medium,Undead,,Neutral Evil,5,,,,,,,,,,,,,,,,x,,x,,Tome of Beasts 2,168,,,Draconic Shard,Huge,Undead,,Neutral,17,,,x,,,,,,,,,,,,,,,,,Fizban's Treasury of Dragons,181,,,,,,,,,,,
Darien,Large,Giant,Ogre,Chaotic Evil,9,,x,,,x,,,,,,,,,,,,,ø,,Minsc and Boo's Journal of Villainy,112,,,Dragonblood Ooze,Large,Ooze,,Unaligned,5,,,,,,,,,,,,,,,,,ø,ø,,Fizban's Treasury of Dragons,182,,,,,,,,,,,
Dark Creeper,Small,Humanoid,,Chaotic Neutral,1/4,,,,,,,,,,,,,,,,x,,,,Fifth Edition Foes,74,,,Dragonbone Golem,Large,Construct,,Unaligned,11,,,,,,,,,,,,,,,,,,,,Fizban's Treasury of Dragons,183,,,,,,,,,,,
Dark Eye,Medium,Humanoid,Dark Folk,Neutral Evil,3,,,,,,,,,,,,,,,,,,x,,Creature Codex,72,,,Dragonborn of Bahamut,Medium,Humanoid,,Lawful Good,8,,,,,,,,,,,,,,,,,,ø,,Fizban's Treasury of Dragons,184,,,,,,,,,,,
Dark Father,Large,Undead,,Lawful Neutral,4,,,,,,,,x,x,x,x,x,x,x,x,x,x,x,x,Creature Codex,71,,,Dragonborn of Sardior,Medium,Humanoid,,Neutral,6,,x,,,,,,,,,,,,,,,,ø,,Fizban's Treasury of Dragons,185,,,,,,,,,,,
Dark Servant,Medium,Humanoid,Dark Folk,Neutral Evil,1,,,,,,,,,,,,,,,,,,x,,Creature Codex,72,,,Dragonborn of Tiamat,Medium,Humanoid,,Chaotic Evil,7,,,,,,,,,,,,,,,,,,ø,,Fizban's Treasury of Dragons,185,,,,,,,,,,,
Dark Stalker,Medium,Humanoid,,Chaotic Neutral,2,,x,,,,,,,,,,,,,,x,,,,Fifth Edition Foes,75,,,Dragonflesh Grafter,Large,Monstrosity,,Neutral Evil,3,,,,,,,,,,,,,,,,,,,,Fizban's Treasury of Dragons,186,,,,,,,,,,,
Dark Tide Knight,Medium,Humanoid,Human,Lawful Neutral,3,,,,,,,,,,,,,,,,,,,,Princes of the Apocalypse,205,,,Dragonflesh Abomination,Huge,Monstrosity,,Neutral Evil,6,,,,,,,,,,,,,,,,,,,,Fizban's Treasury of Dragons,187,,,,,,,,,,,
Dark Triton,Large,Monstrosity,Aquatic,Chaotic Evil,1,,x,,,,,,,x,,,,,,,,x,,,Fifth Edition Foes,233,,,Dragon Blessed,Medium,Humanoid,,Any,5,,x,,,,,,,,,,,,,,,,ø,,Fizban's Treasury of Dragons,188,,,,,,,,,,,
Dark Voice,Medium,Humanoid,Dark Folk,Neutral Evil,5,,,,,,,,,,,,,,,,,,x,,Creature Codex,73,,,Dragon Chosen,Medium,Humanoid,,Any,3,,,,,,,,,,,,,,,,,,ø,,Fizban's Treasury of Dragons,189,,,,,,,,,,,
Darkling,Small,Fey,,Chaotic Neutral,1/2,,,,,,,,,,,x,,,,x,x,,x,,Mordenkainen Presents: Monsters of the Multiverse,84,The Wild Beyond The Witchlight 233,,Dragon Speaker,Small,Humanoid,,Any,2,,x,,,,,,,,,,,,,,,,ø,,Fizban's Treasury of Dragons,189,,,,,,,,,,,
Darkling,Small,Fey,,Chaotic Evil,1/2,,,,,,,,,,,x,,,,x,x,,x,,Volo's Guide to Monsters,134,,,Dragonnel,Large,Dragon,,Neutral,2,,,,,,,,,,,,,,,,,,,,Fizban's Treasury of Dragons,190,,,,,,,,,,,
Darkling Elder,Medium,Fey,,Chaotic Neutral,2,,x,,,,,,,,,x,,,,x,x,,x,,Mordenkainen Presents: Monsters of the Multiverse,84,The Wild Beyond The Witchlight 233,,Ancient Dragon Turtle,Gargantuan,Dragon,,Neutral,24,,,x,,,,,,,,,,,,,,ø,,,Fizban's Treasury of Dragons,191,,,,,,,,,,,
Darkling Elder,Medium,Fey,,Chaotic Evil,2,,,,,,,,,,,x,,,,x,x,,x,,Volo's Guide to Monsters,134,,,Young Dragon Turtle,Huge,Dragon,,Neutral,10,,,,,,,,,,,,,,,,,ø,,,Fizban's Treasury of Dragons,192,,,,,,,,,,,
Darkmantle,Small,Monstrosity,,Unaligned,1/2,,,,,,,,,,,,,,,,x,,,,Monster Manual,46,,,Dragon Turtle Wyrmling,Large,Dragon,,Neutral,4,,,,,,,,,,,,,,,,,ø,,,Fizban's Treasury of Dragons,192,,,,,,,,,,,
Darkweaver,Medium,Aberration,,Chaotic Evil,10,,,,x,,,,,,,,,,,,,,,x,Morte's Planar Parade,25,,,Egg Hunter Hatchling,Tiny,Monstrosity,,Unaligned,2,,,,,,,,,,,,,,,,,,,,Fizban's Treasury of Dragons,193,,,,,,,,,,,
Darkwraith,Medium,Aberration,,Lawful Neutral,8,,,,,,,,,,,,,,,,,,ø,ø,Monster a Day Compendium 2.0,180,,,Egg Hunter Adult,Small,Monstrosity,,Unaligned,5,,,,,,,,,,,,,,,,,,,,Fizban's Treasury of Dragons,193,,,,,,,,,,,
Darnoc,Medium,Undead,,Lawful Neutral,2,,,,,,,,x,x,x,x,x,x,x,x,x,,x,,Fifth Edition Foes,76,,,Elder Brain Dragon,Gargantuan,Aberration,,Lawful Evil,22,,,x,,,,,,,,,,,,,ø,,,,Fizban's Treasury of Dragons,194,,,,,,,,,,,
Dau,Small,Fey,,Chaotic Neutral,4,,x,,,,,,,,ø,,,,,,,,,,Tome of Beasts,70,,,Ancient Emerald Dragon,Gargantuan,Dragon,Gem,Lawful Neutral,21,,x,x,x,,,,,,,,,,ø,,ø,,,,Fizban's Treasury of Dragons,195,,,,,,,,,,,
Daughter of Sub-Niggurath,Huge,Aberration,,Chaotic Evil,19,,x,x,x,,,,,,,,,x,,,,,,,Sandy Petersen's Cthulhu Mythos,376,,,Adult Emerald Dragon,Huge,Dragon,Gem,Lawful Neutral,14,,x,x,x,,,,,,,,,,ø,,ø,,,,Fizban's Treasury of Dragons,196,,,,,,,,,,,
Davil Starson,Medium,Humanoid,Elf,Neutral,6,,x,,,x,,,,,,,,,,,,,ø,,Waterdeep: Dragon Heist,199,,,Young Emerald Dragon,Large,Dragon,Gem,Lawful Neutral,8,,x,,,,,,,,,,,,ø,,ø,,,,Fizban's Treasury of Dragons,197,,,,,,,,,,,
De Ogen,Medium,Undead,,Neutral Evil,4,,,,,,,,x,x,x,x,x,x,x,x,x,x,x,,Tome of Beasts 2,80,,,Emerald Dragon Wyrmling,Medium,Dragon,Gem,Lawful Neutral,2,,x,,,,,,,,,,,,ø,,ø,,,,Fizban's Treasury of Dragons,197,,,,,,,,,,,
Deadbark Dryad,Medium,Fey,,Chaotic Evil,13,,x,,,,,,,,,,,,,,,,,,Vecna: Eve of Ruin,216,,,Eyedrake,Large,Aberration,,Lawful Evil,8,,,,,,,,,,,,,,,,ø,,,,Fizban's Treasury of Dragons,199,,,,,,,,,,,
Death,Medium,Fiend,,Neutral Evil,20,,,x,,x,,,,,,,,,,,,,,ø,Monster a Day Compendium 2.0,130,,,Gem Greatwyrm,Gargantuan,Dragon,Gem,Neutral,26,,x,x,,,,,,,,,,,,,,,,,Fizban's Treasury of Dragons,201,,,,,,,,,,,
Death Barque,Gargantuan,Undead,,Neutral Evil,12,,,,,x,,,,,,,,,,,,x,,,Tome of Beasts 2,268,,,Gem Stalker,Large,Monstrosity,,Neutral,5,,,,,,,,,,,,,,,ø,,,,,Fizban's Treasury of Dragons,202,,,,,,,,,,,
Death Butterfly Swarm,Large,Beast,Swarm,Chaotic Evil,4,,,,,,,,,,,ø,,ø,,,,,,,Tome of Beasts,71,,,Ghost Dragon,Huge,Undead,,Any,17,,,,,,,,,,,,,,,,,,,,Fizban's Treasury of Dragons,203,,,,,,,,,,,
"Death Butterfly Swarm, Greater",Huge,Beast,Swarm,Chaotic Evil,6,,,,,,,,,,,ø,,ø,,,,,,,Tome of Beasts,71,,,Hoard Mimic,Huge,Monstrosity,,Neutral,8,,,,,,,,,,,,,,,,,,,,Fizban's Treasury of Dragons,204,,,,,,,,,,,
Death Dog,Medium,Monstrosity,,Neutral Evil,1,,,,,,,,,,x,,,,,,,,,,Monster Manual,321,,,Hoard Scarab,Tiny,Monstrosity,,Unaligned,1/8,,,,,,,,,,,,,,,,,,,,Fizban's Treasury of Dragons,205,,,,,,,,,,,
Death Embrace,Huge,Aberration,,Chaotic Evil,11,,,,,,,,,,,,,,,,,,,,Critical Role: Call of the Netherdeep,197,,,Swarm of Hoard Scarabs,Medium,Monstrosity,,Unaligned,2,,,,,,,,,,,,,,,,,,,,Fizban's Treasury of Dragons,205,,,,,,,,,,,
Death Giant Reaper,Huge,Giant,,Any,12,,,,,,,,,,,,,,,,,,,,Bigby Presents: Glory of the Giants,126,,,Hollow Dragon,Huge,Undead,,Any,18,,,x,,,,,,,,,,,,,,,,,Fizban's Treasury of Dragons,206,,,,,,,,,,,
Death Giant Shrouded One,Huge,Giant,Wizard,Any,15,,x,,,,,,,,,,,,,,,,,,Bigby Presents: Glory of the Giants,127,,,Liondrake,Large,Monstrosity,,Neutral,7,,,,,,,,,,,,,,,,,,,,Fizban's Treasury of Dragons,207,,,,,,,,,,,
Death Kiss,Large,Aberration,beholder,Neutral Evil,10,,,,,,,,,,,,,,,,x,,,,Mordenkainen Presents: Monsters of the Multiverse,85,,,Metallic Greatwyrm,Gargantuan,Dragon,Metallic,Lawful Good,28,,,x,,,,,,,,,,,,,,,,,Fizban's Treasury of Dragons,209,,,,,,,,,,,
Death Kiss,Large,Aberration,Beholder,Neutral Evil,10,,,,,,,,,,,,,,,,x,,,,Volo's Guide to Monsters,124,,,Metallic Peacekeeper,Medium,Construct,,Neutral Good,4,,,,,,,,,,,,,,,,,,,,Fizban's Treasury of Dragons,210,,,,,,,,,,,
Death Knight,Medium,Undead,,Chaotic Evil,17,,x,,,,,,,,,,,,,,,,ø,,Monster Manual,47,,,Metallic Warbler,Tiny,Construct,,Neutral Good,1/4,,,,,,,,,,,,,,,,,,,,Fizban's Treasury of Dragons,210,,,,,,,,,,,
Death Shroud Golem,Large,Construct,,Unaligned,5,,,,,,,,x,x,x,x,x,x,x,x,x,x,x,,Tome of Beasts 2,179,,,Ancient Moonstone Dragon,Gargantuan,Dragon,,Neutral,21,,x,x,x,,,,,,,ø,ø,,ø,,,,,ø,Fizban's Treasury of Dragons,211,,,,,,,,,,,
Death Slaad,Medium,Aberration,Shapechanger,Chaotic Evil,10,,x,,,,,,,,,,,,,,,,,ø,Monster Manual,278,,,Adult Moonstone Dragon,Huge,Dragon,,Neutral,15,,x,x,x,,,,,,,ø,ø,,ø,,,,,ø,Fizban's Treasury of Dragons,212,,,,,,,,,,,
Death Speaker,Medium,Undead,,Lawful Evil,4,,,,,,,,x,x,x,x,x,x,x,x,x,x,x,,Tome of Beasts 2,82,,,Young Moonstone Dragon,Large,Dragon,,Neutral,8,,x,,,,,,,,,ø,ø,,ø,,,,,ø,Fizban's Treasury of Dragons,213,,,,,,,,,,,
Death Tyrant,Large,Undead,Beholder,Lawful Neutral,14,,,x,,,,,,,,,,,,,x,,,,Monster Manual,29,,,Moonstone Dragon Wyrmling,Medium,Dragon,,Neutral,2,,,,,,,,,,,ø,ø,,ø,,,,,ø,Fizban's Treasury of Dragons,213,,,,,,,,,,,
Death Tyrant (in lair),Large,Undead,,Lawful Neutral,15,,,x,x,,,,,,,,,,,,x,,,,Monster Manual,29,,,Ancient Sapphire Dragon,Gargantuan,Dragon,Gem,Lawful Neutral,22,,x,x,x,,,,,,,,,,,,ø,,,,Fizban's Treasury of Dragons,214,,,,,,,,,,,
Death Vulture,Large,Monstrosity,,Neutral Evil,4,,,,,,,,,,,x,x,x,,x,,,x,,Tome of Beasts 2,81,,,Adult Sapphire Dragon,Huge,Dragon,Gem,Lawful Neutral,15,,x,x,x,,,,,,,,,,,,ø,,,,Fizban's Treasury of Dragons,215,,,,,,,,,,,
Death Widow,Large,Monstrosity,Spider,Unaligned,3,,,,,,,,,,,ø,,,,ø,ø,,,,Monster a Day Compendium 2.0,29,,,Young Sapphire Dragon,Large,Dragon,Gem,Lawful Neutral,9,,x,,,,,,,,,,,,,,ø,,,,Fizban's Treasury of Dragons,216,,,,,,,,,,,
Death Worm,Large,Monstrosity,,Unaligned,3,,,,,,,,,,,x,x,x,,,,,,,Fifth Edition Foes,78,,,Sapphire Dragon Wyrmling,Medium,Dragon,Gem,Lawful Neutral,3,,x,,,,,,,,,,,,,,ø,,,,Fizban's Treasury of Dragons,216,,,,,,,,,,,
Death's Head,Tiny,Undead,,Not Provided,1/2,,,,,,,,,,,ø,ø,ø,,ø,ø,,,,Van Richten's Guide to Ravenloft,232,,,Ancient Sea Serpent,Gargantuan,Dragon,,Neutral,14,,,x,,,,,,,,,,,,,,ø,,,Fizban's Treasury of Dragons,219,,,,,,,,,,,
Death's Head of Bhaal,Medium,Humanoid,Human,Chaotic Evil,5,,,,,,,,,,,,,,,,,,x,ø,Baldur's Gate: Descent into Avernus,233,,,Young Sea Serpent,Huge,Dragon,,Neutral,8,,,,,,,,,,,,,,,,,ø,,,Fizban's Treasury of Dragons,219,,,,,,,,,,,
Deathcap Myconid,Medium,Plant,Myconid,Neutral Evil,4,,,,,,,,,,,,,,,,ø,,,,Tome of Beasts,300,,,Ancient Topaz Dragon,Gargantuan,Dragon,Gem,Chaotic Neutral,20,,x,x,x,,,,,ø,,,,,,ø,,ø,,,Fizban's Treasury of Dragons,220,,,,,,,,,,,
Deathcrest Ape,Medium,Monstrosity,,Chaotic Neutral,3,,,,,,,,,,,,,,,,x,,,,Dark Arts Player's Companion,39,,,Adult Topaz Dragon,Huge,Dragon,Gem,Chaotic Neutral,13,,x,x,x,,,,,ø,,,,,,ø,,ø,,,Fizban's Treasury of Dragons,221,,,,,,,,,,,
Deathless Wizard,Medium,Undead,,Chaotic Evil,8,,x,,,,,,,,,,,,,,x,,x,,Sandy Petersen's Cthulhu Mythos,389,,,Young Topaz Dragon,Large,Dragon,Gem,Chaotic Neutral,7,,x,,,,,,,ø,,,,,,ø,,ø,,,Fizban's Treasury of Dragons,223,,,,,,,,,,,
Deathlock,Medium,Undead,warlock,Neutral Evil,4,,x,,,,,,,,,,,,,,,,x,,Mordenkainen Presents: Monsters of the Multiverse,86,,,Topaz Dragon Wyrmling,Medium,Dragon,Gem,Chaotic Neutral,2,,x,,,,,,,ø,,,,,,ø,,ø,,,Fizban's Treasury of Dragons,223,,,,,,,,,,,
Deathlock,Medium,Undead,,Neutral Evil,4,,x,,,,,,,,,,,,,,,,x,,Mordenkainen's Tome of Foes,128,,,Bullywug Croaker,Medium,Humanoid,Bullywug,Neutral Evil,2,,,,,,,,,,,,,,,x,,,,,Ghosts of Saltmarsh,232,,,,,,,,,,,
Deathlock Mastermind,Medium,Undead,warlock,Neutral Evil,8,,x,,,,,,,,,,,,,,,,x,,Mordenkainen Presents: Monsters of the Multiverse,87,,,Bullywug Royal,Medium,Humanoid,Bullywug,Neutral Evil,3,,,,,,,,,,,,,,,x,,,,,Ghosts of Saltmarsh,232,The Wild Beyond The Witchlight 231,,,,,,,,,,
Deathlock Mastermind,Medium,Undead,,Neutral Evil,8,,x,,,,,,,,,,,,,,,,x,,Mordenkainen's Tome of Foes,129,,,Drowned Ascetic,Medium,Undead,,Chaotic Evil,3,,,,,,,,,ø,,,,,,,,x,,,Ghosts of Saltmarsh,233,,,,,,,,,,,
Deathlock Wight,Medium,Undead,warlock,Neutral Evil,3,,x,,,,,,,,,,,,,,,,,,Mordenkainen Presents: Monsters of the Multiverse,87,,,Drowned Assassin,Medium,Undead,,Chaotic Evil,4,,,,,,,,,ø,,,,,,,,x,,,Ghosts of Saltmarsh,234,,,,,,,,,,,
Deathlock Wight,Medium,Undead,,Neutral Evil,3,,x,,,,,,,,,,,,,,,,x,,Mordenkainen's Tome of Foes,129,Tales from the Yawning Portal 233,,Drowned Blade,Medium,Undead,,Chaotic Evil,2,,,,,,,,,ø,,,,,,,,x,,,Ghosts of Saltmarsh,235,,,,,,,,,,,
Deathpact Angel,Medium,Celestial,Angel,Lawful Neutral,14,,x,,,,,,,,,,,,,,,,ø,ø,Guildmaster's Guide to Ravnica,191,,,Drowned Master,Medium,Undead,,Chaotic Evil,9,,,,,,,,,ø,,,,,,,,x,,,Ghosts of Saltmarsh,235,,,,,,,,,,,
Deathsworn,Medium,Humanoid,Elf,Chaotic Neutral,6,,,,,,,,x,x,x,x,x,x,x,x,x,x,x,x,Creature Codex,142,,,Fathomer,Medium,Humanoid,Human,Neutral Evil,2,,x,,,,,,,ø,,,,,,,,x,,,Ghosts of Saltmarsh,236,Princes of the Apocalypse 207,,,,,,,,,,
Deathweaver,Huge,Monstrosity,,Neutral Evil,5,,x,,,,,,,,,,,,,,x,,,,Tome of Beasts 2,83,,,Giant Coral Snake,Large,Beast,,Unaligned,4,,,,,,,,,ø,,,,,,,ø,x,,,Ghosts of Saltmarsh,236,,,,,,,,,,,
Deathwisp,Medium,Undead,,Neutral Evil,7,,,,,,,,,,,ø,,,,,,,ø,ø,Tome of Beasts,72,,,Giant Sea Eel,Large,Beast,,Unaligned,1/2,,,,,,,,,,,,,,,,,x,,,Ghosts of Saltmarsh,237,,,,,,,,,,,
Deathwolf,Medium,Undead,,Chaotic Evil,15,,,x,,,,,,,,,,,,,,,,,Vecna: Eve of Ruin,217,,,Harpy Matriarch,Medium,Monstrosity,,Chaotic Evil,5,,,,,,,,,x,,,,,,,,,,,Ghosts of Saltmarsh,237,,,,,,,,,,,
Decapus,Medium,Aberration,,Chaotic Evil,2,,x,,,,,,,,,x,,,,,x,,,x,Fifth Edition Foes,79,,,Juvenile Kraken,Huge,Monstrosity,Titan,Chaotic Evil,14,,,x,,,,,,,,,,,,,,x,,,Ghosts of Saltmarsh,238,,,,,,,,,,,
Decapus,Large,Monstrosity,,Unaligned,4,,,,,,,,,,,x,,,,,,,,,The Tortle Package,21,,,Koalinth,Medium,Humanoid,Goblinoid,Lawful Evil,1/2,,,,,,,,,x,,,,,,,,x,,,Ghosts of Saltmarsh,238,,,,,,,,,,,
Decaton Modron,Large,Construct,,Lawful Neutral,8,,x,,,,,,,,,,,,,,,,,x,Morte's Planar Parade,36,,,Koalinth Sergeant,Medium,Humanoid,Goblinoid,Lawful Evil,2,,,,,,,,,x,,,,,,,,x,,,Ghosts of Saltmarsh,239,,,,,,,,,,,
Deep Crow,Large,Monstrosity,,Unaligned,9,,,,,,,,,,,,,,,,x,,,,Acquisitions Incorporated,210,,,Kysh,Medium,Humanoid,Triton,Lawful Good,1,,x,,,x,,,,,,,,,,,,,,,Ghosts of Saltmarsh,240,,,,,,,,,,,
Deep Dragon Wyrmling,Medium,Dragon,,Neutral Evil,1,,,,,,,,,,,,,,,,ø,,,,Fizban's Treasury of Dragons,175,,,Living Iron Statue,Medium,Construct,,Unaligned,5,,,,,,,,,,,,,,,,,,,,Ghosts of Saltmarsh,241,,,,,,,,,,,
Deep Drake,Large,Dragon,,Chaotic Evil,9,,,,,,,,,,,,,,,,ø,,,,Tome of Beasts,152,,,Lizardfolk Commoner,Medium,Humanoid,Lizardfolk,Neutral,1/4,,,,,,,,,,,x,,,,x,,,,,Ghosts of Saltmarsh,241,,,,,,,,,,,
Deep Hunter Sea Serpent,Gargantuan,Dragon,Aquatic,Lawful Neutral,14,,,x,,,,,,,,,,,,,,x,,,Fifth Edition Foes,200,,,Lizardfolk Render,Large,Humanoid,Lizardfolk,Neutral,3,,,,,,,,,,,x,,,,x,,,,,Ghosts of Saltmarsh,241,Infernal Machine Rebuild 71,,,,,,,,,,
Deep One,Large,Aberration,Deep One,Chaotic Evil,6,,,,,,,,,,,,,,,,,ø,ø,,Monster a Day Compendium 2.0,30,,,Lizardfolk Scaleshield,Medium,Humanoid,Lizardfolk,Neutral,1,,,,,,,,,,,x,,,,x,,,,,Ghosts of Saltmarsh,242,,,,,,,,,,,
Deep One,Medium,Humanoid,deep one,Chaotic Evil,1,,,,,,,,,x,,,,,,,,x,,,Sandy Petersen's Cthulhu Mythos,296,,,Lizardfolk Subchief,Medium,Humanoid,Lizardfolk,Neutral,3,,x,,,,,,,,,x,,,,x,,,,,Ghosts of Saltmarsh,242,,,,,,,,,,,
Deep One,Medium,Humanoid,,Chaotic Evil,2,,,,,,,,,ø,,,,,,,,ø,,,Tome of Beasts,73,,,Locathah,Medium,Humanoid,Locathah,Neutral,1/2,,,,,,,,,x,,,,,,,,x,,,Ghosts of Saltmarsh,243,Infernal Machine Rebuild 72,,,,,,,,,,
Deep One Archimandrite,Large,Humanoid,,Chaotic Evil,8,,x,,,,,,,ø,,,,,,,,ø,,,Tome of Beasts,74,,,Locathah Hunter,Medium,Humanoid,Locathah,Neutral,2,,,,,,,,,x,,,,,,,,x,,,Ghosts of Saltmarsh,243,,,,,,,,,,,
Deep One Bishop,Medium,Aberration,deep one,Chaotic Evil,11,,x,,,,,,,x,,,,,,,,x,,,Sandy Petersen's Cthulhu Mythos,297,,,Maw of Sekolah,Huge,Monstrosity,,Neutral Evil,7,,,x,,x,,,,,,,,,,,,x,,,Ghosts of Saltmarsh,244,,,,,,,,,,,
Deep One Hybrid Cultist,Medium,Humanoid,"deep one, human",Chaotic Evil,1/8,,,,,,,x,,x,,,,,,,,x,,,Sandy Petersen's Cthulhu Mythos,298,,,Merfolk Salvager,Medium,Humanoid,Merfolk,Neutral,1,,,,,,,,,ø,,,,,,,,x,,,Ghosts of Saltmarsh,244,,,,,,,,,,,
Deep One Hybrid Priest,Medium,Humanoid,,Chaotic Evil,4,,x,,,,,,,ø,,,,,,,,ø,,,Tome of Beasts,73,,,Minotaur Living Crystal Statue,Large,Construct,,Unaligned,6,,,,,x,,,,,,,,,,,,,,,Ghosts of Saltmarsh,245,,,,,,,,,,,
Deep One Scion Priest of Cthulhu,Medium,Humanoid,deep one,Chaotic Evil,5,,x,,,,,x,,x,,,,,,,,x,,,Sandy Petersen's Cthulhu Mythos,299,,,Monstrous Peryton,Large,Monstrosity,,Chaotic Evil,11,,,x,,,,,,x,,,,x,x,,,,,,Ghosts of Saltmarsh,245,,,,,,,,,,,
Deep Rothe,Medium,Beast,cattle,Unaligned,1/4,,x,,,,,,,,,,,,,,x,,,,Mordenkainen Presents: Monsters of the Multiverse,71,,,Mr. Dory,Medium,Aberration,,Chaotic Evil,10,,x,,,x,,,,,,,,,,,,,,,Ghosts of Saltmarsh,246,,,,,,,,,,,
Deep Scion,Medium,Monstrosity,,Chaotic Evil,3,,,,,,,,,x,,,,,,,,x,,,Mordenkainen Presents: Monsters of the Multiverse,88,,,Oceanus (Sea Elf),Medium,Humanoid,Elf,Neutral Good,1/2,,,,,x,,,,,,,,,,,,,,,Ghosts of Saltmarsh,246,,,,,,,,,,,
Deep Scion,Medium,Humanoid,Shapechanger,Neutral Evil,3,,,,,,,,,x,,,,,,,,x,,,Volo's Guide to Monsters,135,Ghosts of Saltmarsh 233,,Pirate Bosun,Medium,Humanoid,Any Race,Any,1/2,,,,,,,,,ø,,,,,,,,ø,ø,,Ghosts of Saltmarsh,247,,,,,,,,,,,
Deep Spider,Huge,Beast,,Unaligned,7,,,,,,,,,,,ø,,,,,ø,,,,Minsc and Boo's Journal of Villainy,151,,,Pirate Captain,Medium,Humanoid,Any Race,Any,2,,,,,,,,,ø,,,,,,,,ø,ø,,Ghosts of Saltmarsh,247,,,,,,,,,,,
Deep Troll,Large,Giant,,Chaotic Evil,5,,x,,,,,,,,,,,,,,ø,,,,Monster a Day Compendium 2.0,205,,,Pirate Deck Wizard,Medium,Humanoid,Any Race,Any,1,,x,,,,,,,ø,,,,,,,,ø,ø,,Ghosts of Saltmarsh,248,,,,,,,,,,,
Deep Troll,Large,Giant,,Chaotic Evil,4,,,,,,,,,,,,,,,,x,,,,Tome of Beasts 2,352,,,Pirate First Mate,Medium,Humanoid,Any Race,Any,1,,,,,,,,,ø,,,,,,,,ø,ø,,Ghosts of Saltmarsh,248,,,,,,,,,,,
Deer,Medium,Beast,,Unaligned,0,,,,,,,,,,,x,x,,,,,,,,Monster Manual,321,,,Rip Tide Priest,Medium,Humanoid,Human,Neutral Evil,2,,x,,,,,,,ø,,,,,,,,ø,ø,,Ghosts of Saltmarsh,248,,,,,,,,,,,
Degenerate Titan,Huge,Giant,,Chaotic Evil,8,,,,,,,,,,,,,,,,,,,,Tome of Beasts,381,,,Sahuagin Blademaster,Medium,Humanoid,Sahuagin,Lawful Evil,6,,,,,,,,,x,,,,,,,,x,,,Ghosts of Saltmarsh,249,,,,,,,,,,,
Degloth,Large,Fiend,Demon,Chaotic Evil,11,,,,,,,,,,,,,,,,,,,,Vecna: Eve of Ruin,218,,,Sahuagin Champion,Medium,Humanoid,Sahuagin,Lawful Evil,3,,,,,,,,,x,,,,,,,,x,,,Ghosts of Saltmarsh,249,,,,,,,,,,,
Degmadu,Gargantuan,Monstrosity,,Chaotic Neutral,28,,,x,,x,,,,,,,,,,,x,,,,Tome of Beasts 2,84,,,Sahuagin Coral Smasher,Medium,Humanoid,Sahuagin,Lawful Evil,1,,,,,,,,,x,,,,,,,,x,,,Ghosts of Saltmarsh,249,,,,,,,,,,,
Deinonychus,Medium,Beast,dinosaur,Unaligned,1,,,,,,,,,,,x,x,x,,,,,,,Mordenkainen Presents: Monsters of the Multiverse,95,"Volo's Guide to Monsters 139, Tomb of Annihilation 217.",,Sahuagin Deep Diver,Medium,Humanoid,Sahuagin,Lawful Evil,4,,,,,,,,,x,,,,,,,,x,,,Ghosts of Saltmarsh,250,,,,,,,,,,,
Demilich,Tiny,Undead,,Neutral Evil,18,,,x,,,,,,,,,,,,,ø,,,,Monster Manual,48,,,Sahuagin Hatchling Swarm,Large,Beast,Swarm,Chaotic Evil,3,,,,,,,,,x,,,,,,,,x,,,Ghosts of Saltmarsh,250,,,,,,,,,,,
Demilich (in lair),Tiny,Undead,,Neutral Evil,20,,,x,x,,,,,,,,,,,,ø,,,,Monster Manual,48,,,Sahuagin High Priestess,Medium,Humanoid,Sahuagin,Lawful Evil,5,,x,,,,,,,x,,,,,,,,x,,,Ghosts of Saltmarsh,251,,,,,,,,,,,
"Demodand, Farastu",Medium,Fiend,,Neutral Evil,7,,,,,,,,,,,,,,,,,,,ø,Minsc and Boo's Journal of Villainy,135,,,Sahuagin Wave Shaper,Medium,Humanoid,Sahuagin,Lawful Evil,5,,x,,,,,,,x,,,,,,,,x,,,Ghosts of Saltmarsh,251,,,,,,,,,,,
"Demodand, Kelubar",Medium,Fiend,,Neutral Evil,11,,x,,,,,,,,,,,,,,,,,ø,Minsc and Boo's Journal of Villainy,136,,,Sanbalet,Medium,Humanoid,Human,Neutral Evil,1,,x,,,x,,,,,,,,,,,,,,,Ghosts of Saltmarsh,252,,,,,,,,,,,
"Demodand, Shator",Large,Fiend,,Neutral Evil,15,,x,,,,,,,,,,,,,,,,,ø,Minsc and Boo's Journal of Villainy,137,,,Sea Lion,Large,Beast,,Unaligned,1/2,,,,,,,,,x,,,,,,,,x,,,Ghosts of Saltmarsh,252,Tales from the Yawning Portal 242,,,,,,,,,,
Demogorgon,Huge,Fiend,demon,Chaotic Evil,26,,x,x,x,x,,,,,,,,,,,,,,ø,Mordenkainen Presents: Monsters of the Multiverse,90,,,Shell Shark,Medium,Monstrosity,,Unaligned,2,,,,,,,,,,,,,,,,,x,,,Ghosts of Saltmarsh,252,,,,,,,,,,,
Demogorgon,Huge,Fiend,"Demon, Demon Lord",Chaotic Evil,26,,x,x,x,x,,,,,,,,,,,,,,ø,Mordenkainen's Tome of Foes,144,Out of the Abyss 236,,Skeletal Alchemist,Medium,Undead,,Lawful Evil,1/2,,,,,,,,,,,,,,,,,,,,Ghosts of Saltmarsh,253,,,,,,,,,,,
"Demon Lord of Apes, Mechuiti",Gargantuan,Fiend,"Demon, Demon Lord",Chaotic Evil,27,,,x,x,x,,,,,,,,,,,,,,ø,Tome of Beasts,88,,,Skeletal Juggernaut,Large,Undead,,Lawful Evil,5,,,,,,,,,,,,,,,,,,,,Ghosts of Saltmarsh,253,Infernal Machine Rebuild 81,,,,,,,,,,
Demon Lord of Bats and Fire Camazotz,Large,Fiend,"Demon, Demon Lord",Chaotic Evil,22,,x,x,,x,,,,,,,,,,,,,,ø,Tome of Beasts,85,,,Skeletal Swarm,Large,Undead,Swarm,Lawful Evil,2,,,,,,,,,,,,,,,,,,,,Ghosts of Saltmarsh,254,Infernal Machine Rebuild 81,,,,,,,,,,
Demon Lord of Cockroaches Akyishigal,Large,Fiend,"Demon, Demon Lord",Chaotic Evil,12,,x,x,,x,,,,,,,,,,,,,,ø,Tome of Beasts,82,,,Skum,Medium,Aberration,,Lawful Evil,5,,,,,,,,,ø,,,,,,,,ø,,,Ghosts of Saltmarsh,254,,,,,,,,,,,
Demon Lord of Night Alquam,Huge,Fiend,"Demon, Demon Lord",Chaotic Evil,21,,,x,x,x,,,,,,,,,,,,,,ø,Tome of Beasts,84,,,Thousand Teeth,Large,Monstrosity,,Neutral Evil,6,,,x,,x,,,,ø,,,,,,ø,,,,,Ghosts of Saltmarsh,256,,,,,,,,,,,
Demon Lord of the Devouring Worm Qorgeth,Gargantuan,Fiend,"Demon, Demon Lord",Chaotic Evil,23,,x,x,x,x,,,,,,,,,,,,,ø,,Tome of Beasts,90,,,Vampiric Jade Statue,Large,Construct,,Unaligned,8,,,x,,x,,,,,,,,,,,,,,,Ghosts of Saltmarsh,256,,,,,,,,,,,
Demonfeed Spider,Large,Fiend,,Not Provided,8,,,,,,,,,,,,,,,,ø,,,,Tal'Dorei Campaign Setting Reborn,237,,,Battleforce Angel,Medium,Celestial,Angel,Lawful Good,5,,,,,,,,,,,,,,,,,,ø,ø,Guildmaster's Guide to Ravnica,189,,,,,,,,,,,
Demonfeed Spiderling,Medium,Fiend,,Not Provided,1,,,,,,,,,,,,,,,,ø,,,,Tal'Dorei Campaign Setting Reborn,237,,,Firemane Angel,Medium,Celestial,Angel,Chaotic Good,12,,x,,,,,,,,,,,,,,,,ø,ø,Guildmaster's Guide to Ravnica,190,,,,,,,,,,,
Demonic Knight,Medium,Fiend,,Chaotic Evil,5,,x,,,,,,x,x,x,x,x,x,x,x,x,,x,,Fifth Edition Foes,82,,,Deathpact Angel,Medium,Celestial,Angel,Lawful Neutral,14,,x,,,,,,,,,,,,,,,,ø,ø,Guildmaster's Guide to Ravnica,191,,,,,,,,,,,
Demos Magen,Medium,Construct,,Unaligned,2,,,,,,,,,,,,,,,,,,,,Icewind Dale: Rime of the Frostmaiden,300,,,Archon of the Triumvirate,Medium,Celestial,,Lawful Neutral,14,,x,x,,,,,,,,,,,,,,,ø,,Guildmaster's Guide to Ravnica,192,,,,,,,,,,,
Denizen of Leng,Medium,Aberration,,Chaotic Evil,5,,x,,,,,,,,x,x,x,x,x,,,,,,Fifth Edition Foes,83,,,Arclight Phoenix,Medium,Elemental,,Chaotic Neutral,12,,,,,,,,,,,,,,,,,,ø,ø,Guildmaster's Guide to Ravnica,193,,,,,,,,,,,
Derendian Moth Abomination,Huge,Monstrosity,,Neutral Evil,12,,,x,,,,,,,,x,,,,,,,,,Tome of Beasts 2,96,,,Conclave Dryad,Medium,Fey,,Lawful Good,9,,x,,,,,,,,,ø,ø,,,,,,ø,,Guildmaster's Guide to Ravnica,194,,,,,,,,,,,
Dermot Wurder (Tier 1),Small,Humanoid,"Cleric, Goblin, Goblinoid)",Lawful Good,3,,x,,,,,,,,,,,,,,,,,,Critical Role: Call of the Netherdeep,188,,,Cackler,Small,Fiend,Demon,Chaotic Evil,1/2,,x,,,,,,,,,,,,,,ø,,ø,ø,Guildmaster's Guide to Ravnica,195,,,,,,,,,,,
Dermot Wurder (Tier 2),Small,Humanoid,"Cleric, Goblin, Goblinoid)",Lawful Good,5,,x,,,,,,,,,,,,,,,,,,Critical Role: Call of the Netherdeep,191,,,Master of Cruelties,Large,Fiend,Demon,Chaotic Evil,9,,x,,,,,,,,,,,,,,ø,,ø,ø,Guildmaster's Guide to Ravnica,196,,,,,,,,,,,
Dermot Wurder (Tier 3),Small,Humanoid,"Cleric, Goblin, Goblinoid)",Lawful Good,8,,x,,,,,,,,,,,,,,,,,,Critical Role: Call of the Netherdeep,193,,,Sire of Insanity,Huge,Fiend,Demon,Chaotic Evil,12,,x,,,,,,,,,,,,,,ø,,ø,ø,Guildmaster's Guide to Ravnica,197,,,,,,,,,,,
Derro,Small,Aberration,,Chaotic Evil,1/4,,,,,,,,,,,,,,x,,x,,,,Mordenkainen Presents: Monsters of the Multiverse,91,,,Devkarin Lich,Medium,Undead,,Neutral Evil,14,,x,x,,,,,,,,,,,,ø,ø,,ø,,Guildmaster's Guide to Ravnica,198,,,,,,,,,,,
Derro,Small,Humanoid,Derro,Chaotic Evil,1/4,,,,,,,,,,,,,,x,,x,,,ø,Mordenkainen's Tome of Foes,158,Out of the Abyss 224,,Felidar,Large,Celestial,,Lawful Neutral,5,,,,,,,,,,,,,,,,,,ø,,Guildmaster's Guide to Ravnica,199,,,,,,,,,,,
Derro Apprentice,Small,Aberration,,Chaotic Evil,1,,x,,,,,,,,,,,,,,,,,,Quests from the Infinite Staircase,196,,,Bloodfray Giant,Huge,Giant,,Chaotic Evil,6,,,,,,,,,,,,,,,,ø,,ø,,Guildmaster's Guide to Ravnica,200,,,,,,,,,,,
Derro Explorer,Small,Humanoid,Derro,Any Non-Good,2,,,,,,,,,,,,,,,,x,,,,Tome of Beasts 2,97,,,Guardian Giant,Huge,Giant,,Lawful Neutral,8,,,,,,,,,,,,,,,,,,ø,,Guildmaster's Guide to Ravnica,201,,,,,,,,,,,
Derro Fetal Savant,Tiny,Humanoid,,Chaotic Evil,4,,,,,,,,,,,,,,,,ø,,,,Tome of Beasts,92,,,Orzhov Giant,Large,Giant,,Lawful Neutral,6,,,,,,,,,,,,,,,,,,ø,,Guildmaster's Guide to Ravnica,202,,,,,,,,,,,
Derro Guard,Small,Humanoid,Derro,Any Non-Good,1/2,,,,,,,,,,,,,,,,x,,,,Tome of Beasts 2,97,,,Sunder Shaman,Huge,Giant,,Chaotic Neutral,10,,,,,,,,,,,ø,ø,ø,,,,,ø,,Guildmaster's Guide to Ravnica,202,,,,,,,,,,,
Derro Raider,Small,Aberration,,Chaotic Evil,1/4,,,,,,,,,,,,,,,,,,,,Quests from the Infinite Staircase,196,,,Flying Horror,Medium,Aberration,,Neutral Evil,3,,,,,,,,,,,,,,,,ø,,ø,,Guildmaster's Guide to Ravnica,203,,,,,,,,,,,
Derro Savant,Small,Aberration,sorcerer,Chaotic Evil,3,,x,,,,,,,,,,,,,,x,,,,Mordenkainen Presents: Monsters of the Multiverse,92,,,Shadow Horror,Large,Aberration,,Neutral Evil,9,,,,,,,,,,,,,,,,ø,,ø,,Guildmaster's Guide to Ravnica,205,,,,,,,,,,,
Derro Savant,Small,Humanoid,Derro,Chaotic Evil,3,,x,,,,,,,,,,,,,,,,,,Out of the Abyss,225,,,Skittering Horro,Huge,Aberration,,Neutral Evil,15,,,,,,,,,,,,,,,,ø,,ø,,Guildmaster's Guide to Ravnica,205,,,,,,,,,,,
Derro Servant,Small,Humanoid,Derro,Chaotic Evil,3,,x,,,,,,,,,,,,x,,x,,,ø,Mordenkainen's Tome of Foes,159,,,Indentured Spirit,Medium,Undead,,Any,1,,,,,,,,,,,,,,,,,,ø,,Guildmaster's Guide to Ravnica,206,,,,,,,,,,,
Derro Shadow Antipaladin,Small,Humanoid,,Chaotic Evil,5,,x,,,,,,,,,,,,,,ø,,,,Tome of Beasts,93,,,Blistercoil Weird,Medium,Elemental,Weird,Chaotic Neutral,4,,,,,,,,,,,,,,,,,,ø,ø,Guildmaster's Guide to Ravnica,207,,,,,,,,,,,
Derro Shadowseeker,Small,Humanoid,Derro,Chaotic Evil,6,,,,,,,,,,,,,,,,x,,,,Tome of Beasts 2,98,,,Fluxcharger,Large,Elemental,Weird,Chaotic Neutral,7,,,,,,,,,,,,,,,,,,ø,ø,Guildmaster's Guide to Ravnica,208,,,,,,,,,,,
Desert Giant,Huge,Giant,,Neutral,9,,,,,,,,,,ø,,,,,,,,,,Tome of Beasts,222,,,Galvanice Weird,Medium,Elemental,Weird,Chaotic Neutral,1,,,,,,,,,,,,,,,,,,ø,ø,Guildmaster's Guide to Ravnica,209,,,,,,,,,,,
Desert Troll,Large,Giant,,Chaotic Evil,6,,,,,,,,,,x,,,,,,,,,,Creature Codex,356,,,Category 1 Krasis,Medium,Monstrosity,,Unaligned,1,,,,,,,,,ø,,,,,,ø,ø,ø,ø,,Guildmaster's Guide to Ravnica,210,,,,,,,,,,,
Despair,Large,Fiend,,Neutral Evil,15,,,,,x,,,,,,,,,,,,,,ø,Monster a Day Compendium 2.0,130,,,Category 2 Krasis,Large,Monstrosity,,Unaligned,6,,,,,,,,,ø,,,,,,ø,ø,ø,ø,,Guildmaster's Guide to Ravnica,211,,,,,,,,,,,
Deva,Medium,Celestial,,Lawful Good,10,,x,,,,,,,,,,,,,,,,,ø,Monster Manual,16,,,Category 3 Krasis,Huge,Monstrosity,,Unaligned,16,,,,,,,,,ø,,,,,,ø,ø,ø,ø,,Guildmaster's Guide to Ravnica,212,,,,,,,,,,,
Devil Bough,Huge,Fiend,,Neutral Evil,6,,,,,,,,x,x,x,x,x,x,x,x,x,x,x,x,Creature Codex,302,,,Kraul Warrior,Medium,Humanoid,Kraul,Neutral Evil,1/2,,,,,,,,,,,,,,,,ø,,,,Guildmaster's Guide to Ravnica,213,,,,,,,,,,,
Devil Shark,Gargantuan,Monstrosity,,Neutral Evil,13,,,,,,,,,,,,,,,,,x,,,Creature Codex,98,,,Kraul Death Priest,Medium,Humanoid,Kraul,Neutral Evil,4,,x,,,,,,,,,,,,,,ø,,,,Guildmaster's Guide to Ravnica,214,,,,,,,,,,,
Devilbound Gnomish Prince,Small,Humanoid,,Any Evil,9,,x,,,,,,,ø,,ø,ø,ø,,,,,ø,,Tome of Beasts,420,,,Gloamwing,Large,Undead,,Neutral Evil,8,,,,,,,,,,,,,,,,,,ø,ø,Guildmaster's Guide to Ravnica,215,,,,,,,,,,,
Devkarin Lich,Medium,Undead,,Neutral Evil,14,,x,x,,,,,,,,,,,,ø,ø,,ø,,Guildmaster's Guide to Ravnica,198,,,Nightveil Specter,Medium,Undead,,Neutral Evil,10,,,,,,,,,,,,,,,,ø,,ø,,Guildmaster's Guide to Ravnica,215,,,,,,,,,,,
Devourer,Large,Undead,,Chaotic Evil,13,,,,,,,,,,,,,,,,x,,,,Mordenkainen Presents: Monsters of the Multiverse,93,Volo's Guide to Monsters 138,,Nivix Cyclops,Large,Giant,,Unaligned,8,,,,,,,,,,,,,,,,,,ø,,Guildmaster's Guide to Ravnica,216,,,,,,,,,,,
Dhampir,Medium,Humanoid,Dhampir,Any,1,,,,,,,,,,,,,,,,,,x,,Creature Codex,106,,,Hybrid Brute,Medium,Humanoid,Simic Hybrid,Neutral Good,2,,,,,,,,,ø,,,,,,,,ø,ø,,Guildmaster's Guide to Ravnica,217,,,,,,,,,,,
Dhampir Commander,Medium,Humanoid,Dhampir,Any,7,,,,,,,,,,,,,,,,,,x,,Creature Codex,107,,,Hybrid Flier,Medium,Humanoid,Simic Hybrid,Neutral Good,2,,,,,,,,,ø,,,,,,,,ø,ø,,Guildmaster's Guide to Ravnica,217,,,,,,,,,,,
Dhergoloth,Medium,Fiend,yugoloth,Neutral Evil,7,,x,,,,,,,,,,,,,,x,,,,Mordenkainen Presents: Monsters of the Multiverse,94,,,Hybrid Poisoner,Medium,Humanoid,Simic Hybrid,Neutral Good,1,,,,,,,,,ø,,,,,,,,ø,ø,,Guildmaster's Guide to Ravnica,217,,,,,,,,,,,
Dhergoloth,Medium,Fiend,Yugoloth,Neutral Evil,7,,x,,,,,,,,,,,,,,x,,,ø,Mordenkainen's Tome of Foes,248,,,Hybrid Shocker,Medium,Humanoid,Simic Hybrid,Neutral Good,1,,,,,,,,,ø,,,,,,,,ø,ø,,Guildmaster's Guide to Ravnica,218,,,,,,,,,,,
Dhole Adult,Gargantuan,Monstrosity,,Unaligned,25,,,x,x,,,,,,,,,,,,x,,,,Sandy Petersen's Cthulhu Mythos,302,,,Hybrid Spy,Medium,Humanoid,Simic Hybrid,Neutral Good,1/2,,,,,,,,,ø,,,,,,,,ø,ø,,Guildmaster's Guide to Ravnica,218,,,,,,,,,,,
Dhole Hatchling,Huge,Monstrosity,,Unaligned,16,,,,,,,,,,,,,,,,x,,,,Sandy Petersen's Cthulhu Mythos,301,,,Skyjek Roc,Large,Monstrosity,,Unaligned,2,,,,,,,,,,,,,,,,,,ø,,Guildmaster's Guide to Ravnica,219,,,,,,,,,,,
Dimenshional Shambler,Large,Aberration,,Neutral Evil,9,,,,,,,,,,,,,,,,,,,x,Tome of Beasts 2,107,,,Skyswimmer,Gargantuan,Monstrosity,,Unaligned,13,,,,,,,,,,,,,,,,,,ø,,Guildmaster's Guide to Ravnica,220,,,,,,,,,,,
Dimensional Shambler,Large,Fiend,,Neutral Evil,10,,,,,,,,,,,,,,,,,,,x,Sandy Petersen's Cthulhu Mythos,305,,,Servitor Thrull,Small,Construct,,Unaligned,1/4,,,,,,,,,,,,,,,,,,ø,,Guildmaster's Guide to Ravnica,221,,,,,,,,,,,
Dimetrodon,Medium,Beast,dinosaur,Unaligned,1/4,,,,,,,,,x,,,,,,x,,,,,Mordenkainen Presents: Monsters of the Multiverse,95,"Volo's Guide to Monsters 139, Tomb of Annihilation 217",,Winged Thrull,Small,Construct,,Unaligned,1/2,,,,,,,,,,,,,,,,,,ø,,Guildmaster's Guide to Ravnica,221,,,,,,,,,,,
Diminution Drake,Medium,Dragon,,Neutral Evil,5,,,,,,,,,,,x,,x,,,,,,,Tome of Beasts 2,121,,,Undercity Medusa,Medium,Monstrosity,,Neutral Evil,6,,x,,,,,,,,,,,,,,ø,,ø,,Guildmaster's Guide to Ravnica,222,,,,,,,,,,,
Dipsa,Tiny,Ooze,,Unaligned,1/4,,,,,,,,,,,,,,,ø,ø,,,,Tome of Beasts,118,,,Blood Drinker Vampire,Medium,Undead,,Lawful Neutral,8,,,,,,,,,,,,,,,,,,ø,,Guildmaster's Guide to Ravnica,223,,,,,,,,,,,
Dire Anglerfish,Huge,Beast,,Unaligned,5,,,,,,,,,,,,,,,,,ø,,,Monster a Day Compendium 2.0,31,,,Mind Drinker Vampire,Medium,Undead,,Neutral Evil,4,,x,,,,,,,,,,,,,,,,ø,,Guildmaster's Guide to Ravnica,224,,,,,,,,,,,
Dire Corby,Medium,Monstrosity,,Neutral Evil,1/2,,,,,,,,,,,,,,,,x,,,,Fifth Edition Foes,84,,,Wurm,Huge,Monstrosity,,Unaligned,14,,,,,,,,,,,,,,ø,,ø,,ø,,Guildmaster's Guide to Ravnica,225,,,,,,,,,,,
Dire Corby,Medium,Humanoid,Dire Corby,Neutral Evil,1/2,,,,,,,,,,,,,,,,x,,,,Mordenkainen's Fiendish Folio vol. 1,7,,,Soldier,Medium,Humanoid,Any Race,Any,1/2,,,,,,,,,,,,,,,,,,ø,,Guildmaster's Guide to Ravnica,226,,,,,,,,,,,
Dire Troll,Huge,Giant,,Chaotic Evil,13,,,,,,,,x,,,x,,x,x,,x,,,,Mordenkainen Presents: Monsters of the Multiverse,246,Mordenkainen's Tome of Foes 243,,Isperia,Gargantuan,Monstrosity,,Lawful Neutral,21,,x,x,,x,,,,,,,,,,,,,ø,,Guildmaster's Guide to Ravnica,227,,,,,,,,,,,
Dire Wolf,Large,Beast,,Unaligned,1,,,,,,,,,,,x,,x,,,,,,,Monster Manual,321,Player's Handbook 305,,Lawmage,Medium,Humanoid,Any Race,Lawful Neutral,6,,x,,,,,,,,,,,,,,,,ø,,Guildmaster's Guide to Ravnica,228,,,,,,,,,,,
Dirt-Under-Nails,Medium,Plant,,Neutral Evil,7,,x,,,x,,,,,,,,,,,,,,,Return to the Glory,32,,,Precognitive Mage,Medium,Humanoid,Any Race,Lawful Neutral,3,,x,,,,,,,,,,,,,,,,ø,,Guildmaster's Guide to Ravnica,228,,,,,,,,,,,
Displacer Beast,Large,Monstrosity,,Lawful Neutral,3,,,,,,,,,,,x,,,,,,,,,Monster Manual,81,,,Aurelia,Medium,Celestial,Angel,Lawful Good,23,,,x,,x,,,,,,,,,,,,,ø,ø,Guildmaster's Guide to Ravnica,230,,,,,,,,,,,
Displacer Beast Kitten,Small,Monstrosity,,Unaligned,1/8,,,,,,,,,,,x,,,,,,,,,The Wild Beyond The Witchlight,108,,,Firefist,Medium,Humanoid,Any Race,Lawful Good,7,,x,,,,,,,,,,,,,,,,ø,,Guildmaster's Guide to Ravnica,231,,,,,,,,,,,
Dissimortuum,Medium,Undead,,Chaotic Evil,7,,,,,,,,,,,,,,,,,,ø,,Tome of Beasts,119,,,Frontline Medic,Medium,Humanoid,Any Race,Lawful Good,1/4,,x,,,,,,,,,,,,,,,,ø,,Guildmaster's Guide to Ravnica,231,,,,,,,,,,,
Diviner,Medium,Humanoid,Any Race,Any,8,,x,,,,,,,,,,,,,,,,x,,Volo's Guide to Monsters,213,,,Reckoner,Medium,Humanoid,Any Race,Lawful Good,4,,x,,,,,,,,,,,,,,,,ø,,Guildmaster's Guide to Ravnica,231,,,,,,,,,,,
Diviner Wizard,Medium,Humanoid,,Any,8,,x,,,,,,,,,,,,,,,,x,,Mordenkainen Presents: Monsters of the Multiverse,261,,,Lazav,Medium,Monstrosity,Shapechanger,Neutral Evil,17,,x,x,,x,,,,,,,,,,,ø,,ø,,Guildmaster's Guide to Ravnica,232,,,,,,,,,,,
Djinni,Large,Elemental,,Chaotic Good,11,,x,,,,,,,x,,,,,,,,,,,Monster Manual,144,,,Mind Mage,Medium,Humanoid,Any Race,Neutral Evil,5,,x,,,,,,,,,,,,,,ø,,ø,,Guildmaster's Guide to Ravnica,233,,,,,,,,,,,
Dogmole,Medium,Beast,,Neutral,1,,,,,,,,,,,,,,ø,,ø,,,,Tome of Beasts,120,,,Thought Spy,Medium,Humanoid,Any Race,Neutral Evil,1,,x,,,,,,,,,,,,,,ø,,ø,,Guildmaster's Guide to Ravnica,233,,,,,,,,,,,
Dogmole Juggernaut,Large,Monstrosity,,Neutral,5,,,,,,,,,,,,,,ø,,ø,,,,Tome of Beasts,121,,,Jarod Vod Savo,Medium,Undead,,Neutral Evil,22,,x,x,x,x,,,,,,,,,,ø,ø,,ø,,Guildmaster's Guide to Ravnica,235,,,,,,,,,,,
Dohwar,Small,Fey,,Any,0,,x,,,,,,,,,,,,,,,,,,Boo's Astral Menagerie,19,,,Golgari Shaman,Medium,Humanoid,Elf,Neutral Evil,5,,x,,,,,,,,,,,,,ø,ø,,ø,,Guildmaster's Guide to Ravnica,236,,,,,,,,,,,
Dolgaunt,Medium,Aberration,,Lawful Evil,3,,,,,,,,,,,,,,,,x,,,x,Eberron: Rising from the Last War,290,,,Borborygmos,Huge,Giant,,Chaotic Neutral,18,,,x,,x,,,,,,ø,ø,ø,,,,,ø,,Guildmaster's Guide to Ravnica,238,,,,,,,,,,,
Dolgrim,Small,Aberration,,Chaotic Evil,1/2,,,,,,,,,,,,,,,,x,,,x,Eberron: Rising from the Last War,291,,,Anarch,Small,Humanoid,Any Race,Chaotic Neutral,1/4,,,,,,,,,,,ø,ø,ø,,,,,ø,,Guildmaster's Guide to Ravnica,239,,,,,,,,,,,
Dolphin,Medium,Beast,,Unaligned,1/8,,,,,,,,,x,,,,,,,,x,,,Mordenkainen Presents: Monsters of the Multiverse,97,Volo's Guide to Monsters 208,,Druid of the Old Ways,Medium,Humanoid,Any Race,Chaotic Neutral,7,,x,,,,,,,,,ø,ø,ø,,,,,ø,,Guildmaster's Guide to Ravnica,239,,,,,,,,,,,
Dolphin Delighter,Medium,Fey,,Chaotic Good,3,,,,,,,,,x,,,,,,,,x,,,Mordenkainen Presents: Monsters of the Multiverse,97,,,Rubblebelt Stalker,Medium,Humanoid,Any Race,Chaotic Neutral,1/2,,,,,,,,,,,ø,ø,ø,,,,,ø,,Guildmaster's Guide to Ravnica,239,,,,,,,,,,,
Domovoi,Medium,Fey,,Chaotic Neutral,4,,x,,,,,,,,,ø,,,,,ø,,ø,,Tome of Beasts,122,,,Niv-Mizzet,Gargantuan,Dragon,,Chaotic Neutral,26,,x,x,,x,,,,,,,,,,,,,ø,,Guildmaster's Guide to Ravnica,241,,,,,,,,,,,
Donaar Blit'zen,Medium,Humanoid,Dragonborn,Chaotic Good,3,,x,,,x,,,,,,,,,,,,,ø,,Acquisitions Incorporated,201,,,Curse of Strahdmotronic Blastseeker,Medium,Humanoid,Any Race,Chaotic Neutral,4,,x,,,,,,,,,,,,,,,,ø,,Guildmaster's Guide to Ravnica,242,,,,,,,,,,,
Doom Golem,Large,Construct,,Unaligned,10,,,,,,,,x,x,x,x,x,x,x,x,x,x,x,x,Creature Codex,197,,,Counterflux Blastseeker,Medium,Humanoid,Any Race,Chaotic Neutral,2,,x,,,,,,,,,,,,,,,,ø,,Guildmaster's Guide to Ravnica,242,,,,,,,,,,,
Doombat,Large,Monstrosity,,Unaligned,3,,,,,,,,,,,,,,,,x,,,,Fifth Edition Foes,23,,,Flux Blastseeker,Medium,Humanoid,Any Race,Chaotic Neutral,5,,x,,,,,,,,,,,,,,,,ø,,Guildmaster's Guide to Ravnica,242,,,,,,,,,,,
Doomguard Doom Lord,Small or Medium,Humanoid,,Any,12,,,,,,,,,,,,,,,,,,,x,Morte's Planar Parade,54,,,Galvanic Blastseeker,Medium,Humanoid,Any Race,Chaotic Neutral,5,,x,,,,,,,,,,,,,,,,ø,,Guildmaster's Guide to Ravnica,243,,,,,,,,,,,
Doomguard Rot Blade,Small or Medium,Humanoid,,Any,6,,,,,,,,,,,,,,,,,,,x,Morte's Planar Parade,56,,,Scorchbringer Guard,Medium,Humanoid,Any Race,Chaotic Neutral,1/2,,,,,,,,,,,,,,,,,,ø,,Guildmaster's Guide to Ravnica,243,,,,,,,,,,,
Doomspeaker,Medium,Humanoid,Any Race,Chaotic Evil,6,,x,,,,,,x,x,x,x,x,x,x,x,x,x,x,x,Creature Codex,399,,,Obzedat Ghost,Medium,Undead,,Lawful Neutral,8,,x,x,,,,,,,,,,,,,,,ø,ø,Guildmaster's Guide to Ravnica,245,,,,,,,,,,,
Doomwake Giant,Huge,Giant,,Lawful Evil,11,,,,,,,,,,,,,,,,,,,,Mythic Odysseys of Theros,224,,,Rakdos,Huge,Fiend,Demon,Chaotic Evil,24,,x,x,x,x,,,,,,,,,,,ø,,,ø,Guildmaster's Guide to Ravnica,247,,,,,,,,,,,
Doppelganger,Medium,Monstrosity,Shapechanger,Neutral,3,,,,,,,,,,,,,,,,x,,x,,Monster Manual,82,"Infernal Machine Rebuild 63, Lost Mines of Phandelver 56",,Blood Witch,Medium,Humanoid,Any Race,Chaotic Evil,7,,x,,,,,,,,,,,,,,ø,,ø,,Guildmaster's Guide to Ravnica,248,,,,,,,,,,,
Doppelrat,Tiny,Monstrosity,,Unaligned,2,,,,,,,,,,,,,,,,ø,,ø,,Tome of Beasts,123,,,Rakdos Lampooner,Medium,Humanoid,Any Race,Chaotic Evil,2,,x,,,,,,,,,,,,,,ø,,ø,,Guildmaster's Guide to Ravnica,248,,,,,,,,,,,
Dorreq,Medium,Aberration,,Neutral Evil,4,,x,,,,,,,ø,ø,,ø,ø,ø,ø,ø,,,,Tome of Beasts,124,,,Rakdos Performer,Medium,Humanoid,Any Race,Chaotic Evil,1,,,,,,,,,,,,,,,,ø,,ø,,Guildmaster's Guide to Ravnica,248,,,,,,,,,,,
Doty X,Medium,Construct,,Not Provided,6,,,,,x,,,,,,,,,,,,,,,Tal'Dorei Campaign Setting Reborn,272,,,Trostani,Large,Fey,,Neutral Good,18,,x,x,,x,,,,,,ø,,,,,,,,,Guildmaster's Guide to Ravnica,252,,,,,,,,,,,
Dracoform Eremite Symbiont,Large,Aberration,,Chaotic Evil,12,,,,,,,,,,,,,,,,,,,x,Sandy Petersen's Cthulhu Mythos,310,,,Horncaller,Medium,Humanoid,Any Race,Lawful Good,1,,x,,,,,,,,,ø,ø,ø,,,,,ø,,Guildmaster's Guide to Ravnica,253,,,,,,,,,,,
Dracoform-Bound Eremite,Large,Aberration,,Chaotic Evil,19,,x,x,,,,,,,,,,,,,,,,,Sandy Petersen's Cthulhu Mythos,311,,,Zegana,Medium,Humanoid,Merfolk,Lawful Neutral,16,,x,x,,x,,,,,,,,,,,,ø,ø,,Guildmaster's Guide to Ravnica,255,,,,,,,,,,,
Dracohydra,Huge,Monstrosity,,Chaotic Evil,11,,,,,,,,,,,,,,,,,,,,Fizban's Treasury of Dragons,176,,,Biomancer,Medium,Humanoid,Any Race,Neutral Good,10,,x,,,,,,,,,,,,,,,ø,ø,,Guildmaster's Guide to Ravnica,256,,,,,,,,,,,
Draconian Dreadnought,Large,Monstrosity,,Any,4,,,,,,,,,,,,,,,,,,,,Fizban's Treasury of Dragons,177,,,Ambush Drake,Medium,Dragon,,Unaligned,1/2,,,,,,,,,,,,,,,,,,,,Hoard of the Dragon Queen,88,,,,,,,,,,,
Draconian Footsoldier,Medium,Monstrosity,,Any,1/2,,,,,,,,,,,,,,,,,,,,Fizban's Treasury of Dragons,178,,,Azbara Jos,Medium,Humanoid,Human,Lawful Neutral,4,,x,,,x,,,,,,,,,,,,,,,Hoard of the Dragon Queen,88,,,,,,,,,,,
Draconian Infiltrator,Medium,Monstrosity,,Any,3,,,,,,,,,,,,,,,,,,,,Fizban's Treasury of Dragons,178,,,Blagothkus,Huge,Giant,Cloud Giant,Neutral Evil,9,,x,,,x,,,,,,,,,,,,,,,Hoard of the Dragon Queen,89,,,,,,,,,,,
Draconian Mage,Medium,Monstrosity,,Any,2,,x,,,,,,,,,,,,,,,,,,Fizban's Treasury of Dragons,179,,,Captain Othelstan,Medium,Humanoid,Human,Lawful Neutral,5,,,,,x,,,,,,,,,,,,,,,Hoard of the Dragon Queen,89,,,,,,,,,,,
Draconian Mastermind,Medium,Monstrosity,,Any,6,,x,,,,,,,,,,,,,,,,,,Fizban's Treasury of Dragons,180,,,Dragonclaw,Medium,Humanoid,Human,Neutral Evil,1,,,,,,,,,,,,,,,,,,,,Hoard of the Dragon Queen,89,Rise of Tiamat 89,,,,,,,,,,
Draconic Amalgam,Gargantuan,Dragon,,Unaligned,12,,,,,,,,,,,,,,,,x,,,,Sandy Petersen's Cthulhu Mythos,402,,,Dragonwing,Medium,Humanoid,Human,Neutral Evil,2,,,,,,,,,,,,,,,,,,,,Hoard of the Dragon Queen,89,Rise of Tiamat 90,,,,,,,,,,
Draconic Shard,Huge,Undead,,Neutral,17,,,x,,,,,,,,,,,,,,,,,Fizban's Treasury of Dragons,181,,,Dralmorrer Borngray,Medium,Humanoid,High-Elf,Neutral Evil,3,,x,,,x,,,,,,,,,,,,,,,Hoard of the Dragon Queen,90,,,,,,,,,,,
Dracotaur,Large,Dragon,,Chaotic Neutral,6,,,,,,,,,,,,x,x,,,,,,,Creature Codex,110,,,Frulam Mondath,Medium,Humanoid,Human,Lawful Neutral,2,,x,,,x,,,,,,,,,,,,,,,Hoard of the Dragon Queen,90,,,,,,,,,,,
Draegloth,Small,Fiend,Demon,Neutral Evil,4,,x,,,,,,,,,,,,,,,,,ø,Monster a Day Compendium 2.0,32,,,Jamna Gleamsilver,Small,Humanoid,Gnome,Neutral,1,,x,,,x,,,,,,,,,,,,,,,Hoard of the Dragon Queen,91,,,,,,,,,,,
Draegloth,Large,Fiend,demon,Chaotic Evil,7,,x,,,,,,,,,,,,,,x,,,,Mordenkainen Presents: Monsters of the Multiverse,98,,,Langdedrosa Cyanwrath,Medium,Humanoid,Half-Dragon,Lawful Neutral,4,,,,,x,,,,,,,,,,,,,,,Hoard of the Dragon Queen,91,,,,,,,,,,,
Draegloth,Large,Fiend,Demon,Chaotic Evil,7,,x,,,,,,,,,,,,,,x,,,,Volo's Guide to Monsters,141,,,Pharblex Spattergoo,Medium,Humanoid,Bullywug,Chaotic Evil,3,,x,,,x,,,,,,,,,,,,,,,Hoard of the Dragon Queen,91,,,,,,,,,,,
Draft Horse,Large,Beast,,Unaligned,1/4,,,,,,,,,,,,,,,,,,x,,Monster Manual,321,,,Rath Modar,Medium,Humanoid,Human,Lawful Neutral,6,,x,,,x,,,,,,,,,,,,,,,Hoard of the Dragon Queen,92,Rise of Tiamat 91,,,,,,,,,,
Dragon Army Dragonnel,Large,Dragon,,Lawful Evil,3,,,,,,,,,,,,,,,,,,,,Dragonlance: Shadow of the Dragon Queen,201,,,Rezmir,Medium,Humanoid,Half-Black Dragon,Neutral Evil,7,,,x,,x,,,,,,,,,,,,,,,Hoard of the Dragon Queen,93,,,,,,,,,,,
Dragon Army Officer,Medium,Humanoid,,Lawful Evil,3,,,,,,,,,,,,,,,,,,,,Dragonlance: Shadow of the Dragon Queen,200,,,Talis The White,Medium,Humanoid,Half-Elf,Lawful Neutral,5,,x,,,x,,,,,,,,,,,,,,,Hoard of the Dragon Queen,93,,,,,,,,,,,
Dragon Army Soldier,Medium,Humanoid,,Lawful Evil,1,,,,,,,,,,,,,,,,,,,,Dragonlance: Shadow of the Dragon Queen,200,,,Avarice,Medium,Humanoid,Tiefling,Lawful Evil,7,,x,,,x,,,,,,,,,,,,,,,Icewind Dale: Rime of the Frostmaiden,270,,,,,,,,,,,
Dragon Blessed,Medium,Humanoid,,Any,5,,x,,,,,,,,,,,,,,,,ø,,Fizban's Treasury of Dragons,188,,,Dzaan's Simulacrum,Medium,Construct,,Lawful Evil,1,,x,,,x,,,,,,,,,,,,,,,Icewind Dale: Rime of the Frostmaiden,270,,,,,,,,,,,
Dragon Chosen,Medium,Humanoid,,Any,3,,,,,,,,,,,,,,,,,,ø,,Fizban's Treasury of Dragons,189,,,Nass Lantomir's Ghost,Medium,Undead,,Neutral Evil,6,,x,,,x,,,,,,,,,,,,,,,Icewind Dale: Rime of the Frostmaiden,272,,,,,,,,,,,
Dragon Eel,Huge,Dragon,,Neutral,12,,,,,,,,,ø,,,,,,,ø,ø,,,Tome of Beasts,146,,,Vellyne Harpell,Medium,Humanoid,Human,Neutral,4,,x,,,x,,,,,,,,,,,,,,,Icewind Dale: Rime of the Frostmaiden,274,,,,,,,,,,,
Dragon Speaker,Small,Humanoid,,Any,2,,x,,,,,,,,,,,,,,,,ø,,Fizban's Treasury of Dragons,189,,,Auril (First Form),Medium,Monstrosity,,Neutral Evil,9,,x,x,x,x,,,x,,,,,,,,,,,,Icewind Dale: Rime of the Frostmaiden,275,,,,,,,,,,,
Dragon Tortoise,Gargantuan,Dragon,,Neutral,17,,,,,x,,,,x,,,,,,,,ø,,,Candlekeep Mysteries,205,,,Auril (Second Form),Large,Elemental,,Neutral Evil,10,,,x,x,x,,,x,,,,,,,,,,,,Icewind Dale: Rime of the Frostmaiden,277,,,,,,,,,,,
Dragon Turtle,Gargantuan,Dragon,,Neutral,17,,,,,,,,,x,,,,,,,,x,,,Monster Manual,119,,,Auril (Third Form),Small,Elemental,,Neutral Evil,11,,,x,x,x,,,x,,,,,,,,,,,,Icewind Dale: Rime of the Frostmaiden,278,,,,,,,,,,,
Dragon Turtle Wyrmling,Large,Dragon,,Neutral,4,,,,,,,,,,,,,,,,,ø,,,Fizban's Treasury of Dragons,192,,,Chardalyn Berserker,Medium,Fiend,,Chaotic Evil,4,,,,,,,,x,,,,,,,,,,,,Icewind Dale: Rime of the Frostmaiden,280,,,,,,,,,,,
Dragonbait,Medium,Humanoid,Surial,Lawful Good,5,,,,,x,,,,,,,,,,,,,,,Tomb of Annihilation,218,,,Chardalyn Dragon,Huge,Construct,,Chaotic Evil,11,,,,,,,,ø,,,,,,,,,,,,Icewind Dale: Rime of the Frostmaiden,281,,,,,,,,,,,
Dragonblood Ooze,Large,Ooze,,Unaligned,5,,,,,,,,,,,,,,,,,ø,ø,,Fizban's Treasury of Dragons,182,,,Chwinga,Tiny,Elemental,,Neutral,0,,x,,,,,,ø,ø,ø,ø,ø,ø,ø,ø,ø,ø,,,Icewind Dale: Rime of the Frostmaiden,282,Tomb of Annihilation 216,,,,,,,,,,
Dragonbone Golem,Large,Construct,,Unaligned,11,,,,,,,,,,,,,,,,,,,,Fizban's Treasury of Dragons,183,,,Coldlight Walker,Medium,Undead,,Chaotic Evil,5,,,,,,,,x,,,,,,,,,,,,Icewind Dale: Rime of the Frostmaiden,284,,,,,,,,,,,
Dragonborn of Bahamut,Medium,Humanoid,,Lawful Good,8,,,,,,,,,,,,,,,,,,ø,,Fizban's Treasury of Dragons,184,,,Crag Cat,Large,Monstrosity,,Unaligned,1,,,,,,,,ø,,,,,,ø,,,,,,Icewind Dale: Rime of the Frostmaiden,285,Storm King's Thunder 240,,,,,,,,,,
Dragonborn of Sardior,Medium,Humanoid,,Neutral,6,,x,,,,,,,,,,,,,,,,ø,,Fizban's Treasury of Dragons,185,,,Xardorok Sunblight,Medium,Humanoid,Dwarf,Lawful Evil,5,,x,,,x,,,,,,,,,,,,,,,Icewind Dale: Rime of the Frostmaiden,287,,,,,,,,,,,
Dragonborn of Tiamat,Medium,Humanoid,,Chaotic Evil,7,,,,,,,,,,,,,,,,,,ø,,Fizban's Treasury of Dragons,185,,,Fox,Tiny,Beast,,Unaligned,0,,,,,,,,ø,,ø,ø,ø,ø,,,,,,,Icewind Dale: Rime of the Frostmaiden,288,,,,,,,,,,,
Dragonclaw,Medium,Humanoid,Human,Neutral Evil,1,,,,,,,,,,,,,,,,,,,,Hoard of the Dragon Queen,89,Rise of Tiamat 89,,Frost Druid,Medium,Humanoid,Human,Any,5,,x,,,,,,x,,,,,,,,,,,,Icewind Dale: Rime of the Frostmaiden,288,,,,,,,,,,,
Dragonfang,Medium,Humanoid,Human,Neutral Evil,5,,,,,,,,,,,,,,,,,,,,Rise of Tiamat,89,,,Frost Giant Skeleton,Huge,Undead,,Lawful Evil,6,,,,,,,,x,,,,,,,,,,,,Icewind Dale: Rime of the Frostmaiden,289,,,,,,,,,,,
Dragonflesh Abomination,Huge,Monstrosity,,Neutral Evil,6,,,,,,,,,,,,,,,,,,,,Fizban's Treasury of Dragons,187,,,Gnoll Vampire,Medium,Undead,Shapechanger,Chaotic Evil,8,,,,,,,,,,,,,,,,,,,,Icewind Dale: Rime of the Frostmaiden,290,,,,,,,,,,,
Dragonflesh Golem,Large,Construct,,Unaligned,10,,,,,,,,x,x,x,x,x,x,x,x,x,x,x,,Tome of Beasts 2,180,,,Goliath Warrior,Medium,Humanoid,Goliath,Any,3,,,,,,,,ø,,,,,,x,,,,,,Icewind Dale: Rime of the Frostmaiden,292,,,,,,,,,,,
Dragonflesh Grafter,Large,Monstrosity,,Neutral Evil,3,,,,,,,,,,,,,,,,,,,,Fizban's Treasury of Dragons,186,,,Goliath Werebear,Medium,Humanoid,"Goliath, shapechanger",Neutral Good,8,,,,,,,,ø,,,,,,x,,,,,,Icewind Dale: Rime of the Frostmaiden,293,,,,,,,,,,,
Dragonleaf Tree,Large,Plant,,Unaligned,8,,,,,,,,,,,ø,,,,,,,,,Tome of Beasts,147,,,Hare,Tiny,Beast,,Unaligned,0,,,,,,,,ø,,ø,ø,ø,ø,,,,,,,Icewind Dale: Rime of the Frostmaiden,294,,,,,,,,,,,
Dragonnel,Large,Dragon,,Neutral,2,,,,,,,,,,,,,,,,,,,,Fizban's Treasury of Dragons,190,,,Ice Troll,Large,Giant,,Chaotic Evil,8,,,,,,,,x,,,,,,,,,,,,Icewind Dale: Rime of the Frostmaiden,295,,,,,,,,,,,
Dragonslayer Ornstein,Medium,Humanoid,,Lawful Neutral,17,,,x,,x,,,,,,,,,,,,,ø,,Monster a Day Compendium 2.0,33,,,Knucklehead Trout,Small,Beast,,Unaligned,0,,,,,,,,x,ø,,,,,,,,ø,,,Icewind Dale: Rime of the Frostmaiden,295,,,,,,,,,,,
Dragonsoul,Medium,Humanoid,Human,Neutral Evil,7,,,,,,,,,,,,,,,,,,,,Rise of Tiamat,89,,,Icewind Kobold,Small,Humanoid,Kobold,Any,1/8,,,,,,,,x,,,,,,,,ø,,,,Icewind Dale: Rime of the Frostmaiden,296,,,,,,,,,,,
Dragonwing,Medium,Humanoid,Human,Neutral Evil,2,,,,,,,,,,,,,,,,,,,,Hoard of the Dragon Queen,89,Rise of Tiamat 90,,Icewind Kobold Zombie,Small,Undead,,Neutral Evil,1/8,,,,,,,,ø,,,,,,,,ø,,,,Icewind Dale: Rime of the Frostmaiden,297,,,,,,,,,,,
Drakon,Large,Beast,,Unaligned,5,,,,,,,,,ø,,,,,,,,ø,,,Tome of Beasts,157,,,Kobold Vampire Spawn,Small,Undead,,Neutral Evil,3,,,,,,,,ø,,,,,,,,ø,,,,Icewind Dale: Rime of the Frostmaiden,297,,,,,,,,,,,
Dralmorrer Borngray,Medium,Humanoid,High-Elf,Neutral Evil,3,,x,,,x,,,,,,,,,,,,,,,Hoard of the Dragon Queen,90,,,Living Bigby's Hand,Large,Construct,,Unaligned,4,,,,,,,,,,,,,,,,,,,,Icewind Dale: Rime of the Frostmaiden,298,,,,,,,,,,,
Drannin Splithelm,Medium,Humanoid,Shield Dwarf,Neutral Evil,7,,,,,x,,,,,,,,,,,,,,,Princes of the Apocalypse,209,,,Living Blade of Disaster,Small,Construct,,Chaotic Evil,8,,,,,,,,,,,,,,,,,,,,Icewind Dale: Rime of the Frostmaiden,299,,,,,,,,,,,
Dread Doppelganger,Medium,Monstrosity,Shapechanger,Neutral Evil,5,,x,,,,,,,,,,,,,,,ø,ø,,Minsc and Boo's Journal of Villainy,139,,,Living Demiplane,Medium,Construct,,Unaligned,0,,,,,,,,,,,,,,,,,,,,Icewind Dale: Rime of the Frostmaiden,299,,,,,,,,,,,
Dread Walker Excavator,Large,Construct,,Neutral,5,,,,,,,,,,,,,x,,,x,x,,,Tome of Beasts 2,129,,,Demos Magen,Medium,Construct,,Unaligned,2,,,,,,,,,,,,,,,,,,,,Icewind Dale: Rime of the Frostmaiden,300,,,,,,,,,,,
Dread Warrior,Medium,Undead,,Neutral Evil,1,,,,,,,,,,,,,,,,,,,,Tales from the Yawning Portal,233,,,Galvan Magen,Medium,Construct,,Unaligned,3,,,,,,,,,,,,,,,,,,,,Icewind Dale: Rime of the Frostmaiden,301,,,,,,,,,,,
Dream Eater,Large,Aberration,,Chaotic Evil,10,,,x,,,,,,,,,,,,,,,ø,ø,Monster a Day Compendium 2.0,34,,,Hypnos Magen,Medium,Construct,,Unaligned,1,,,,,,,,,,,,,,,,,,,,Icewind Dale: Rime of the Frostmaiden,301,,,,,,,,,,,
Dream Eater,Medium,Fiend,,Lawful Neutral,5,,x,,,,,,,,,,,,,,,,ø,,Tome of Beasts,158,,,Spitting Mimic,Large,Monstrosity,Shapechanger,Neutral,5,,,,,,,,ø,,,,,,,,ø,,,,Icewind Dale: Rime of the Frostmaiden,302,,,,,,,,,,,
Dream Squire,Medium,Fey,,Neutral,2,,,,,,,,,,,,,,,,x,,x,,Creature Codex,134,,,Gnome Ceremorph,Small,Aberration,,Any,5,,x,,,,,,,,,,,,,,,,,ø,Icewind Dale: Rime of the Frostmaiden,303,,,,,,,,,,,
Dream Wraith,Medium,Undead,,Neutral Evil,5,,,,,,,,,,,,x,,,,,,x,,Creature Codex,135,,,Gnome Squidling,Small,Aberration,,Unaligned,1/2,,x,,,,,,,,,,,,,,,,,ø,Icewind Dale: Rime of the Frostmaiden,303,,,,,,,,,,,
Dreamlands Cat,Tiny,Beast,,Any,0,,,,,,,,,,,,,,ø,,,,x,x,Sandy Petersen's Cthulhu Mythos,289,,,Mountain Goat,Medium,Beast,,Unaligned,1/8,,,,,,,,ø,,,,,,ø,,,,,,Icewind Dale: Rime of the Frostmaiden,304,,,,,,,,,,,
"Dreamlands Cat, Saturnian",Medium,Beast,,Any,1/8,,,,,,,,,,,,,,ø,,,,,x,Sandy Petersen's Cthulhu Mythos,288,,,Gunvald Halraggson,Medium,Humanoid,Human,Neutral,5,,,,,x,,,,,,,,,,,,,,,Icewind Dale: Rime of the Frostmaiden,305,,,,,,,,,,,
"Dreamlands Cat, Uranian",Medium,Beast,,Any,1/8,,,,,,,,,,,,,,ø,,,,,x,Sandy Petersen's Cthulhu Mythos,289,,,Jarund Elkhardt,Medium,Humanoid,Human,Neutral,5,,,,,x,,,,,,,,,,,,,,,Icewind Dale: Rime of the Frostmaiden,305,,,,,,,,,,,
Drelnza,Medium,Undead,Vampire,Lawful Evil,15,,,x,,x,,,,,,,,,,,,,,,Quests from the Infinite Staircase,197,,,Bjornhild Solvigsdottir,Medium,Humanoid,Human,Neutral Evil,5,,,,,x,,,,,,,,,,,,,,,Icewind Dale: Rime of the Frostmaiden,306,,,,,,,,,,,
Dretch,Small,Fiend,Demon,Chaotic Evil,1/4,,,,,,,,,,,,,,,,,,,ø,Monster Manual,57,,,Issar Kronenstrom,Medium,Humanoid,Human,Chaotic Evil,8,,,,,x,,,,,,,,,,,,,,,Icewind Dale: Rime of the Frostmaiden,307,,,,,,,,,,,
Drider,Large,Monstrosity,,Chaotic Evil,6,,x,,,,,,,,,,,,,,x,,,,Monster Manual,120,,,Seal,Medium,Beast,,Unaligned,0,,,,,,,,ø,ø,,,,,,,,ø,,,Icewind Dale: Rime of the Frostmaiden,308,,,,,,,,,,,
Droki,Small,Humanoid,Derro,Chaotic Evil,2,,x,,,,,,,,,,,,,,,,,,Out of the Abyss,231,,,Snow Golem,Medium,Construct,,Unaligned,4,,,,,,,,x,,,,,,,,,,,,Icewind Dale: Rime of the Frostmaiden,308,,,,,,,,,,,
Droth,Huge,Aberration,Shoth,Lawful Neutral,12,,,,,,,,,,,,,,,,,,,x,Creature Codex,333,,,Sperm Whale,Gargantuan,Beast,,Unaligned,8,,,,,,,,ø,,,,,,,,,ø,,,Icewind Dale: Rime of the Frostmaiden,309,,,,,,,,,,,
Drow,Medium,Humanoid,Elf,Neutral Evil,1/4,,x,,,,,,,,,,,,,,x,,,,Monster Manual,128,,,Tomb Tapper,Huge,Construct,,Lawful Neutral,10,,,,,,,,,,,,,,,,x,,,,Icewind Dale: Rime of the Frostmaiden,310,,,,,,,,,,,
Drow Arachnomancer,Medium,Humanoid,elf,Chaotic Evil,13,,x,,,,,,,,,,,,,,x,,,,Mordenkainen Presents: Monsters of the Multiverse,99,,,Verbeeg Longstrider,Large,Giant,,Neutral,5,,x,,,,,,ø,,,,,ø,ø,,,,,,Icewind Dale: Rime of the Frostmaiden,311,,,,,,,,,,,
Drow Arachnomancer,Medium,Humanoid,"Elf, drow",Chaotic Evil,13,,x,,,,,,,,,,,,,,x,,,,Mordenkainen's Tome of Foes,182,,,Verbeeg Marauder,Large,Giant,,Neutral Evil,4,,,,,,,,ø,,,,,ø,ø,,,,,,Icewind Dale: Rime of the Frostmaiden,311,,,,,,,,,,,
Drow Elite Warrior,Medium,Humanoid,Elf,Neutral Evil,5,,x,,,,,,,,,,,,,,x,,,,Monster Manual,128,,,Giant Walrus,Huge,Beast,,Unaligned,4,,,,,,,,ø,ø,,,,,,,,ø,,,Icewind Dale: Rime of the Frostmaiden,312,,,,,,,,,,,
Drow Favored Consort,Medium,Humanoid,"elf, wizard",Any,18,,x,,,,,,,,,,,,,,x,,,,Mordenkainen Presents: Monsters of the Multiverse,100,,,Walrus,Large,Beast,,Unaligned,1/4,,,,,,,,ø,ø,,,,,,,,ø,,,Icewind Dale: Rime of the Frostmaiden,312,,,,,,,,,,,
Drow Favored Consort,Medium,Humanoid,"Elf, drow",Chaotic Evil,18,,x,,,,,,,,,,,,,,x,,,,Mordenkainen's Tome of Foes,183,,,Yeti Tyke,Small,Monstrosity,,Chaotic Evil,1/8,,,,,,,,ø,,,,,,ø,,,,,,Icewind Dale: Rime of the Frostmaiden,313,,,,,,,,,,,
Drow Gunslinger,Medium,Humanoid,Elf,Any,4,,x,,,,,,,,,,,,,,,,ø,,Waterdeep: Dragon Heist,201,,,Grandfather Oak,Huge,Plant,,Chaotic Good,9,,,,,x,,,,,,,,,,,,,,,Infernal Machine Rebuild,5,,,,,,,,,,,
Drow House Captain,Medium,Humanoid,elf,Any,9,,x,,,,,,,,,,,,,,x,,,,Mordenkainen Presents: Monsters of the Multiverse,101,,,Dwarven Worker,Medium,Humanoid,Dwarf,Any Non-Good,1/8,,,,,,,,,,,,,,,,,,,,Infernal Machine Rebuild,15,,,,,,,,,,,
Drow House Captain,Medium,Humanoid,"Elf, drow",Chaotic Evil,9,,x,,,,,,,,,,,,,,x,,,,Mordenkainen's Tome of Foes,184,,,Tiefling Muralist,Medium,Humanoid,Tiefling,Any Non-Good,1/8,,x,,,,,,,,,,,,,,,,,,Infernal Machine Rebuild,17,,,,,,,,,,,
Drow Inquisitor,Medium,Humanoid,"cleric, elf",Neutral Evil,14,,x,,,,,,,,,,,,,,x,,,,Mordenkainen Presents: Monsters of the Multiverse,102,,,Tarnhem,Huge,Fiend,Demon,Chaotic Evil,19,,,,,x,,,,,,,,,,,,,,,Infernal Machine Rebuild,19,,,,,,,,,,,
Drow Inquisitor,Medium,Humanoid,"Elf, drow",Chaotic Evil,14,,x,,,,,,,,,,,,,,x,,,,Mordenkainen's Tome of Foes,184,,,Andras,Medium,Humanoid,Human,Neutral Evil,8,,,,,x,,,,,,,,,,,,,,,Infernal Machine Rebuild,31,,,,,,,,,,,
Drow Mage,Medium,Humanoid,Elf,Neutral Evil,7,,x,,,,,,,,,,,,,,x,,,,Monster Manual,129,,,Skeletal Giant Owl,Large,Undead,,Neutral,1/4,,,,,,,,,,,,,,,,,,,,Infernal Machine Rebuild,33,,,,,,,,,,,
Drow Matron Mother,Medium,Humanoid,"cleric, elf",Neutral Evil,20,,x,x,x,,,,,,,,,,,,x,,,,Mordenkainen Presents: Monsters of the Multiverse,104,,,Stolos,Medium,Humanoid,Human,Neutral Evil,6,,x,,,x,,,,,,,,,,,,,,,Infernal Machine Rebuild,33,,,,,,,,,,,
Drow Matron Mother,Medium,Humanoid,"Elf, drow",Chaotic Evil,20,,x,x,,,,,,,,,,,,,x,,,,Mordenkainen's Tome of Foes,186,,,Skeletal Polar Bear,Large,Undead,,Unaligned,2,,,,,,,,,,,,,,,,,,,,Infernal Machine Rebuild,34,,,,,,,,,,,
Drow Mech,Large,Fey,,Lawful Neutral,11,,x,,,,,,,,,,,,,,ø,,,,Monster a Day Compendium 2.0,35,,,Thessalar's Homunculus,Tiny,Construct,,Neutral,0,,,,,x,,,,,,,,,,,,,,,Infernal Machine Rebuild,35,,,,,,,,,,,
Drow Priestess of Lolth,Medium,Humanoid,Elf,Neutral Evil,8,,x,,,,,,,,,,,,,,x,,,,Monster Manual,129,,,Skeletal Owlbear,Large,Undead,,Unaligned,3,,,,,,,,,,,,,,,,,,,,Infernal Machine Rebuild,36,,,,,,,,,,,
Drow Shadowblade,Medium,Humanoid,elf,Any,11,,x,,,,,,,,,,,,,,x,,,,Mordenkainen Presents: Monsters of the Multiverse,105,,,Skeletal Two-Headed Owlbear,Large,Undead,,Unaligned,3,,,,,,,,,,,,,,,,,,,,Infernal Machine Rebuild,36,,,,,,,,,,,
Drow Shadowblade,Medium,Humanoid,"Elf, drow",Chaotic Evil,11,,x,,,,,,,,,,,,,,x,,,,Mordenkainen's Tome of Foes,187,,,Seodra,Medium,Humanoid,Genasi,Any,1/8,,,,,x,,,,,,,,,,,,,,,Infernal Machine Rebuild,41,,,,,,,,,,,
Drow Spore Servant,Medium,Plant,,Unaligned,1/8,,,,,,,,,,,,,,,,ø,,,,Out of the Abyss,229,,,Enhanced Medusa,Medium,Monstrosity,,Lawful Evil,6,,x,,,x,,,,,,,,,,,,,,,Infernal Machine Rebuild,47,,,,,,,,,,,
Drowned Ascetic,Medium,Undead,,Chaotic Evil,3,,,,,,,,,ø,,,,,,,,x,,,Ghosts of Saltmarsh,233,,,Brains in Iron,Large,Construct,,Lawful Neutral,6,,,,,x,,,,,,,,,,,,,,,Infernal Machine Rebuild,48,,,,,,,,,,,
Drowned Assassin,Medium,Undead,,Chaotic Evil,4,,,,,,,,,ø,,,,,,,,x,,,Ghosts of Saltmarsh,234,,,Barbatos,Medium,Humanoid,Human,Neutral Evil,6,,x,,,x,,,,,,,,,,,,,,,Infernal Machine Rebuild,52,,,,,,,,,,,
Drowned Blade,Medium,Undead,,Chaotic Evil,2,,,,,,,,,ø,,,,,,,,x,,,Ghosts of Saltmarsh,235,,,"""The Demogorgon""",Large,Giant,,Chaotic Neutral,8,,,,,x,,,,,,,,,,,,,,,Infernal Machine Rebuild,53,,,,,,,,,,,
Drowned Maiden,Medium,Undead,,Neutral Evil,5,,x,,,,,,,ø,,,,,,ø,,ø,ø,,Tome of Beasts,159,,,Lynx Creatlach,Medium,Undead,Tiefling,Lawful Evil,5,,,,,x,,,,,,,,,,,,,,,Infernal Machine Rebuild,54,,,,,,,,,,,
Drowned Master,Medium,Undead,,Chaotic Evil,9,,,,,,,,,ø,,,,,,,,x,,,Ghosts of Saltmarsh,235,,,Moghadam,Medium,Humanoid,Human,Neutral Evil,12,,x,,,x,,,,,,,,,,,,,,,Infernal Machine Rebuild,55,,,,,,,,,,,
Druid,Medium,Humanoid,Any Race,Any,2,,x,,,,,,x,x,x,x,x,x,x,x,,,,,Monster Manual,346,Rise of Tiamat Online Supplement 12,,Sir Ursas,Medium,Humanoid,Human,Lawful Evil,5,,,,,x,,,,,,,,,,,,,,,Infernal Machine Rebuild,56,,,,,,,,,,,
Druid of the Old Ways,Medium,Humanoid,Any Race,Chaotic Neutral,7,,x,,,,,,,,,ø,ø,ø,,,,,ø,,Guildmaster's Guide to Ravnica,239,,,Thessalar,Medium,Humanoid,Human,Neutral Evil,12,,x,,,x,,,,,,,,,,,,,,,Infernal Machine Rebuild,57,,,,,,,,,,,
Dryad,Medium,Fey,,Neutral,1,,x,,,,,,,,,x,,,,,,,,,Monster Manual,121,,,Neo-Otyugh,Huge,Aberration,,Neutral,7,,x,,,,,,,,,,,,,,,,,,Infernal Machine Rebuild,75,,,,,,,,,,,
Du'ulora Quori,Large,Aberration,,Lawful Evil,11,,x,,,,,,,,,,,,,,,,ø,x,DM's Guild: Exploring Eberron,245,,,Thessalheart Construct,Tiny,Construct,,Neutral,0,,,,,,,,,,,,,,,,,,,,Infernal Machine Rebuild,86,,,,,,,,,,,
Dualist Shadow Fey Elves,Medium,Humanoid,Elf,Lawful Neutral,6,,x,,,,,,,,,,,,,,ø,,,ø,Tome of Beasts,171,,,Thessalhydra,Huge,Monstrosity,,Unaligned,4,,,x,,,,,,,,,,,,,,,,,Infernal Machine Rebuild,86,,,,,,,,,,,
Duergar,Medium,Humanoid,Dwarf,Lawful Neutral,1,,,,,,,,,,,,,,,,x,,,,Monster Manual,122,,,Thessalkraken,Gargantuan,Monstrosity,Titan,Chaotic Evil,14,,,x,x,,,,,,,,,,,,,,,,Infernal Machine Rebuild,87,,,,,,,,,,,
Duergar Darkhaft,Medium,Humanoid,Dwarf,Lawful Neutral,2,,x,,,,,,,,,,,,,,,,,,Out of the Abyss,226,,,Two-Headed Crocodile,Large,Beast,,Unaligned,1,,,,,,,,,,,,,,,,,,,,Infernal Machine Rebuild,89,,,,,,,,,,,
Duergar Despot,Medium,Humanoid,dwarf,Any,12,,x,,,,,,,,,,,,x,,x,,,,Mordenkainen Presents: Monsters of the Multiverse,107,,,Two-Headed Owlbear,Large,Monstrosity,,Unaligned,3,,,,,,,,,,,,,,,,,,,,Infernal Machine Rebuild,90,,,,,,,,,,,
Duergar Despot,Medium,Humanoid,Dwarf,Lawful Neutral,12,,x,,,,,,,,,,,,x,,x,,,,Mordenkainen's Tome of Foes,188,,,Amble,Medium,Humanoid,Tortle,Neutral Good,10,,x,,,,,,,,,,,,,,,,,,Locathah Rising,15,,,,,,,,,,,
Duergar Hammerer,Medium,Construct,dwarf,Any,2,,,,,,,,,,,,,,x,,x,,,,Mordenkainen Presents: Monsters of the Multiverse,112,,,Fhenimore (Kraken Priest Variant),Medium,Humanoid,Human,Neutral Evil,5,,x,,,x,,,,,,,,,,,,,,,Locathah Rising,20,,,,,,,,,,,
Duergar Hammerer,Medium,Humanoid,Dwarf,Lawful Neutral,2,,,,,,,,,,,,,,x,,x,,,,Mordenkainen's Tome of Foes,188,Icewind Dale: Rime of the Frostmaiden 286,,Whymsee (Kraken Priest Variant),Medium,Humanoid,Human,Neutral Evil,5,,x,,,x,,,,,,,,,,,,,,,Locathah Rising,20,,,,,,,,,,,
Duergar Kavalrachni,Medium,Humanoid,dwarf,Any,2,,,,,,,,,,,,,,x,,x,,,,Mordenkainen Presents: Monsters of the Multiverse,107,"Mordenkainen's Tome of Foes 189, Out of the Abyss 226",,Young Kraken,Huge,Monstrosity,Titan,Chaotic Evil,14,,,,,,,,,,,,,,,,,,,,Locathah Rising,21,,,,,,,,,,,
Duergar Keeper Of The Flame,Medium,Humanoid,Dwarf,Lawful Neutral,2,,,,,,,,,,,,,,,,,,,,Out of the Abyss,226,,,Shoalar Quaderil,Medium,Humanoid,Water Genasi,Lawful Evil,6,,x,,,x,,,,,,,,,,,,,,,Locathah Rising,23,,,,,,,,,,,
Duergar Mind Master,Medium,Humanoid,dwarf,Any,2,,,,,,,,,,,,,,x,,x,,,,Mordenkainen Presents: Monsters of the Multiverse,108,"Mordenkainen's Tome of Foes 189, Icewind Dale: Rime of the Frostmaiden 286",,Clockwork Kraken,Large,Construct,,Unaligned,10,,,,,,,,,,,,,,,,,,,,Lost Laboratory of Kwalish,38,,,,,,,,,,,
Duergar Screamer,Medium,Construct,dwarf,Any,3,,,,,,,,,,,,,,x,,x,,,,Mordenkainen Presents: Monsters of the Multiverse,112,,,Garret Levistusson,Medium,Humanoid,Tiefling,Chaotic Neutral,2,,x,,,x,,,,,,,,,,,,,ø,,Lost Laboratory of Kwalish,41,,,,,,,,,,,
Duergar Screamer,Medium,Humanoid,Dwarf,Lawful Neutral,3,,,,,,,,,,,,,,x,,x,,,,Mordenkainen's Tome of Foes,190,,,Mary Greymalkin,Medium,Humanoid,Eladrin,Neutral,2,,x,,,x,,,,,,,,,ø,,,,ø,,Lost Laboratory of Kwalish,43,,,,,,,,,,,
Duergar Soulblade,Medium,Humanoid,dwarf,Any,1,,,,,,,,,,,,,,x,,x,,,,Mordenkainen Presents: Monsters of the Multiverse,109,,,Ooze-Folk,Medium,Ooze,,Unaligned,1/2,,,,,,,,,,,,,,x,ø,ø,,,,Lost Laboratory of Kwalish,46,,,,,,,,,,,
Duergar Soulblade,Medium,Humanoid,Dwarf,Lawful Neutral,1,,x,,,,,,,,,,,,x,,x,,,,Mordenkainen's Tome of Foes,190,Out of the Abyss 227,,Evil Mage,Medium,Humanoid,Human,Lawful Neutral,1,,x,,,,,,,,,,,,,,,,,,Lost Mines of Phandelver,57,The Lost Dungeon of Rickedness: Big Rick Energy 37,,,,,,,,,,
Duergar Spore Servant,Medium,Plant,,Unaligned,1/2,,,,,,,,,,,,,,,,ø,,,,Out of the Abyss,229,,,Mormesk The Wraith,Medium,Undead,,Neutral Evil,3,,,,,x,,,,,,,,,,,,,,,Lost Mines of Phandelver,59,,,,,,,,,,,
Duergar Spy,Medium,Humanoid,Dwarf,Lawful Neutral,2,,,,,,,,,,,,,,,,,,,,Tales from the Yawning Portal,234,,,Nezznar The Black Spider,Medium,Humanoid,Elf,Neutral Evil,2,,x,,,x,,,,,,,,,,,,,,,Lost Mines of Phandelver,59,,,,,,,,,,,
Duergar Stone Guard,Medium,Humanoid,dwarf,Any,2,,,,,,,,,,,,,,x,,x,,,,Mordenkainen Presents: Monsters of the Multiverse,110,,,Redbrand Ruffian,Medium,Humanoid,Human,Neutral Evil,1/2,,,,,,,,,,,,,,,,,,,,Lost Mines of Phandelver,61,,,,,,,,,,,
Duergar Stone Guard,Medium,Humanoid,Dwarf,Lawful Neutral,2,,,,,,,,,,,,,,x,,x,,,,Mordenkainen's Tome of Foes,191,Out of the Abyss 227,,Sildar Hallwinter,Medium,Humanoid,Human,Neutral Good,1,,,,,x,,,,,,,,,,,,,,,Lost Mines of Phandelver,61,,,,,,,,,,,
Duergar Warlord,Medium,Humanoid,dwarf,Any,6,,,,,,,,,,,,,,x,,x,,,,Mordenkainen Presents: Monsters of the Multiverse,111,,,Cornelius Watson,Medium,Humanoid,Human,Neutral Good,12,,x,,,x,,,,,,,,,,,,,x,,Minsc and Boo's Journal of Villainy,30,,,,,,,,,,,
Duergar Warlord,Medium,Humanoid,Dwarf,Lawful Neutral,6,,,,,,,,,,,,,,x,,x,,,,Mordenkainen's Tome of Foes,192,,,Flimp Shagglecran,Small,Humanoid,Gnome,Lawful Neutral,9,,x,,,x,,,,,,,,,,,,,x,,Minsc and Boo's Journal of Villainy,32,,,,,,,,,,,
Duergar Xarrorn,Medium,Humanoid,dwarf,Any,2,,,,,,,,,,,,,,x,,x,,,,Mordenkainen Presents: Monsters of the Multiverse,111,,,Valygar,Medium,Humanoid,Human,Neutral Good,9,,,,,x,,,,,,,,,,,,,x,,Minsc and Boo's Journal of Villainy,36,,,,,,,,,,,
Duergar Xarrorn,Medium,Humanoid,Dwarf,Lawful Neutral,2,,,,,,,,,,,,,,x,,x,,,,Mordenkainen's Tome of Foes,193,Out of the Abyss 228,,Xan Moonblade,Medium,Humanoid,Elf,Lawful Neutral,8,,x,,,x,,,,,,,,,,,,,x,,Minsc and Boo's Journal of Villainy,38,,,,,,,,,,,
Dullahan,Large,Fey,,Lawful Neutral,11,,x,,,,,,,,,,,,,,,,,ø,Tome of Beasts,161,,,Naes Inuus,Medium,Humanoid,Human,Lawful Good,13,,x,,,x,,,,,,,,,,,,,x,,Minsc and Boo's Journal of Villainy,42,,,,,,,,,,,
Dullahan,Medium,Undead,,Not Provided,10,,,x,,,,,ø,ø,ø,ø,ø,ø,ø,ø,ø,,ø,,Van Richten's Guide to Ravenloft,233,,,Tiberius Inuus,Medium,Humanoid,Human,Lawful Good,9,,,,,x,,,,,,,,,,,,,x,,Minsc and Boo's Journal of Villainy,44,,,,,,,,,,,
Dune Mimic,Huge,Monstrosity,,Neutral,8,,,,,,,,,,ø,,,,ø,,,,,,Tome of Beasts,162,,,Kivan,Medium,Humanoid,Elf,Chaotic Good,7,,,,,x,,,,,,ø,,,,,,,ø,,Minsc and Boo's Journal of Villainy,48,,,,,,,,,,,
Duodrone,Medium,Construct,Modron,Lawful Neutral,1/4,,,,,,,,,,,,,,,,,,,ø,Monster Manual,225,,,Faldorn the Heirophant,Medium,Humanoid,Human,Neutral Evil,13,,x,,,x,,,,,,ø,,,,,,,ø,,Minsc and Boo's Journal of Villainy,50,,,,,,,,,,,
Durnan,Medium,Humanoid,Human,Neutral,9,,,,,x,,,,,,,,,,,,,ø,,Waterdeep: Dragon Heist,203,,,Nauk,Medium,Humanoid,Half-orc,Lawful Evil,9,,,,,x,,,,,,,,,,,,,x,,Minsc and Boo's Journal of Villainy,54,,,,,,,,,,,
Dusk Hag,Medium,Fey,,Neutral Evil,6,,x,,,,,,,,,ø,,,,ø,,,,,Eberron: Rising from the Last War,292,,,Borivik Windheim,Medium,Humanoid,Human,Neutral Good,10,,x,,,x,,,,,,,,,,,,,x,,Minsc and Boo's Journal of Villainy,56,,,,,,,,,,,
Duskdale Wurm,Large,Beast,,Unaligned,6,,,x,,,,,,,,,,,,,ø,,,,Monster a Day Compendium 2.0,36,,,Jaheira,Medium,Humanoid,Half-Elf,Neutral,13,,x,,,x,,,,,,,,,,,,,x,,Minsc and Boo's Journal of Villainy,60,,,,,,,,,,,
Duskdale Wurm,Huge,Beast,,Unaligned,16,,,x,,,,,,,,,,,,,ø,,,,Monster a Day Compendium 2.0,36,,,Vellin Farstride,Small,Humanoid,Halfling,Neutral Good,9,,,,,x,,,,,,,,,,,,,ø,,Minsc and Boo's Journal of Villainy,62,,,,,,,,,,,
Duskthorn Dryad,Medium,Fey,Dryad,Any Chaotic,3,,x,,,,,,,,,ø,ø,,,,,,,,Tome of Beasts,160,,,Suldil Baldoriel,Medium,Humanoid,Half-Elf,Chaotic Good,10,,x,,,x,,,,,,,,,,,,,ø,,Minsc and Boo's Journal of Villainy,66,,,,,,,,,,,
Dust Digger,Large,Aberration,,Unaligned,3,,,,,,,,,,x,,,,,,,,,,Fifth Edition Foes,88,,,Minsc and Boo!,Medium,Humanoid,Human,Neutral Good,10,,,,,x,,,,,,,,,,,,,ø,,Minsc and Boo's Journal of Villainy,68,,,,,,,,,,,
Dust Goblin,Small,Humanoid,Goblinoid,Neutral Evil,1/4,,,,,,,,,,ø,,,,,,,,,,Tome of Beasts,232,,,Jon Irenicus,Medium,Undead,,Neutral Evil,22,,x,x,,x,,,,,,,,,,,,,ø,,Minsc and Boo's Journal of Villainy,73,,,,,,,,,,,
Dust Goblin Cheiftan,Small,Humanoid,Goblin,Neutral Evil,3,,,,,,,,,,,,,x,,,,,,,Creature Codex,136,,,Bodhi Irenicus,Medium,Undead,Shapechanger,Chaotic Evil,15,,,x,,x,,,,,,,,,,,,,ø,,Minsc and Boo's Journal of Villainy,77,,,,,,,,,,,
Dust Hulk,Large,Elemental,,Chaotic Neutral,5,,,,,,,,,,,,,,,,,,,,Bigby Presents: Glory of the Giants,131,,,Lothar,Medium,Humanoid,Human,Lawful Neutral,9,,x,,,x,,,,,,,,,,,,,ø,,Minsc and Boo's Journal of Villainy,80,,,,,,,,,,,
Dust Mephit,Small,Elemental,,Neutral Evil,1/2,,x,,,,,,,,x,,,,,,,,,,Monster Manual,215,,,Viktor,Medium,Humanoid,Human,Lawful Neutral,9,,x,,,x,,,,,,,,,,,,,ø,,Minsc and Boo's Journal of Villainy,82,,,,,,,,,,,
Dvarapala,Huge,Giant,,Any,5,,x,,,,,,,,,,,,,,,,x,,Creature Codex,137,,,Montaron and the Laughing Skull,Small,Humanoid,Halfling,Neutral Evil,11,,,,,x,,,,,,,,,,,,,ø,,Minsc and Boo's Journal of Villainy,86,,,,,,,,,,,
Dwarf Skeleton,Medium,Undead,,Lawful Evil,1/2,,,,,,,,,,,,,,,,,,,,Phandelver and Below: The Shattered Obelisk,123,,,Imoen,Medium,Humanoid,Human,Neutral Good,8,,,,,x,,,,,,,,,,,,,ø,,Minsc and Boo's Journal of Villainy,88,,,,,,,,,,,
Dwarven Ringmage,Medium,Humanoid,Dwarf,Any,7,,x,,,,,,,,,,,ø,ø,,ø,,ø,,Tome of Beasts,420,,,Baalzebul,Huge,Fiend,Devil,Lawful Evil,26,,x,x,x,x,,,,,,,,,,,,,,x,Minsc and Boo's Journal of Villainy,92,,,,,,,,,,,
Dwarven Worker,Medium,Humanoid,Dwarf,Any Non-Good,1/8,,,,,,,,,,,,,,,,,,,,Infernal Machine Rebuild,15,,,"Bhaal, Slayer",Medium,Humanoid,,Lawful Evil,20,,,x,,x,,,,,,,,,,,,,,x,Minsc and Boo's Journal of Villainy,93,,,,,,,,,,,
Dybbuk,Medium,Fiend,demon,Chaotic Evil,4,,x,,,,,,,,x,,,,,,,,x,,Mordenkainen Presents: Monsters of the Multiverse,113,,,"Bhaal, Ravager",Huge,Beast,,Lawful Evil,24,,,x,,x,,,,,,,,,,,,,,ø,Minsc and Boo's Journal of Villainy,95,,,,,,,,,,,
Dybbuk,Medium,Fiend,Demon,Chaotic Evil,4,,x,,,,,,,,x,,,,,,,,x,ø,Mordenkainen's Tome of Foes,132,,,Cryonax,Huge,Elemental,,Neutral Evil,22,,x,x,x,x,,,,,,,,,,,,,,ø,Minsc and Boo's Journal of Villainy,98,,,,,,,,,,,
Dyrrn,Medium,Aberration,Daelkyr,Chaotic Evil,24,,,x,x,x,,,,,,,,,,,,,,x,Eberron: Rising from the Last War,288,,,Mephistopheles,Large,Fiend,Devil,Lawful Evil,27,,x,x,x,x,,,,,,,,,,,,,,ø,Minsc and Boo's Journal of Villainy,101,,,,,,,,,,,
Dzaan's Simulacrum,Medium,Construct,,Lawful Evil,1,,x,,,x,,,,,,,,,,,,,,,Icewind Dale: Rime of the Frostmaiden,270,,,Pazuzu,Large,Fiend,Demon,Chaotic Evil,25,,x,x,x,x,,,,,,,,,,,,,,ø,Minsc and Boo's Journal of Villainy,104,,,,,,,,,,,
Eagle,Small,Beast,,Unaligned,0,,,,,,,,,x,,,x,x,x,,,,,,Monster Manual,322,,,"Ssendam, Lord of Madness",Large,Aberration,Shapechanger,Chaotic Evil,23,,x,x,x,x,,,,,,,,,,,,ø,ø,,Minsc and Boo's Journal of Villainy,107,,,,,,,,,,,
Eala,Small,Monstrosity,,Unaligned,2,,,,,,,,,,,,,,,,,,,ø,Tome of Beasts,163,,,Aribeth de Tylmarande,Medium,Undead,,Neutral Evil,10,,x,,,x,,,,,,,,,,,,,ø,,Minsc and Boo's Journal of Villainy,108,,,,,,,,,,,
Earth Elemental,Large,Elemental,,Neutral,5,,,,,,,,,,,,,,,,x,,,,Monster Manual,124,Rise of Tiamat Online Supplement 13,,Dagryn,Medium,Humanoid,Dwarf,Neutral Evil,4,,x,,,x,,,,,,,,,,,,,ø,,Minsc and Boo's Journal of Villainy,110,,,,,,,,,,,
Earth Elemental Myrmidon,Medium,Elemental,,Neutral,7,,,,,,,,,,,,,,,,,,,,Mordenkainen Presents: Monsters of the Multiverse,122,,,Darien,Large,Giant,Ogre,Chaotic Evil,9,,x,,,x,,,,,,,,,,,,,ø,,Minsc and Boo's Journal of Villainy,112,,,,,,,,,,,
Earth Elemental Myrmidon,Medium,Elemental,,Neutral,7,,,,,,,,,,,,,,,,ø,,,,Mordenkainen's Tome of Foes,202,Princes of the Apocalypse 212,,Edwin Odesseiron,Medium,Humanoid,Human,Lawful Evil,15,,x,,,x,,,,,,,,,,,,,ø,,Minsc and Boo's Journal of Villainy,114,,,,,,,,,,,
Eater of Dust,Medium,Aberration,,Neutral Evil,9,,x,,,,,,,,ø,,,,,,,,,,Tome of Beasts,164,,,Eo Ashmajiir,Medium,Humanoid,Tiefling,Chaotic Neutral,11,,x,,,x,,,,,,,,,,,,,ø,,Minsc and Boo's Journal of Villainy,116,,,,,,,,,,,
Eater of Hope,Large,Fiend,,Lawful Evil,6,,,,,,,,,,,,,,,,,,,x,Mythic Odysseys of Theros,220,,,Kagain,Medium,Humanoid,Dwarf,Neutral Evil,11,,,x,,x,,,,,,,,,,,,,ø,,Minsc and Boo's Journal of Villainy,118,,,,,,,,,,,
Eater of Knowledge,Large,Aberration,,Neutral Evil,6,,x,,,,,,,,,,,,,,,,,x,Morte's Planar Parade,29,,,Pelyious Avhoste,Medium,Humanoid,Human,Neutral Evil,9,,x,,,x,,,,,,,,,,,,,ø,,Minsc and Boo's Journal of Villainy,120,,,,,,,,,,,
Eblis,Medium,Monstrosity,,Neutral Evil,1/2,,x,,,,,,,,,x,,,,x,,,,,Fifth Edition Foes,89,,,Saemon Havarian,Medium,Humanoid,Human,Chaotic Neutral,10,,x,x,,x,,,,,,,,,,,,,ø,,Minsc and Boo's Journal of Villainy,122,,,,,,,,,,,
Eblis,Large,Monstrosity,,Neutral Evil,1,,x,,,,,,,,,ø,,,,ø,,,,,Tomb of Annihilation,219,,,Sarevok,Medium,Humanoid,Human,Neutral Evil,15,,x,x,,x,,,,,,,,,,,,,ø,,Minsc and Boo's Journal of Villainy,124,,,,,,,,,,,
Echo,Medium,Fiend,Demon,Chaotic Evil,6,,,,,,,,,,,,,,,,x,,,,Creature Codex,84,,,Viconia DeVir,Medium,Humanoid,Drow,Neutral Evil,13,,x,,,x,,,,,,,,,,,,,ø,,Minsc and Boo's Journal of Villainy,126,,,,,,,,,,,
Echo of Demogorgon,Large,Fiend,Demon,Chaotic Evil,6,,,,,,,,,,,,,,,,,,,,Bigby Presents: Glory of the Giants,132,,,Xzar the Chaos Clone,Medium,Humanoid,Human,Chaotic Evil,11,,x,,,x,,,,,,,,,,,,,ø,,Minsc and Boo's Journal of Villainy,128,,,,,,,,,,,
Ecstatic Bloom,Huge,Celestial,,Neutral Good,11,,,,,,,,x,x,x,x,x,x,x,x,x,x,x,x,Creature Codex,303,,,Achaeierai,Large,Monstrosity,,Lawful Evil,5,,,,,,,,,,,,,,,,ø,,,ø,Minsc and Boo's Journal of Villainy,131,,,,,,,,,,,
Ectoplasm,Large,Ooze,,Unaligned,2,,,,,,,,x,x,x,x,x,x,x,x,x,,x,,Fifth Edition Foes,90,,,Bebilith,Huge,Fiend,Demon,Chaotic Evil,12,,x,,,,,,,,,,,,,,,,,ø,Minsc and Boo's Journal of Villainy,133,,,,,,,,,,,
Edimmu,Medium,Undead,,Chaotic Evil,4,,,,,,,,,,ø,,ø,,,,,,,,Tome of Beasts,165,,,"Demodand, Farastu",Medium,Fiend,,Neutral Evil,7,,,,,,,,,,,,,,,,,,,ø,Minsc and Boo's Journal of Villainy,135,,,,,,,,,,,
Edjet,Medium,Humanoid,Dragonborn,Lawful Neutral,3,,,,,,,,x,x,x,x,x,x,x,x,x,x,x,x,Creature Codex,121,,,"Demodand, Kelubar",Medium,Fiend,,Neutral Evil,11,,x,,,,,,,,,,,,,,,,,ø,Minsc and Boo's Journal of Villainy,136,,,,,,,,,,,
Edjet Initiate,Medium,Humanoid,Dragonborn,Lawful Neutral,1/4,,,,,,,,,,,,,,,,,,x,,Tome of Beasts 2,131,,,"Demodand, Shator",Large,Fiend,,Neutral Evil,15,,x,,,,,,,,,,,,,,,,,ø,Minsc and Boo's Journal of Villainy,137,,,,,,,,,,,
Edwin Odesseiron,Medium,Humanoid,Human,Lawful Evil,15,,x,,,x,,,,,,,,,,,,,ø,,Minsc and Boo's Journal of Villainy,114,,,Dread Doppelganger,Medium,Monstrosity,Shapechanger,Neutral Evil,5,,x,,,,,,,,,,,,,,,ø,ø,,Minsc and Boo's Journal of Villainy,139,,,,,,,,,,,
Eel Hound,Medium,Fey,,Neutral,2,,,,,,,,,ø,,ø,,,,ø,,ø,,,Tome of Beasts,166,,,Gibberling,Small,Aberration,,Chaotic Neutral,1/4,,,,,,,,,ø,,ø,ø,ø,ø,ø,,,,ø,Minsc and Boo's Journal of Villainy,141,,,,,,,,,,,
Efreeti,Large,Elemental,,Lawful Neutral,11,,x,,,,,,,,x,,,,,,,,,,Monster Manual,145,Rise of Tiamat Online Supplement 13,,Hamadryad,Medium,Fey,,Chaotic Neutral,2,,x,,,,,,,,,ø,,,,,,,,,Minsc and Boo's Journal of Villainy,143,,,,,,,,,,,
Egg Hunter Adult,Small,Monstrosity,,Unaligned,5,,,,,,,,,,,,,,,,,,,,Fizban's Treasury of Dragons,193,,,Sirene,Medium,Fey,,Chaotic Neutral,3,,x,,,,,,,ø,,,,,,,,,,,Minsc and Boo's Journal of Villainy,145,,,,,,,,,,,
Egg Hunter Hatchling,Tiny,Monstrosity,,Unaligned,2,,,,,,,,,,,,,,,,,,,,Fizban's Treasury of Dragons,193,,,Phaerimm,Large,Aberration,,Neutral Evil,15,,x,,,,,,,,,,,,,,,,,,Minsc and Boo's Journal of Villainy,147,,,,,,,,,,,
Egret Harpy,Medium,Monstrosity,,Neutral,2,,x,,,,,,,,,,,,,x,,,,,Tome of Beasts 2,195,,,Skeleton Lord,Medium,Undead,,Lawful Evil,9,,,,,,,,,,,,,,,,ø,,,,Minsc and Boo's Journal of Villainy,148,,,,,,,,,,,
Eidolon,Medium,Undead,,Any,12,,,,,,,,,x,x,x,x,,x,,,,x,,Mordenkainen Presents: Monsters of the Multiverse,114,"Mordenkainen's Tome of Foes 194, Infernal Machine Rebuild 63",,Skeleton Warrior,Medium,Undead,,Lawful Evil,5,,,,,,,,,,,,,,,,,,,,Minsc and Boo's Journal of Villainy,149,,,,,,,,,,,
Einherjar,Medium,Humanoid,,Chaotic Neutral,7,,x,,,,,,ø,,,,,,,,,,,,Tome of Beasts,167,,,Deep Spider,Huge,Beast,,Unaligned,7,,,,,,,,,,,ø,,,,,ø,,,,Minsc and Boo's Journal of Villainy,151,,,,,,,,,,,
Elder Brain,Large,Aberration,mind flayer,Lawful Evil,14,,x,x,x,,,,,,,,,,,,x,,,,Mordenkainen Presents: Monsters of the Multiverse,120,,,Sword Spider,Large,Beast,,Unaligned,3,,,,,,,,,,,ø,,,,,ø,,,,Minsc and Boo's Journal of Villainy,151,,,,,,,,,,,
Elder Brain,Large,Aberration,,Lawful Neutral,14,,x,x,x,,,,,,,,,,,,x,,,,Volo's Guide to Monsters,174,,,Tasloi,Small,Humanoid,,Chaotic Evil,1/4,,,,,,,,,,,ø,,,,,,,,,Minsc and Boo's Journal of Villainy,153,,,,,,,,,,,
Elder Brain Dragon,Gargantuan,Aberration,,Lawful Evil,22,,,x,,,,,,,,,,,,,ø,,,,Fizban's Treasury of Dragons,194,,,Tasloi Sniper,Small,Humanoid,goblinoid,Chaotic Evil,1,,,,,,,,,,,ø,,,,,,,,,Minsc and Boo's Journal of Villainy,153,,,,,,,,,,,
Elder Ghost Boar,Huge,Monstrosity,,Unaligned,6,,,,,,,,,,,,x,,,,,,,,Creature Codex,169,,,Wolfwere Alpha,Medium,Humanoid,"beast, shapechanger",Chaotic Evil,6,,,,,,,,,,,ø,ø,ø,,,,,ø,,Minsc and Boo's Journal of Villainy,154,,,,,,,,,,,
Elder Oblex,Huge,Ooze,,Lawful Evil,10,,x,,,,,,,,,,,,,x,x,,x,,Mordenkainen Presents: Monsters of the Multiverse,199,,,Wolfwere,Medium,Humanoid,"beast, shapechanger",Chaotic Evil,4,,,,,,,,,,,ø,ø,ø,,,,,ø,,Minsc and Boo's Journal of Villainy,155,,,,,,,,,,,
Elder Oblex,Huge,Ooze,Oblex,Lawful Neutral,10,,x,,,,,,,,,,,,,x,x,,x,,Mordenkainen's Tome of Foes,219,,,Arachnid Queen,Huge,Beast,,Unaligned,3,,,,,,,,,,,ø,,ø,,,ø,,,,Monster a Day Compendium 2.0,2,,,,,,,,,,,
Elder Shadow Drake,Large,Dragon,,Chaotic Evil,7,,,,,,,,,,,ø,,,,,ø,,,,Tome of Beasts,153,,,Arcanamite,Small,Monstrosity,,Unaligned,1,,,,,,,,,,,,,,,,ø,,,,Monster a Day Compendium 2.0,3,,,,,,,,,,,
Elder Tempest,Gargantuan,Elemental,,Neutral,23,,,x,,,,,x,x,,,x,x,x,,,,,,Mordenkainen Presents: Monsters of the Multiverse,121,Mordenkainen's Tome of Foes 200,,Armed Skeleton,Medium,Undead,,Lawful Neutral,1,,,,,,,,,,,,,,,,,,ø,,Monster a Day Compendium 2.0,4,,,,,,,,,,,
Elder Thing,Medium,Aberration,,Lawful Neutral,9,,x,,,,,,x,x,,,,,,,x,x,,x,Sandy Petersen's Cthulhu Mythos,307,,,Azure Enchanter,Medium,Humanoid,Any Race,Any,7,,x,,,,,,,,,,,,,,,,ø,,Monster a Day Compendium 2.0,5,,,,,,,,,,,
Eldrazi Scion,Large,Aberration,,Chaotic Evil,1,,,,,,,,,,,,,,,,,,,ø,Monster a Day Compendium 2.0,47,,,Azure Mind Sculptor,Medium,Humanoid,Any Race,Any,10,,x,,,,,,,,,,,,,,,,ø,,Monster a Day Compendium 2.0,5,,,,,,,,,,,
Eldritch Ooze,Large,Ooze,,Unaligned,5,,,,,,,,,,,,,,,,x,,x,,Tome of Beasts 2,278,,,Baneling,Small,Fiend,Demon,Chaotic Evil,1/2,,,,,,,,,,,,,,,,,,,ø,Monster a Day Compendium 2.0,6,,,,,,,,,,,
Eleinomae,Medium,Fey,,Chaotic Evil,5,,x,,,,,,,,,,,,,ø,,,,,Tome of Beasts,168,,,Beast of Ill Omen,Large,Monstrosity,,Chaotic Evil,2,,,,,,,,,,,ø,,,,ø,ø,,,,Monster a Day Compendium 2.0,7,,,,,,,,,,,
Elemental Locus,Gargantuan,Elemental,,Neutral,17,,,,,,,,,,,,,,,,,,,ø,Tome of Beasts,169,,,Beholder Dragon,Large,Aberration,Dragon,Neutral Evil,15,,,x,,,,,,,,,,,,,ø,,,,Monster a Day Compendium 2.0,8,,,,,,,,,,,
Elementalist,Medium,Humanoid,Dragonborn,Lawful Neutral,2,,x,,,,,,x,x,x,x,x,x,x,x,x,x,x,x,Creature Codex,122,,,Black Knight,Medium,Humanoid,,Lawful Neutral,12,,,,,,,,,,,,,,,,,,ø,,Monster a Day Compendium 2.0,9,,,,,,,,,,,
Elephant,Huge,Beast,,Unaligned,4,,,,,,,,,,,,x,,,,,,,,Monster Manual,322,,,Bone Golem,Large,Construct,,Unaligned,9,,,,,,,,,,ø,,ø,ø,ø,ø,ø,,,,Monster a Day Compendium 2.0,10,,,,,,,,,,,
Elfmarked Human,Medium,Humanoid,Half-Elf,Any,1/2,,x,,,,,,x,x,x,x,x,x,x,x,x,x,x,x,Creature Codex,403,,,Brood Butcher,Huge,Aberration,,Chaotic Evil,9,,,,,,,,,,,,,,,,,,,ø,Monster a Day Compendium 2.0,11,,,,,,,,,,,
Elise,Medium,Construct,,Neutral,5,,,,,x,,,,,,,,,,,,,,ø,Van Richten's Guide to Ravenloft,143,,,Brood Monitor,Huge,Aberration,,Chaotic Evil,7,,,,,,,,,,,,,,,,,,ø,ø,Monster a Day Compendium 2.0,12,,,,,,,,,,,
Elite Kobold,Small,Humanoid,Kobold,Lawful Neutral,1,,,,,,,,,,,,,,,,x,,x,,Creature Codex,237,,,Bullywug Shaman,Medium,Humanoid,Bullywug,Neutral Evil,2,,x,,,,,,,,,,,,,ø,,,,,Monster a Day Compendium 2.0,13,,,,,,,,,,,
Elizar Dryflagon,Medium,Humanoid,Human,Neutral Evil,5,,x,,,x,,,,,,,,,,,,,,,Princes of the Apocalypse,202,,,Burning Skeleton,Medium,Undead,,Lawful Neutral,1,,,,,,,,,,ø,,ø,,,,ø,,ø,,Monster a Day Compendium 2.0,14,,,,,,,,,,,
Elk,Large,Beast,,Unaligned,1/4,,,,,,,,,,,x,x,x,,,,,,,Monster Manual,322,,,Caustic Crawler,Medium,Monstrosity,,Unaligned,4,,,,,,,,ø,,,ø,ø,ø,ø,ø,ø,,,,Monster a Day Compendium 2.0,15,,,,,,,,,,,
Elkhorn,Medium,Humanoid,Dwarf,Lawful Good,2,,,,,x,,,,,,,,,,,,,,,The Wild Beyond The Witchlight,224,,,Capra Demon,Large,Fiend,Demon,Chaotic Evil,6,,,,,,,,,,,,,,,,,,,ø,Monster a Day Compendium 2.0,16,,,,,,,,,,,
Elophar,Large,Undead,,Chaotic Evil,4,,x,,,,,,x,x,x,x,x,x,x,x,x,x,x,x,Creature Codex,149,,,Ceaseless Discharge,Gargantuan,Fiend,Demon,Chaotic Neutral,14,,,,,,,,,,,,,,,,,,,ø,Monster a Day Compendium 2.0,17,,,,,,,,,,,
Elusa Hound,Medium,Monstrosity,,Unaligned,1,,,,,,,,,,,x,x,x,,,,,,,Fifth Edition Foes,93,,,Chainer Geist,Medium,Undead,,Chaotic Evil,4,,,,,,,,,,,,,,,,ø,,ø,,Monster a Day Compendium 2.0,18,,,,,,,,,,,
Elvish Veteran Archer,Medium,Humanoid,,Chaotic Neutral,3,,,,,,,,,,,ø,,,,,,,ø,,Tome of Beasts,422,,,Chamaelean,Small,Humanoid,Chamaelean,Neutral,1/2,,,,,,,,,,,ø,ø,,,,,,,,Monster a Day Compendium 2.0,19,,,,,,,,,,,
Ember Roc,Gargantuan,Monstrosity,,Not Provided,14,,,,,,,,,,,,,,ø,,,,,,Tal'Dorei Campaign Setting Reborn,238,,,Ancient Chronomancer,Medium,Humanoid,Construct,Neutral,7,,x,,,,,,,,,,,,,,,,ø,ø,Monster a Day Compendium 2.0,20,,,,,,,,,,,
Emerald Dragon Wyrmling,Medium,Dragon,Gem,Lawful Neutral,2,,x,,,,,,,,,,,,ø,,ø,,,,Fizban's Treasury of Dragons,197,,,Timeless Chronomancer,Medium,Humanoid,Construct,Neutral,14,,x,,,,,,,,,,,,,,,,ø,ø,Monster a Day Compendium 2.0,20,,,,,,,,,,,
Emerald Eye,Tiny,Construct,,Chaotic Evil,1,,,,,,,,,,,,,,,,,,ø,,Tome of Beasts,175,,,Clockwork Dragon,Huge,Construct,,Unaligned,14,,,x,,,,,,,,,,,,,,,ø,ø,Monster a Day Compendium 2.0,21,,,,,,,,,,,
Emerald Order Cult Leader,Medium,Humanoid,,Lawful Neutral,8,,x,,,,,,,,,ø,,,,,,,ø,,Tome of Beasts,421,,,Clockwork Pest,Tiny,Construct,,Unaligned,1/4,,,,,,,,,,,,,,,,,,ø,ø,Monster a Day Compendium 2.0,22,,,,,,,,,,,
Emperor Ghoul,Medium,Undead,Ghoul,Neutral Evil,20,,x,x,x,x,,,,,,,,,,ø,ø,,ø,,Tome of Beasts,218,,,Corruptor,Large,Monstrosity,,Unaligned,5,,,,,,,,,,,,,,,,ø,,,,Monster a Day Compendium 2.0,23,,,,,,,,,,,
Emperor's Hyena,Medium,Undead,,Neutral Evil,4,,,,,,,,,,,,,,,,x,,,,Tome of Beasts 2,135,,,Coven Horror,Large,Monstrosity,,Chaotic Evil,9,,,,,,,,,,,ø,,,,ø,,,,,Monster a Day Compendium 2.0,24,,,,,,,,,,,
Empty Cloak,Medium,Construct,,Unaligned,1/2,,,,,,,,,,,,,,,,,,ø,,Tome of Beasts,176,,,Crowlock,Tiny,Monstrosity,,Chaotic Neutral,1/2,,,,,,,,,,,ø,,,,ø,,,ø,,Monster a Day Compendium 2.0,25,,,,,,,,,,,
Empusa,Medium,Monstrosity,Shapechanger,Chaotic Evil,5,,,,,,,,,,,,x,,,,,,x,,Tome of Beasts 2,136,,,Crystal Elemental,Medium,Elemental,,Neutral,3,,,,,,,,,,,,,,,,,,,ø,Monster a Day Compendium 2.0,26,,,,,,,,,,,
Empyrean,Huge,Celestial,Titan,Chaotic Good,23,,x,x,,,,,,,,,,,,,,,,ø,Monster Manual,130,,,Crystalline Dragon,Huge,Dragon,,Any Chaotic,18,,,x,,,,,,,,,,,,,,,,ø,Monster a Day Compendium 2.0,27,,,,,,,,,,,
"Emrakul, The Aeons Torn",Gargantuan,Aberration,Titan,Chaotic Evil,30,,x,x,,x,,,,,,,,,,,,,,ø,Monster a Day Compendium 2.0,48,,,Cthurkey,Small,Aberration,,Chaotic Evil,3,,,,,,,,,,,,,ø,,,,,,,Monster a Day Compendium 2.0,28,,,,,,,,,,,
Encephalon Cluster,Large,Aberration,,Unaligned,10,,,x,,,,,,,,,,,,,,,,,Phandelver and Below: The Shattered Obelisk,205,,,Death Widow,Large,Monstrosity,Spider,Unaligned,3,,,,,,,,,,,ø,,,,ø,ø,,,,Monster a Day Compendium 2.0,29,,,,,,,,,,,
Encephalon Gemmule,Tiny,Aberration,,Unaligned,3,,,,,,,,,,,,,,,,,,,,Phandelver and Below: The Shattered Obelisk,206,,,Deep One,Large,Aberration,Deep One,Chaotic Evil,6,,,,,,,,,,,,,,,,,ø,ø,,Monster a Day Compendium 2.0,30,,,,,,,,,,,
Encephalon Gorger,Medium,Aberration,,Chaotic Evil,4,,,,,,,,,,x,x,x,x,x,,,,,,Fifth Edition Foes,94,,,Dire Anglerfish,Huge,Beast,,Unaligned,5,,,,,,,,,,,,,,,,,ø,,,Monster a Day Compendium 2.0,31,,,,,,,,,,,
Enchanter,Medium,Humanoid,Elf,Any,7,,x,,,,,,x,x,x,x,x,x,x,x,x,x,x,x,Creature Codex,143,,,Draegloth,Small,Fiend,Demon,Neutral Evil,4,,x,,,,,,,,,,,,,,,,,ø,Monster a Day Compendium 2.0,32,,,,,,,,,,,
Enchanter,Medium,Humanoid,Any Race,Any,5,,x,,,,,,,,,,,,,,,,x,,Volo's Guide to Monsters,213,Tales from the Yawning Portal 234,,Dragonslayer Ornstein,Medium,Humanoid,,Lawful Neutral,17,,,x,,x,,,,,,,,,,,,,ø,,Monster a Day Compendium 2.0,33,,,,,,,,,,,
Enchanter Wizard,Medium,Humanoid,,Any,5,,x,,,,,,,,,,,,,,,,x,,Mordenkainen Presents: Monsters of the Multiverse,261,,,Dream Eater,Large,Aberration,,Chaotic Evil,10,,,x,,,,,,,,,,,,,,,ø,ø,Monster a Day Compendium 2.0,34,,,,,,,,,,,
Enchantress Shadow Fey Elves,Medium,Humanoid,Elf,Lawful Neutral,7,,x,,,,,,,,,,,,,,ø,,,ø,Tome of Beasts,172,,,Drow Mech,Large,Fey,,Lawful Neutral,11,,x,,,,,,,,,,,,,,ø,,,,Monster a Day Compendium 2.0,35,,,,,,,,,,,
Endelyn Moongrave,Medium,Fey,Hag,Neutral Evil,6,,x,,,x,,,,,,,,,,,,,,,The Wild Beyond The Witchlight,217,,,Duskdale Wurm,Large,Beast,,Unaligned,6,,,x,,,,,,,,,,,,,ø,,,,Monster a Day Compendium 2.0,36,,,,,,,,,,,
Enhanced Medusa,Medium,Monstrosity,,Lawful Evil,6,,x,,,x,,,,,,,,,,,,,,,Infernal Machine Rebuild,47,,,Duskdale Wurm,Huge,Beast,,Unaligned,16,,,x,,,,,,,,,,,,,ø,,,,Monster a Day Compendium 2.0,36,,,,,,,,,,,
Envoker,Medium,Humanoid,,Any,9,,x,,,,,,,,,,,,,,,,,,Tales from the Yawning Portal,235,,,Lesser Air Elemental,Medium,Elemental,,Neutral,2,,,,,,,,,,ø,,,,ø,,,,,,Monster a Day Compendium 2.0,37,,,,,,,,,,,
Eo Ashmajiir,Medium,Humanoid,Tiefling,Chaotic Neutral,11,,x,,,x,,,,,,,,,,,,,ø,,Minsc and Boo's Journal of Villainy,116,,,Lesser Earth Elemental,Medium,Elemental,,Neutral,2,,,,,,,,,,,,,,ø,,,,,,Monster a Day Compendium 2.0,37,,,,,,,,,,,
Eonic Drifter,Medium,Humanoid,,Chaotic Neutral,1,,,,,,,,,,,,,,,,,,,ø,Tome of Beasts,177,,,Lesser Fire Elemental,Medium,Elemental,,Neutral,2,,,,,,,,,,ø,,,,,,,,,,Monster a Day Compendium 2.0,38,,,,,,,,,,,
Eonic Savant,Medium,Humanoid,Human,Neutral,7,,x,,,,,,,,,,,,,,,,,x,Tome of Beasts 2,137,,,Lesser Water Elemental,Medium,Elemental,,Neutral,2,,,,,,,,,ø,,,,,,,,ø,,,Monster a Day Compendium 2.0,38,,,,,,,,,,,
Equinal Guardinal,Large,Celestial,,Neutral Good,6,,,,,,,,,,,,,,,,,,,x,Morte's Planar Parade,33,,,Lesser Ice Elemental,Medium,Elemental,,Neutral,2,,,,,,,,ø,,,,,,,,,,,,Monster a Day Compendium 2.0,39,,,,,,,,,,,
Eremite,Large,Aberration,,Chaotic Evil,13,,x,x,,,,,,,,,,,,,,,,x,Sandy Petersen's Cthulhu Mythos,309,,,Lesser Magma Elemental,Medium,Elemental,,Neutral,2,,,,,,,,,,,,,,ø,,ø,,,,Monster a Day Compendium 2.0,39,,,,,,,,,,,
Eremite Symbiont,Large,Aberration,,Chaotic Evil,7,,,,,,,,,,,,,,,,,,,x,Sandy Petersen's Cthulhu Mythos,310,,,Lesser Mud Elemental,Medium,Elemental,,Neutral,2,,,,,,,,,,,,,,,ø,,,,,Monster a Day Compendium 2.0,40,,,,,,,,,,,
Erina Defender,Small,Humanoid,,Neutral,1,,,,,,,,,,,ø,ø,ø,ø,,,,ø,,Tome of Beasts,178,,,Lesser Smoke Elemental,Medium,Elemental,,Neutral,2,,,,,,,,,,,,,,ø,,,,,,Monster a Day Compendium 2.0,40,,,,,,,,,,,
Erina Scrounger,Small,Humanoid,,Neutral,1/4,,,,,,,,,,,ø,ø,ø,ø,,,,ø,,Tome of Beasts,178,,,Lesser Lightning Elemental,Medium,Elemental,,Neutral,2,,,,,,,,,,ø,,ø,,,,,,,,Monster a Day Compendium 2.0,41,,,,,,,,,,,
Erinyes,Medium,Fiend,Devil,Lawful Neutral,12,,,,,,,,,,,,,,,,,,,ø,Monster Manual,73,,,Lesser Mineral Elemental,Medium,Elemental,,Neutral,2,,,,,,,,,,,,,,ø,,ø,,,,Monster a Day Compendium 2.0,41,,,,,,,,,,,
Esthetic,Gargantuan,Aberration,,Unaligned,12,,,,,,,,,,,,,,,,,,,,Boo's Astral Menagerie,20,,,Lesser Radiance Elemental,Medium,Elemental,,Neutral,2,,,,,,,,,,,,,,,,,,,ø,Monster a Day Compendium 2.0,42,,,,,,,,,,,
"Etali, Primal Storm",Gargantuan,Monstrosity,"titan, elder dinosaur",Unaligned,30,,,x,,,,,,ø,,ø,,,,,,,,,Planeshift: Ixalan,33,,,Lesser Steam Elemental,Medium,Elemental,,Neutral,2,,,,,,,,,ø,,,,,,,,,,,Monster a Day Compendium 2.0,42,,,,,,,,,,,
Eternal Flame Guardian,Medium,Humanoid,Human,Chaotic Evil,2,,,,,,,,,,,,,,,,,,,,Princes of the Apocalypse,200,,,Lesser Ash Elemental,Medium,Elemental,,Neutral,2,,,,,,,,,,,,,,ø,,,,,,Monster a Day Compendium 2.0,43,,,,,,,,,,,
Eternal Flame Priest,Medium,Humanoid,Human,Neutral Evil,3,,x,,,,,,,,,,,,,,,,,,Princes of the Apocalypse,200,,,Lesser Dust Elemental,Medium,Elemental,,Neutral,2,,,,,,,,,,ø,,,,,,,,,,Monster a Day Compendium 2.0,43,,,,,,,,,,,
Ettercap,Medium,Monstrosity,,Neutral Evil,2,,,,,,,,,,,x,,,,,,,,,Monster Manual,131,Rise of Tiamat Online Supplement 14,,Lesser Salt Elemental,Medium,Elemental,,Neutral,2,,,,,,,,,,,,,,ø,,ø,,,,Monster a Day Compendium 2.0,44,,,,,,,,,,,
Ettin,Large,Giant,,Chaotic Evil,4,,,,,,,,,,,,,x,x,,,,,,Monster Manual,132,Rise of Tiamat Online Supplement 14,,Lesser Void Elemental,Medium,Elemental,,Neutral,2,,,,,,,,,,,,,,,,,,,ø,Monster a Day Compendium 2.0,44,,,,,,,,,,,
Ettin Ceremorph,Large,Aberration,,Lawful Evil,8,,,,,,,,,,,,,,,,,,,,Bigby Presents: Glory of the Giants,133,,,Lesser Metal Elemental,Medium,Elemental,,Neutral,2,,,,,,,,,,,,,,,,ø,,,,Monster a Day Compendium 2.0,45,,,,,,,,,,,
Evil Doll,Tiny,Construct,Fiend,Lawful Neutral,2,,x,,,,,,,,,,,,,,,,ø,,Monster a Day Compendium 2.0,49,,,Lesser Negativ Energy Elemental,Medium,Elemental,,Neutral,2,,,,,,,,,,,,,,,,,,,ø,Monster a Day Compendium 2.0,45,,,,,,,,,,,
Evil Mage,Medium,Humanoid,Human,Lawful Neutral,1,,x,,,,,,,,,,,,,,,,,,Lost Mines of Phandelver,57,The Lost Dungeon of Rickedness: Big Rick Energy 37,,Lesser Positiv Energy Elemental,Medium,Elemental,,Neutral,2,,,,,,,,,,,,,,,,,,,ø,Monster a Day Compendium 2.0,46,,,,,,,,,,,
Evoker,Medium,Humanoid,Any Race,Any,9,,x,,,,,,,,,,,,,,,,x,,Volo's Guide to Monsters,214,,,Lesser Wood Elemental,Medium,Elemental,,Neutral,2,,,,,,,,,,,ø,,,,,,,,,Monster a Day Compendium 2.0,46,,,,,,,,,,,
Evoker Wizard,Medium,Humanoid,,Any,9,,x,,,,,,,,,,,,,,,,x,,Mordenkainen Presents: Monsters of the Multiverse,262,,,Eldrazi Scion,Large,Aberration,,Chaotic Evil,1,,,,,,,,,,,,,,,,,,,ø,Monster a Day Compendium 2.0,47,,,,,,,,,,,
Execrable Shrub,Medium,Fiend,,Neutral Evil,1/2,,,,,,,,x,x,x,x,x,x,x,x,x,x,x,x,Creature Codex,305,,,"Emrakul, The Aeons Torn",Gargantuan,Aberration,Titan,Chaotic Evil,30,,x,x,,x,,,,,,,,,,,,,,ø,Monster a Day Compendium 2.0,48,,,,,,,,,,,
Executioner Smough,Large,Humanoid,,Neutral Evil,16,,,x,,x,,,,,,,,,,,,,ø,,Monster a Day Compendium 2.0,50,,,Evil Doll,Tiny,Construct,Fiend,Lawful Neutral,2,,x,,,,,,,,,,,,,,,,ø,,Monster a Day Compendium 2.0,49,,,,,,,,,,,
Expeditious Messenger,Tiny,Construct,,Neutral,1/8,,,,,,,,,,,,,,,,,,ø,,Eberron: Rising from the Last War,293,,,Executioner Smough,Large,Humanoid,,Neutral Evil,16,,,x,,x,,,,,,,,,,,,,ø,,Monster a Day Compendium 2.0,50,,,,,,,,,,,
Exploding Toad,Tiny,Monstrosity,,Chaotic Evil,1/4,,,,,,,,,,,,,,,x,,,,,Creature Codex,150,,,Fallen Angel,Medium,Celestial,,Lawful Neutral,10,,x,,,,,,,,,,,,,,,,,ø,Monster a Day Compendium 2.0,51,,,,,,,,,,,
Eye Golem,Large,Construct,,Unaligned,11,,,,,,,,,,,,,,,,ø,,ø,,Tome of Beasts,233,,,Father Dagon,Huge,Monstrosity,Deep One,Chaotic Evil,24,,,x,,x,,,,,,,,,,,,,,ø,Monster a Day Compendium 2.0,52,,,,,,,,,,,
Eye Monger,Large,Aberration,,Lawful Evil,10,,,,,,,,,,,,,,,,,,,,Boo's Astral Menagerie,21,Vecna: Eve of Ruin 219,,Fern Lizard,Small,Beast,,Unaligned,1/2,,,,,,,,,,,ø,,,,,,,,,Monster a Day Compendium 2.0,53,,,,,,,,,,,
Eye of Fear and Flame,Medium,Undead,,Chaotic Evil,9,,x,,,,,,,,,,,,,,,,x,,Mordenkainen's Fiendish Folio vol. 1,8,Infernal Machine Rebuild 64,,Feyote,Medium,Fey,,Neutral,1/4,,x,,,,,,,,,ø,,,,,,,,,Monster a Day Compendium 2.0,54,,,,,,,,,,,
Eye of the Gods,Small,Celestial,Angel,Any,1,,,,,,,,,,,,,,,,,,,x,Creature Codex,16,,,Froghoul,Medium,Undead,,Chaotic Evil,2,,,,,,,,,,,,,,,,ø,,ø,,Monster a Day Compendium 2.0,55,,,,,,,,,,,
Eye of the Watcher,Large,Construct,,Chaotic Evil,18,,,,,,,,,,,,,,,,,,,x,Sandy Petersen's Cthulhu Mythos,313,,,Frost Giant Jarl,Huge,Giant,,Neutral Evil,11,,,x,,,,,ø,,,,,,,,,,,,Monster a Day Compendium 2.0,56,,,,,,,,,,,
Eyedrake,Large,Aberration,,Lawful Evil,8,,,,,,,,,,,,,,,,ø,,,,Fizban's Treasury of Dragons,199,,,Fusion Elemental,Huge,Elemental,,Neutral,15,,,x,,,,,,,,,,,,,,,,ø,Monster a Day Compendium 2.0,57,,,,,,,,,,,
Ezmerelda d'Avenir,Medium,Humanoid,,Chaotic Good,8,,x,,,x,,,ø,ø,ø,ø,ø,ø,ø,ø,ø,,ø,ø,Curse of Strahd,231,,,Gazellean,Medium,Humanoid,Gazellean,Neutral,1/2,,,,,,,,,,ø,,,,,,,,,,Monster a Day Compendium 2.0,58,,,,,,,,,,,
Fabricator,Large,Construct,,Neutral,10,,,,,,,,x,x,x,x,x,x,x,x,x,x,x,,Tome of Beasts 2,138,,,Gelectrode,Large,Ooze,,Unaligned,6,,,,,,,,,,,,,,,,,,ø,,Monster a Day Compendium 2.0,59,,,,,,,,,,,
Faceless Wanderer,Medium,Aberration,,Neutral Evil,4,,,,,,,,,,,,,,,,,,,x,Tome of Beasts 2,139,,,Giant Eel,Huge,Aberration,,Unaligned,5,,,,,,,,,,,,,,,,,ø,,,Monster a Day Compendium 2.0,60,,,,,,,,,,,
Faerl,Medium,Humanoid,Elf,Neutral Evil,1/8,,,,,x,,,,,,,,,,,,,,,Candlekeep Mysteries,104,,,Gill-man,Medium,Monstrosity,,Neutral,6,,,,,,,,,,,,,,,ø,,ø,,,Monster a Day Compendium 2.0,61,,,,,,,,,,,
Faldorn the Heirophant,Medium,Humanoid,Human,Neutral Evil,13,,x,,,x,,,,,,ø,,,,,,,ø,,Minsc and Boo's Journal of Villainy,50,,,Ginormous Squirrel,Gargantuan,Beast,,Unaligned,16,,,x,,,,,,,,ø,,,,,,,,,Monster a Day Compendium 2.0,62,,,,,,,,,,,
Fallen Angel,Medium,Celestial,,Lawful Neutral,10,,x,,,,,,,,,,,,,,,,,ø,Monster a Day Compendium 2.0,51,,,Gladeborn Hunter,Medium,Humanoid,Any Race,Neutral,5,,,,,,,,,,,ø,ø,,,,,,ø,,Monster a Day Compendium 2.0,63,,,,,,,,,,,
False Lich,Medium,Undead,,Neutral Evil,21,,x,x,,,,,,,,,,,,,,,,,Vecna: Eve of Ruin,220,,,Gladeborn Trapper,Medium,Humanoid,Any Race,Neutral,3,,,,,,,,,,,ø,ø,,,,,,ø,,Monster a Day Compendium 2.0,63,,,,,,,,,,,
Falsifier Fog,Huge,Undead,,Chaotic Evil,4,,,,,,,,,,,,,,,,,,x,,Tome of Beasts 2,140,,,Gnoll Deathknight,Medium,Humanoid,Gnoll,Chaotic Evil,6,,,,,,,,,,ø,ø,ø,ø,,,,,,,Monster a Day Compendium 2.0,64,,,,,,,,,,,
Famine,Medium,Fiend,,Neutral Evil,20,,x,x,,x,,,,,,,,,,,,,,ø,Monster a Day Compendium 2.0,128,,,Gnoll Deathmage,Medium,Humanoid,Gnoll,Chaotic Evil,7,,x,,,,,,,,ø,ø,ø,ø,,,,,,,Monster a Day Compendium 2.0,65,,,,,,,,,,,
Fane Spirit,Medium,Undead,,Any Lawful,3,,x,,,,,,x,x,x,x,x,x,x,x,x,x,x,,Tome of Beasts 2,141,,,Goblin Alchemist,Small,Humanoid,Goblinoid,Neutral Evil,1/2,,,,,,,,,,,ø,ø,ø,,,ø,,,,Monster a Day Compendium 2.0,66,,,,,,,,,,,
Fang of the Great Wolf,Large,Monstrosity,,Neutral Evil,3,,,,,,,,x,,,x,x,,,,,,,,Creature Codex,384,,,Goblin Ritualist,Small,Humanoid,Goblinoid,Neutral Evil,1/2,,x,,,,,,,,,ø,ø,ø,,,ø,,,,Monster a Day Compendium 2.0,66,,,,,,,,,,,
Fanged Sea Serpent,Large,Dragon,Aquatic,Neutral Evil,5,,,,,,,,,,,,,,,,,x,,,Fifth Edition Foes,201,,,Gruul Goblin,Small,Humanoid,Goblinoid,Neutral Evil,1/2,,,,,,,,,,,ø,ø,ø,,,ø,,,,Monster a Day Compendium 2.0,67,,,,,,,,,,,
Far Darrig,Small,Fey,,Neutral,3,,x,,,,,,ø,,,ø,,,,,,,,,Tome of Beasts,179,,,Grave Titan,Huge,Undead,,Neutral Evil,10,,,,,,,,,,,,,,,,,,ø,,Monster a Day Compendium 2.0,68,,,,,,,,,,,
Far Dorocha,Medium,Fey,,Lawful Evil,5,,x,,,,,,,,,,,,,,,,,x,Tome of Beasts 2,142,,,Gravecrawler,Medium,Undead,,Neutral Evil,1,,,,,,,,,,,,,,,,ø,,ø,,Monster a Day Compendium 2.0,69,,,,,,,,,,,
Far Wanderer,Medium,Aberration,,Neutral,3,,,,,,,,,,,,,,,,,,,x,Creature Codex,151,,,Great Grey Wolf Sif,Large,Beast,,Lawful Good,13,,,,,x,,,,,,ø,ø,,,,,,,,Monster a Day Compendium 2.0,70,,,,,,,,,,,
Farastu Demodand,Medium,Fiend,,Neutral Evil,11,,x,,,,,,,,,,,,,,,,,x,Morte's Planar Parade,26,,,Grove Guardian,Large,Fey,,Neutral,5,,x,,,,,,,,,ø,,,,,,,,,Monster a Day Compendium 2.0,71,,,,,,,,,,,
Fastieth,Medium,Beast,,Unaligned,1/4,,,,,,,,,,,,x,ø,,,,,,,Eberron: Rising from the Last War,289,,,Gug,Large,Aberration,Dreamlander,Chaotic Evil,4,,,,,,,,,,,,,,,,,,,ø,Monster a Day Compendium 2.0,72,,,,,,,,,,,
Fate Eater,Medium,Aberration,,Neutral,6,,x,,,,,,,,,,,,,,,,,ø,Tome of Beasts,180,,,Hastur,Medium,Aberration,Great Old One,Unaligned,30,,,x,,x,,,,,,,,,,,,,,ø,Monster a Day Compendium 2.0,73,,,,,,,,,,,
Fated Shaker,Small or Medium,Humanoid,,Any,5,,x,,,,,,,,,,,,,,,,,x,Morte's Planar Parade,56,,,Hawkfox,Medium,Monstrosity,,Unaligned,2,,,,,,,,,,,,ø,ø,,,,,,,Monster a Day Compendium 2.0,74,,,,,,,,,,,
Father Dagon,Huge,Monstrosity,Deep One,Chaotic Evil,24,,,x,,x,,,,,,,,,,,,,,ø,Monster a Day Compendium 2.0,52,,,Headless Horseman,Medium,Fiend,,Lawful Neutral,8,,,,,,,,,,,,,,,,,,ø,,Monster a Day Compendium 2.0,75,,,,,,,,,,,
Father Dagon,Huge,Aberration,deep one,Chaotic Evil,17,,x,x,,,,,,,,,,,,,,,,,Sandy Petersen's Cthulhu Mythos,190,,,Herald of Rot,Large,Fiend,Demon,Chaotic Evil,6,,,,,,,,,,,,,,,,,,,ø,Monster a Day Compendium 2.0,76,,,,,,,,,,,
Fathomer,Medium,Humanoid,Human,Neutral Evil,2,,x,,,,,,,ø,,,,,,,,x,,,Ghosts of Saltmarsh,236,Princes of the Apocalypse 207,,Hunting Horror,Large,Aberration,,Lawful Neutral,6,,,,,,,,,,,,,,,,,,,ø,Monster a Day Compendium 2.0,77,,,,,,,,,,,
Favored One of Nyarlathotep,Medium,Undead,,Chaotic Evil,2,,,,,,,,,,,,,,,,,,,x,Sandy Petersen's Cthulhu Mythos,314,,,Hydralisk,Medium,Monstrosity,,Unaligned,5,,,,,,,,,,,,,,ø,,ø,,,,Monster a Day Compendium 2.0,78,,,,,,,,,,,
Fear,Large,Fiend,,Neutral Evil,15,,,,,x,,,,,,,,,,,,,,ø,Monster a Day Compendium 2.0,128,,,Ice Golem,Large,Construct,,Unaligned,8,,,,,,,,ø,,,,,,,,,,,,Monster a Day Compendium 2.0,79,,,,,,,,,,,
Fear Guard,Medium,Undead,,Chaotic Evil,3,,,,,,,,,,,,,,,,x,,,,Fifth Edition Foes,98,,,Illthid Claw,Tiny,Undead,,Lawful Neutral,0,,,,,,,,,,,,,,,,ø,,ø,,Monster a Day Compendium 2.0,80,,,,,,,,,,,
Fear Liath,Large,Undead,,Neutral Evil,2,,,,,,,,,,,,,,x,,,,,,Creature Codex,152,,,Imp Dragon,Tiny,Dragon,,Lawful Neutral,2,,x,,,,,,,,,,,,,,,,,ø,Monster a Day Compendium 2.0,81,,,,,,,,,,,
Fear Smith (Fiarsídhe),Medium,Fey,,Chaotic Neutral,10,,x,,,,,,,,,,,,,,,,,ø,Tome of Beasts,181,,,Indominus Rex,Huge,Beast,,Unaligned,24,,,x,,,,,,,,ø,,,,,,,,,Monster a Day Compendium 2.0,82,,,,,,,,,,,
Feathergale Knight,Medium,Humanoid,Human,Lawful Neutral,1,,x,,,,,,,,,,,,,,,,,,Princes of the Apocalypse,189,,,Infestation Swarm,Medium,Monstrosity,Swarm,Unaligned,4,,,,,,,,,,ø,,,,,ø,,,,,Monster a Day Compendium 2.0,83,,,,,,,,,,,
Felid Dragon,Huge,Dragon,,Neutral,19,,,,,,,,,,,,,,,,,,,,Tome of Beasts 2,143,,,Infestor,Large,Monstrosity,,Unaligned,3,,,,,,,,,,,,,,ø,,ø,,,,Monster a Day Compendium 2.0,84,,,,,,,,,,,
Felidar,Large,Celestial,,Lawful Neutral,5,,,,,,,,,,,,,,,,,,ø,,Guildmaster's Guide to Ravnica,199,,,Iron Golem,Huge,Construct,,Lawful Neutral,11,,,,,,,,,,,,,,,,,,ø,,Monster a Day Compendium 2.0,85,,,,,,,,,,,
Felidar,Large,Celestial,,Lawful Good,5,,x,x,,,,,,,,,,,,,,,,ø,Planeshift: Zendikar,23,,,Kalag,Medium,Humanoid,Kalag,Chaotic Neutral,1/2,,,,,,,,,,,,,,,,ø,,,,Monster a Day Compendium 2.0,86,,,,,,,,,,,
Fellforged,Medium,Construct,,Lawful Neutral,5,,,,,,,,,,,,,,,,ø,,ø,,Tome of Beasts,182,,,Kaorti,Medium,Aberration,,Chaotic Evil,10,,x,,,,,,,,,,,,,,,,,ø,Monster a Day Compendium 2.0,87,,,,,,,,,,,
Female Steeder,Large,Monstrosity,,Unaligned,1,,,,,,,,,,,,,,,,x,,,,Mordenkainen Presents: Monsters of the Multiverse,231,"Mordenkainen's Tome of Foes 238, Out of the Abyss 231",,Kapre,Large,Fey,,Chaotic Neutral,5,,x,,,,,,,,,ø,,,,,,,,,Monster a Day Compendium 2.0,88,,,,,,,,,,,
Fen Witch,Medium,Monstrosity,,Chaotic Evil,2,,,,,,,,,,,,,,,x,,,,,Fifth Edition Foes,99,,,Infantryman,Medium,Humanoid,Human,Unaligned,1/2,,,,,,,,,,,,,,,,,,ø,,Monster a Day Compendium 2.0,89,,,,,,,,,,,
Fennec Fox,Tiny,Beast,,Unaligned,1/8,,,,,,o,,,,x,,x,,,,x,,,,Tome of Beasts 2,390,,,Sperman,Medium,Humanoid,Human,Unaligned,1/4,,,,,,,,,,,,,,,,,,ø,,Monster a Day Compendium 2.0,89,,,,,,,,,,,
Fensir Devourer,Huge,Celestial,,Chaotic Neutral,8,,,,,,,,,,,,,,,,,,,,Bigby Presents: Glory of the Giants,135,,,Cavalry Scout,Medium,Humanoid,Human,Unaligned,1/2,,,,,,,,,,,,,,,,,,ø,,Monster a Day Compendium 2.0,90,,,,,,,,,,,
Fensir Skirmisher,Large,Giant,,Any,6,,x,,,,,,,,,,,,,,,,,,Bigby Presents: Glory of the Giants,135,,,War Mage,Medium,Humanoid,Human,Unaligned,2,,x,,,,,,,,,,,,,,,,ø,,Monster a Day Compendium 2.0,90,,,,,,,,,,,
Feral Ashenwight,Medium,Undead,,Neutral Evil,5,,,,,,,,,,,,,,,,,,,,Phandelver and Below: The Shattered Obelisk,204,,,Archer,Medium,Humanoid,Human,Unaligned,1/4,,,,,,,,,,,,,,,,,,ø,,Monster a Day Compendium 2.0,91,,,,,,,,,,,
Feral Undead Cat,Small,Undead,,Chaotic Evil,1/8,,,,,,,,,,,,,,,,x,,x,,Fifth Edition Foes,44,,,Sergeant,Medium,Humanoid,Human,Unaligned,3,,,,,,,,,,,,,,,,,,ø,,Monster a Day Compendium 2.0,91,,,,,,,,,,,
Fern Lizard,Small,Beast,,Unaligned,1/2,,,,,,,,,,,ø,,,,,,,,,Monster a Day Compendium 2.0,53,,,Wyvern-Rider,Medium,Humanoid,Half-elf,Unaligned,9,,,,,,,,,,,,,,,,,,ø,,Monster a Day Compendium 2.0,92,,,,,,,,,,,
Ferrymach Rilmani,Medium,Celestial,,Neutral,9,,x,,,,,,,,,,,,,,,,,x,Morte's Planar Parade,44,,,Blue Elf,Medium,Humanoid,Elf,Unaligned,5,,x,,,,,,,,,,,,,,,,ø,,Monster a Day Compendium 2.0,93,,,,,,,,,,,
Fetch,Medium,Undead,,Lawful Neutral,1,,,,,,,,x,,,,,x,x,,,,,,Fifth Edition Foes,100,,,Mithril Guard,Medium,Humanoid,Human,Unaligned,7,,,,,,,,,,,,,,,,,,ø,,Monster a Day Compendium 2.0,94,,,,,,,,,,,
Fext,Medium,Undead,,Any,6,,x,,,,,,,,,,,,,,,,,ø,Tome of Beasts,183,,,Alynn,Medium,Humanoid,Half-elf,Unaligned,10,,,x,,x,,,,,,,,,,,,,ø,,Monster a Day Compendium 2.0,95,,,,,,,,,,,
Fey Drake,Small,Dragon,,Chaotic Neutral,6,,x,,,,,,x,x,x,x,x,x,x,x,x,x,x,x,Creature Codex,127,,,Sane,Medium,Humanoid,Half-elf,Unaligned,11,,x,x,,x,,,,,,,,,,,,,ø,,Monster a Day Compendium 2.0,96,,,,,,,,,,,
Fey Lord of the Hunt,Medium,Fey,,Lawful Neutral,18,,x,x,x,x,,,,,,ø,,,,,,,,ø,Tome of Beasts,188,,,Paige Truestrike,Medium,Humanoid,Human,Unaligned,20,,x,x,,x,,,,,,,,,,,,,ø,,Monster a Day Compendium 2.0,97,,,,,,,,,,,
"Fey Lord, Bear King",Medium,Fey,,Lawful Neutral,12,,,x,x,x,,,,,,ø,,,,,,,,ø,Tome of Beasts,186,,,Tai Feng,Medium,Humanoid,Half-orc,Unaligned,18,,,,,x,,,,,,,,,,,,,ø,,Monster a Day Compendium 2.0,98,,,,,,,,,,,
"Fey Lord, Moonlit King",Medium,Fey,,Neutral Good,17,,x,x,x,x,,,,,,ø,,,,ø,,,,ø,Tome of Beasts,190,,,Nix Riversong,Medium,Humanoid,Elf,Unaligned,21,,x,x,,x,,,,,,,,,,,,,ø,,Monster a Day Compendium 2.0,99,,,,,,,,,,,
"Fey Lord, River King",Medium,Fey,,Chaotic Neutral,16,,x,x,x,x,,,,,,ø,,,,,,,,ø,Tome of Beasts,196,,,King Paúl,Medium,Humanoid,Elf,Unaligned,7,,,,,x,,,,,,,,,,,,,ø,,Monster a Day Compendium 2.0,100,,,,,,,,,,,
Fey Queen of Night and Magic,Medium,Fey,,Neutral Evil,21,,x,x,x,x,,,,,,ø,,,,ø,,,,ø,Tome of Beasts,192,,,Queen Asria,Medium,Humanoid,Half-elf,Unaligned,8,,,,,x,,,,,,,,,,,,,ø,,Monster a Day Compendium 2.0,100,,,,,,,,,,,
Fey Queen of Witches,Large,Fey,,Neutral,17,,x,x,x,x,,,,,,ø,,,,ø,,,,ø,Tome of Beasts,194,,,Kobold Bully,Small,Humanoid,Kobold,Lawful Neutral,1/2,,,,,,,,ø,ø,ø,,,ø,ø,ø,ø,,ø,,Monster a Day Compendium 2.0,101,,,,,,,,,,,
Fey Revenant,Large,Fey,,Lawful Evil,7,,,,,,,,,,,,,,,,x,,,,Tome of Beasts 2,150,,,Kobold Bully,Small,Humanoid,Kobold,Lawful Neutral,1,,,,,,,,ø,ø,ø,,,ø,ø,ø,ø,,ø,,Monster a Day Compendium 2.0,101,,,,,,,,,,,
Fey Snow Queen,Medium,Fey,,Neutral Evil,16,,x,x,x,x,,,ø,,,,,,,,,,,ø,Tome of Beasts,198,,,Kobold Hero,Small,Humanoid,Kobold,Lawful Neutral,4,,,,,,,,ø,ø,ø,,,ø,ø,ø,ø,,ø,,Monster a Day Compendium 2.0,102,,,,,,,,,,,
Feyote,Medium,Fey,,Neutral,1/4,,x,,,,,,,,,ø,,,,,,,,,Monster a Day Compendium 2.0,54,,,Kobold Shaman,Small,Humanoid,Kobold,Lawful Neutral,2,,x,,,,,,ø,ø,ø,,,ø,ø,ø,ø,,ø,,Monster a Day Compendium 2.0,103,,,,,,,,,,,
Feyr,Large,Aberration,,Chaotic Evil,5,,,,,,,,,,,,,,,,,,,,Boo's Astral Menagerie,22,,,Kobold Soldier,Small,Humanoid,Kobold,Lawful Neutral,1/4,,,,,,,,ø,ø,ø,,,ø,ø,ø,ø,,ø,,Monster a Day Compendium 2.0,103,,,,,,,,,,,
Feyward Tree,Huge,Construct,,Unaligned,8,,,,,,,,,,,ø,,,,ø,,,,,Tome of Beasts,200,,,"Kokabel, Angel of the Stars",Huge,Celestial,,Chaotic Good,23,,,x,,x,,,,,,,,,,,,,,ø,Monster a Day Compendium 2.0,104,,,,,,,,,,,
Fhenimore (Kraken Priest Variant),Medium,Humanoid,Human,Neutral Evil,5,,x,,,x,,,,,,,,,,,,,,,Locathah Rising,20,,,"Kozilek, the Butcher of Truth",Gargantuan,Aberration,Titan,Chaotic Evil,30,,x,x,,x,,,,,,,,,,,,,,ø,Monster a Day Compendium 2.0,105,,,,,,,,,,,
Fidele Angel,Medium,Celestial,,Lawful Good,5,,x,,,,,,,,,,,,,,,,,ø,Tome of Beasts,21,,,Kraken Hatchling,Huge,Monstrosity,Titan,Chaotic Evil,12,,,x,,,,,,,,,,,,,,ø,,,Monster a Day Compendium 2.0,106,,,,,,,,,,,
Fiendish Auger,Huge,Construct,,Neutral Evil,5,,,,,,,,,,,,,,,,,,,,Phandelver and Below: The Shattered Obelisk,206,,,Krampus,Medium,Fiend,Shapechanger,Chaotic Evil,17,,x,x,x,x,,,ø,,,,,,,,,,,,Monster a Day Compendium 2.0,107,,,,,,,,,,,
Fiendish Flesh Golem,Large,Construct,,Unaligned,8,,,,,,,,,,,,,,,,,,,x,Baldur's Gate: Descent into Avernus,236,,,Latrian Flayer,Medium,Aberration,,Lawful Neutral,7,,,,,,,,,,,,,,,,ø,,,,Monster a Day Compendium 2.0,108,,,,,,,,,,,
Fierstjerren,Medium,Undead,,Neutral Evil,5,,,,,,,,x,x,x,x,x,x,x,x,x,x,x,x,Creature Codex,157,,,Leshen,Large,Plant,,Lawful Neutral,10,,,,,,,,,,,ø,,,,,,,,,Monster a Day Compendium 2.0,109,,,,,,,,,,,
Firbolg Primeval Warden,Medium,Humanoid,Druid,Any,4,,x,,,,,,,,,,,,,,,,,,Bigby Presents: Glory of the Giants,136,,,Leonin,Medium,Humanoid,Leonin,Any,1/4,,,,,,,,,ø,ø,,ø,,,,,,,,Monster a Day Compendium 2.0,110,,,,,,,,,,,
Firbolg Wanderer,Medium,Humanoid,Cleric,Any,5,,x,,,,,,,,,,,,,,,,,,Bigby Presents: Glory of the Giants,137,,,Living Spellbook,Large,Construct,,Unaligned,10,,x,,,,,,,,,,,,,,,,ø,,Monster a Day Compendium 2.0,111,,,,,,,,,,,
Fire Dancer Swarm,Medium,Elemental,Swarm,Neutral Evil,7,,,,,,,,,,,,,,,,,,,ø,Tome of Beasts,373,,,Lizardfolk Monk,Medium,Humanoid,Lizardfolk,Neutral,2,,,,,,,,,,,ø,,,,ø,,,,,Monster a Day Compendium 2.0,112,,,,,,,,,,,
Fire Drake,Small,Dragon,,Chaotic Evil,1,,,,,,,,,,x,,,x,x,,,,,,Fifth Edition Foes,86,,,Luck Dragon,Tiny,Dragon,,Unaligned,1/4,,,,,,v,,,,,ø,,ø,,,,,ø,,Monster a Day Compendium 2.0,113,,,,,,,,,,,
Fire Elemental,Large,Elemental,,Neutral,5,,,,,,,,,,x,,,,,,,,,,Monster Manual,125,"Infernal Machine Rebuild 64, Rise of Tiamat Online Supplement 15",,Lurker,Medium,Monstrosity,,Unaligned,5,,,,,,,,,,,,,,ø,,ø,,,,Monster a Day Compendium 2.0,114,,,,,,,,,,,
Fire Elemental Myrmidon,Medium,Elemental,,Neutral,7,,,,,,,,,,,,,,,,,,,,Mordenkainen Presents: Monsters of the Multiverse,123,,,Magma Bear,Large,Elemental,,Neutral,3,,,,,,,,,,,,,,ø,,ø,,,,Monster a Day Compendium 2.0,115,,,,,,,,,,,
Fire Elemental Myrmidon,Medium,Elemental,,Neutral,7,,,,,,,,,,ø,,,,,,,,,,Mordenkainen's Tome of Foes,203,Princes of the Apocalypse 213,,Masked Killer,Medium,Humanoid,Any Race,Chaotic Evil,5,,,,,,,,,,,ø,ø,ø,ø,ø,,,ø,,Monster a Day Compendium 2.0,116,,,,,,,,,,,
Fire Giant,Huge,Giant,Fire Giant,Lawful Neutral,9,,,,,,,,,,,,,,x,,x,,,,Monster Manual,154,,,Master Ferrius Ironback,Medium,Humanoid,Human,Lawful Neutral,20,,,x,,x,,,,,,,,,,,,,ø,,Monster a Day Compendium 2.0,117,,,,,,,,,,,
Fire Giant Dreadnought,Huge,Giant,,Lawful Evil,14,,,,,,,,,,,,,,x,,x,,,,Mordenkainen Presents: Monsters of the Multiverse,124,,,Michael McHowlett,Medium,Humanoid,"Maraish, shapechanger",Unaligned,4,,,,,x,,,,,,ø,ø,ø,,ø,,,,,Monster a Day Compendium 2.0,118,,,,,,,,,,,
Fire Giant Dreadnought,Huge,Giant,Fire Giant,Lawful Neutral,14,,,,,,,,,,,,,,x,,x,,,,Volo's Guide to Monsters,147,,,Mi-Go Spawnling,Small,Aberration,Mi-Go,Lawful Neutral,2,,,,,,,,,,,,,,,,,,ø,ø,Monster a Day Compendium 2.0,119,,,,,,,,,,,
Fire Giant Forgecaller,Huge,Giant,Cleric,Any,18,,,x,,,,,,,,,,,,,,,,,Bigby Presents: Glory of the Giants,138,,,Mi-Go Worker,Medium,Aberration,Mi-Go,Lawful Neutral,5,,,,,,,,,,,,,,,,,,ø,ø,Monster a Day Compendium 2.0,119,,,,,,,,,,,
Fire Giant of Evil Fire,Huge,Giant,,Lawful Evil,10,,,,,,,,,,,,,,,,,,,,Bigby Presents: Glory of the Giants,139,,,Mi-Go Scientist,Medium,Aberration,Mi-Go,Lawful Neutral,6,,,,,,,,,,,,,,,,,,ø,ø,Monster a Day Compendium 2.0,120,,,,,,,,,,,
Fire Hellion,Huge,Fiend,Devil,Lawful Evil,11,,,,,,,,,,,,,,,,,,,,Bigby Presents: Glory of the Giants,140,,,Mi-Go Soldier,Medium,Aberration,Mi-Go,Lawful Neutral,9,,,,,,,,,,,,,,,,,,ø,ø,Monster a Day Compendium 2.0,120,,,,,,,,,,,
Fire Imp,Tiny,Fiend,Devil,Lawful Evil,1/2,,,,,,,,,,,,,,,,,,,x,Creature Codex,103,,,Mi-Go Lord,Large,Aberration,Mi-Go,Lawful Neutral,14,,,,,,,,,,,,,,,,,,ø,ø,Monster a Day Compendium 2.0,121,,,,,,,,,,,
Fire Snake,Medium,Elemental,,Neutral Evil,1,,,,,,,,,,,,,,,,x,,,,Monster Manual,265,,,Mirrorman,Medium,Aberration,,Chaotic Neutral,6,,x,,,,,,,,ø,,,,,,,,,,Monster a Day Compendium 2.0,122,,,,,,,,,,,
Fire Vampire,Large,Ooze,,Chaotic Evil,7,,,,,,,,,,,,,,,,,,,x,Sandy Petersen's Cthulhu Mythos,316,,,Five Spire Initiate,Medium,Humanoid,,Any Lawful,3,,,,,,,,,,ø,,,,,,,,ø,,Monster a Day Compendium 2.0,123,,,,,,,,,,,
Fire-Infused Water Elemental,Huge,Elemental,,Neutral,7,,,,,,,,x,x,x,x,x,x,x,x,x,x,x,x,Tome of Beasts 2,132,,,Master of the Five Spires,Medium,Humanoid,,Any Lawful,8,,,,,,,,,,ø,,,,,,,,ø,,Monster a Day Compendium 2.0,123,,,,,,,,,,,
Firebird,Small,Celestial,,Neutral Good,4,,x,,,,,,,,,,,,,,,,,ø,Tome of Beasts,201,,,"Behemoth, Terror of the Earth",Gargantuan,Beast,,Neutral,30,,,x,,x,,,,,,,,,,,,,,ø,Monster a Day Compendium 2.0,124,,,,,,,,,,,
Firefist,Medium,Humanoid,Any Race,Lawful Good,7,,x,,,,,,,,,,,,,,,,ø,,Guildmaster's Guide to Ravnica,231,,,"Leviathan, Maw of the Seas",Gargantuan,Beast,,Neutral,30,,,x,,x,,,,,,,,,,,,,,ø,Monster a Day Compendium 2.0,125,,,,,,,,,,,
Firegaunt,Huge,Undead,,Lawful Evil,11,,,,,,,,,,,,,,,,,,,,Bigby Presents: Glory of the Giants,137,,,"Zyz, Scourge of the Skies",Gargantuan,Beast,,Neutral,30,,,x,,x,,,,,,,,,,,,,,ø,Monster a Day Compendium 2.0,126,,,,,,,,,,,
Firegeist,Small,Elemental,,Neutral Evil,2,,,,,,,,,,ø,,,,,,,,,ø,Tome of Beasts,202,,,Conquest,Medium,Fiend,,Neutral Evil,20,,,x,,x,,,,,,,,,,,,,,ø,Monster a Day Compendium 2.0,127,,,,,,,,,,,
Firemane Angel,Medium,Celestial,Angel,Chaotic Good,12,,x,,,,,,,,,,,,,,,,ø,ø,Guildmaster's Guide to Ravnica,190,,,Glory,Large,Fiend,,Neutral Evil,15,,,,,x,,,,,,,,,,,,,,ø,Monster a Day Compendium 2.0,127,,,,,,,,,,,
Firenewt Giant Strider,Large,Monstrosity,Firenewt,Neutral Evil,1,,,,,,,,,,x,,,x,x,,x,,,,Volo's Guide to Monsters,143,,,Famine,Medium,Fiend,,Neutral Evil,20,,x,x,,x,,,,,,,,,,,,,,ø,Monster a Day Compendium 2.0,128,,,,,,,,,,,
Firenewt Warlock of Imix,Medium,Elemental,,Neutral Evil,1,,x,,,,,,,,,,,x,x,,x,,,,Mordenkainen Presents: Monsters of the Multiverse,125,,,Fear,Large,Fiend,,Neutral Evil,15,,,,,x,,,,,,,,,,,,,,ø,Monster a Day Compendium 2.0,128,,,,,,,,,,,
Firenewt Warlock of Imix,Medium,Humanoid,Firenewt,Neutral Evil,1,,x,,,,,,,,x,,,x,x,,x,,,,Volo's Guide to Monsters,143,Tomb of Annihilation 219,,Ruin,Large,Fiend,,Neutral Evil,15,,,,,x,,,,,,,,,,,,,,ø,Monster a Day Compendium 2.0,129,,,,,,,,,,,
Firenewt Warrior,Medium,Elemental,,Neutral,1/2,,,,,,,,,,x,,,x,x,,x,,,,Mordenkainen Presents: Monsters of the Multiverse,125,,,War,Medium,Fiend,,Neutral Evil,20,,,,,x,,,,,,,,,,,,,,ø,Monster a Day Compendium 2.0,129,,,,,,,,,,,
Firenewt Warrior,Medium,Humanoid,Firenewt,Neutral Evil,1/2,,,,,,,,,,x,,,x,x,,x,,,,Volo's Guide to Monsters,142,Tomb of Annihilation 219,,Death,Medium,Fiend,,Neutral Evil,20,,,x,,x,,,,,,,,,,,,,,ø,Monster a Day Compendium 2.0,130,,,,,,,,,,,
First-Year Student,Medium,Humanoid,Wizard,Any,1/2,,x,,,,,,,,,,,,,,,,ø,,Strixhaven: A Cirriculum of Chaos,191,,,Despair,Large,Fiend,,Neutral Evil,15,,,,,x,,,,,,,,,,,,,,ø,Monster a Day Compendium 2.0,130,,,,,,,,,,,
First-Year Student,Small,Humanoid,Wizard,Any,1/2,,x,,,,,,,,,,,,,,,,ø,,Strixhaven: A Cirriculum of Chaos,191,,,Morphlit,Small,Aberration,,Chaotic Evil,2,,,,,,,,ø,ø,ø,ø,ø,ø,ø,ø,ø,ø,,,Monster a Day Compendium 2.0,131,,,,,,,,,,,
Fist of Bane,Medium,Humanoid,Human,Lawful Evil,1/2,,,,,,,,,,,,,,,,,,x,ø,Baldur's Gate: Descent into Avernus,232,,,Morvudd,Large,Fiend,Demon,Unaligned,7,,,,,,,,,,,,,,,,,,,ø,Monster a Day Compendium 2.0,132,,,,,,,,,,,
Five Spire Initiate,Medium,Humanoid,,Any Lawful,3,,,,,,,,,,ø,,,,,,,,ø,,Monster a Day Compendium 2.0,123,,,Mother Hydra,Huge,Monstrosity,Deep One,Chaotic Evil,24,,,x,,x,,,,,,,,,,,,ø,,ø,Monster a Day Compendium 2.0,133,,,,,,,,,,,
Flab Giant,Large,Giant,,Chaotic Evil,4,,,,,,,,,,,ø,ø,ø,ø,ø,,,,,Tome of Beasts,223,,,Mummy Warrior,Medium,Undead,,Lawful Neutral,6,,,,,,,,,,ø,,,,,,,,ø,,Monster a Day Compendium 2.0,134,,,,,,,,,,,
Flabbergast,Medium,Humanoid,Human,Lawful Neutral,4,,x,,,x,,,,,,,,,,,,,ø,,Acquisitions Incorporated,200,,,Myr,Small,Construct,Myr,Neutral,1/4,,,,,,,,,,,,,,,,,,ø,,Monster a Day Compendium 2.0,135,,,,,,,,,,,
Flagstone Golem,Large,Construct,,Unaligned,7,,,,,,,,x,x,x,x,x,x,x,x,x,,x,,Fifth Edition Foes,126,,,Myr Battlesphere,Huge,Construct,Myr,Neutral,5,,,,,,,,,,,,,,ø,,,,ø,,Monster a Day Compendium 2.0,136,,,,,,,,,,,
Flail Snail,Large,Monstrosity,Elemental,Unaligned,3,,,,,,,,,,,x,,,,x,x,,x,,Fifth Edition Foes,103,,,Night-Gaunt,Medium,Aberration,Deamlander,Chaotic Evil,9,,,,,,,,,,,,,,,,,,,ø,Monster a Day Compendium 2.0,137,,,,,,,,,,,
Flail Snail,Large,Elemental,,Unaligned,3,,,,,,,,,,,x,,,,x,x,,,,Mordenkainen Presents: Monsters of the Multiverse,126,,,Half-orc Barbarian,Medium,Humanoid,Half-orc,Chaotic Neutral,3,,,,,,,,ø,,,ø,ø,ø,ø,ø,ø,,,,Monster a Day Compendium 2.0,138,,,,,,,,,,,
Flail Snail,Large,Elemental,,Unaligned,3,,,,,,,,,,,x,,,,x,x,,,,Volo's Guide to Monsters,144,Tomb of Annihilation 220,,Orc Berserker,Medium,Humanoid,Orc,Chaotic Evil,1,,,,,,,,ø,,,ø,ø,ø,ø,ø,ø,,,,Monster a Day Compendium 2.0,139,,,,,,,,,,,
Flame Dragon Wyrmling,Medium,Dragon,,Chaotic Evil,3,,,,,,,,,,,ø,,,ø,ø,,,,,Tome of Beasts,131,,,Orc Berserker,Medium,Humanoid,Orc,Chaotic Evil,1,,,,,,,,ø,,,ø,ø,ø,ø,ø,ø,,,,Monster a Day Compendium 2.0,140,,,,,,,,,,,
Flame Eater Swarm,Medium,Beast,Swarm,Unaligned,2,,,,,,,,,,,,,,,,x,,,,Creature Codex,158,,,Orc Brute,Medium,Humanoid,Orc,Chaotic Evil,1,,,,,,,,ø,,,ø,ø,ø,ø,ø,ø,,,,Monster a Day Compendium 2.0,140,,,,,,,,,,,
Flame-Scourged Scion,Huge,Aberration,,Chaotic Evil,9,,,,,,,,,,,x,,x,,,,,,,Creature Codex,159,,,"Ogre ""Big Boss""",Large,Giant,Ogre,Chaotic Evil,5,,,,,,,,ø,,,ø,ø,ø,ø,ø,ø,,,,Monster a Day Compendium 2.0,141,,,,,,,,,,,
Flameskull,Tiny,Undead,,Neutral Evil,4,,x,,,,,,,,,,,,,,x,,,,Monster Manual,134,"Lost Mines of Phandelver 57, The Lost Dungeon of Rickedness: Big Rick Energy 37",,Orc Cutthroat,Medium,Humanoid,Orc,Neutral Evil,3,,,,,,,,ø,,,ø,ø,ø,ø,ø,ø,,,,Monster a Day Compendium 2.0,141,,,,,,,,,,,
Flamewrath,Medium,Humanoid,Human,Chaotic Evil,6,,x,,,,,,,,,,,,,,,,,,Princes of the Apocalypse,201,,,Orc Peon,Medium,Humanoid,Orc,Chaotic Evil,1/2,,,,,,,,ø,,,ø,ø,ø,ø,ø,ø,,,,Monster a Day Compendium 2.0,142,,,,,,,,,,,
Flaming Skeleton,Medium,Undead,,Not Provided,1/2,,,,,,,,,,,,,,,,,,,,Tal'Dorei Campaign Setting Reborn,256,,,Orc Thug,Medium,Humanoid,Orc,Chaotic Evil,1,,,,,,,,ø,,,ø,ø,ø,ø,ø,ø,,,,Monster a Day Compendium 2.0,142,,,,,,,,,,,
Flayed Wraith,Medium,Undead,,Neutral Evil,5,,,,,,,,x,x,x,x,x,x,x,x,x,x,x,,Tome of Beasts 2,151,,,Troll Runt,Medium,Giant,Troll,Neutral Evil,4,,,,,,,,ø,,,ø,ø,ø,ø,ø,ø,,,,Monster a Day Compendium 2.0,143,,,,,,,,,,,
Fleecemane Lion,Large,Monstrosity,,Unaligned,3,,,x,,,,,,,,,,,,,,,,,Mythic Odysseys of Theros,223,,,War Pig,Huge,Beast,,Unaligned,4,,,,,,,,ø,,,ø,ø,ø,ø,ø,ø,,,,Monster a Day Compendium 2.0,143,,,,,,,,,,,
Flesh Colossus,Gargantuan,Construct,,Unaligned,20,,,,,,,,,,,,,,,,,,,,Bigby Presents: Glory of the Giants,141,,,Orc Demonologist,Medium,Humanoid,Orc,Chaotic Evil,4,,,,,,,,ø,,,ø,ø,ø,ø,ø,ø,,,,Monster a Day Compendium 2.0,144,,,,,,,,,,,
Flesh Golem,Medium,Construct,,Neutral,5,,,,,,,,,ø,,ø,ø,ø,,ø,ø,,ø,ø,Monster Manual,169,,,Orc Fire Eater,Medium,Humanoid,Orc,Chaotic Evil,2,,x,,,,,,ø,,,ø,ø,ø,ø,ø,ø,,,,Monster a Day Compendium 2.0,145,,,,,,,,,,,
Flesh Meld,Huge,Aberration,,Chaotic Evil,7,,,,,,,,,,,,,,,,,,,,Phandelver and Below: The Shattered Obelisk,207,,,Orc Mystic,Medium,Humanoid,Orc,Chaotic Evil,1/2,,x,,,,,,ø,,,ø,ø,ø,ø,ø,ø,,,,Monster a Day Compendium 2.0,145,,,,,,,,,,,
Flesh Reaver,Medium,Undead,,Neutral Evil,1/2,,,,,,,,x,x,x,x,x,x,x,x,x,x,x,x,Creature Codex,160,,,Orc Hand of Gruumsh,Medium,Humanoid,Orc,Chaotic Evil,3,,x,,,,,,ø,,,ø,ø,ø,ø,ø,ø,,,,Monster a Day Compendium 2.0,146,,,,,,,,,,,
Fleshdreg,Huge,Plant,,Neutral Good,5,,,,,,,,,,,,,,,x,,,,,Tome of Beasts 2,152,,,Orc Necromancer,Medium,Humanoid,Orc,Chaotic Evil,4,,x,,,,,,ø,,,ø,ø,ø,ø,ø,ø,,,,Monster a Day Compendium 2.0,147,,,,,,,,,,,
Fleshfiend,Large,Fiend,,Lawful Evil,9,,,,,,,,,,,,,,,,,,,x,Dark Arts Player's Companion,40,,,Orc Warlock,Medium,Humanoid,Orc,Chaotic Evil,1/2,,x,,,,,,ø,,,ø,ø,ø,ø,ø,ø,,,,Monster a Day Compendium 2.0,147,,,,,,,,,,,
Fleshling,Medium,Humanoid,fleshling,Chaotic Evil,1/2,,,,,,,,,,x,,,ø,,,,,,,Dark Arts Player's Companion,41,,,Ogrillon Warmage,Large,Giant,"Ogre, Orc",Chaotic Evil,5,,x,,,,,,ø,,,ø,ø,ø,ø,ø,ø,,,,Monster a Day Compendium 2.0,148,,,,,,,,,,,
Fleshling Bloodletter,Medium,Humanoid,fleshling,Chaotic Evil,2,,x,,,,,,,,x,,,ø,,,,,,,Dark Arts Player's Companion,41,,,Orc Acolyte,Medium,Humanoid,Orc,Chaotic Evil,1,,x,,,,,,ø,,,ø,ø,ø,ø,ø,ø,,,,Monster a Day Compendium 2.0,149,,,,,,,,,,,
Fleshpod Hornet,Large,Beast,,Unaligned,6,,,,,,,,,,,x,,,,,,,,,Creature Codex,161,,,Orc Occultist,Medium,Humanoid,Orc,Chaotic Evil,2,,x,,,,,,ø,,,ø,ø,ø,ø,ø,ø,,,,Monster a Day Compendium 2.0,150,,,,,,,,,,,
Fleshspurned,Medium,Undead,,Chaotic Evil,4,,,,,,,,x,x,x,x,x,x,x,x,x,x,x,,Tome of Beasts 2,153,,,Orc Shaman,Medium,Humanoid,Orc,Chaotic Evil,1/2,,x,,,,,,ø,,,ø,ø,ø,ø,ø,ø,,,,Monster a Day Compendium 2.0,150,,,,,,,,,,,
Fleshwurm,Large,Monstrosity,fleshling,Chaotic Evil,6,,x,,,,,,,,x,,,ø,,,,,,,Dark Arts Player's Companion,42,,,Half-Orc Warpriest,Medium,Humanoid,Half-orc,Chaotic Neutral,3,,x,,,,,,ø,,,ø,ø,ø,ø,ø,ø,,,,Monster a Day Compendium 2.0,151,,,,,,,,,,,
Flimp Shagglecran,Small,Humanoid,Gnome,Lawful Neutral,9,,x,,,x,,,,,,,,,,,,,x,,Minsc and Boo's Journal of Villainy,32,,,Orc Blackguard,Medium,Humanoid,Orc,Chaotic Evil,5,,x,,,,,,ø,,,ø,ø,ø,ø,ø,ø,,,,Monster a Day Compendium 2.0,152,,,,,,,,,,,
Flind,Medium,Fiend,gnoll,Chaotic Evil,9,,,,,,,,,x,,x,x,x,,,,,,,Mordenkainen Presents: Monsters of the Multiverse,127,,,Orc Champion,Medium,Humanoid,Orc,Chaotic Evil,4,,,,,,,,ø,,,ø,ø,ø,ø,ø,ø,,,,Monster a Day Compendium 2.0,153,,,,,,,,,,,
Flind,Medium,Humanoid,Gnoll,Chaotic Evil,9,,,,,,,,x,,,x,x,x,,,,,,,Volo's Guide to Monsters,153,,,Orc Hunter,Medium,Humanoid,Orc,Chaotic Evil,2,,,,,,,,ø,,,ø,ø,ø,ø,ø,ø,,,,Monster a Day Compendium 2.0,153,,,,,,,,,,,
Flithidir,Small,Fey,Shapechanger,Chaotic Neutral,1,,x,,,,,,,,,x,,,,,,,x,,Tome of Beasts 2,154,,,Orc Marauder,Medium,Humanoid,Orc,Chaotic Evil,1,,,,,,,,ø,,,ø,ø,ø,ø,ø,ø,,,,Monster a Day Compendium 2.0,154,,,,,,,,,,,
Flitterstep Eidolon,Medium,Undead,,Any,3,,,,,,,,ø,ø,ø,ø,ø,ø,ø,ø,ø,,,,Mythic Odysseys of Theros,222,,,Orc Raid Chief,Medium,Humanoid,Orc,Chaotic Evil,3,,,,,,,,ø,,,ø,ø,ø,ø,ø,ø,,,,Monster a Day Compendium 2.0,154,,,,,,,,,,,
Flowershroud,Large,Plant,,Unaligned,1,,,,,,,,,,,x,x,x,,x,,,,,Fifth Edition Foes,104,,,Orc Ranger,Medium,Humanoid,Orc,Chaotic Evil,5,,,,,,,,ø,,,ø,ø,ø,ø,ø,ø,,,,Monster a Day Compendium 2.0,155,,,,,,,,,,,
Flumph,Small,Aberration,,Lawful Good,1/8,,,,,,,,,,,,,,,,x,,,,Monster Manual,135,,,Raider's Worg,Large,Beast,,Unaligned,2,,,,,,,,ø,,,ø,ø,ø,ø,ø,ø,,,,Monster a Day Compendium 2.0,155,,,,,,,,,,,
Flutterflesh,Large,Undead,,Chaotic Evil,12,,,,,,,,,,,,,,,,,,ø,,Tome of Beasts,203,,,Savage Orc,Medium,Humanoid,Orc,Chaotic Evil,1,,,,,,,,ø,,,ø,ø,ø,ø,ø,ø,,,,Monster a Day Compendium 2.0,156,,,,,,,,,,,
Flux Blastseeker,Medium,Humanoid,Any Race,Chaotic Neutral,5,,x,,,,,,,,,,,,,,,,ø,,Guildmaster's Guide to Ravnica,242,,,Ogrillon Sellsword,Medium,Humanoid,Orc,Chaotic Evil,3,,,,,,,,ø,,,ø,ø,ø,ø,ø,ø,,,,Monster a Day Compendium 2.0,157,,,,,,,,,,,
Fluxcharger,Large,Elemental,Weird,Chaotic Neutral,7,,,,,,,,,,,,,,,,,,ø,ø,Guildmaster's Guide to Ravnica,208,,,Orc Scout,Medium,Humanoid,Orc,Chaotic Evil,1/2,,,,,,,,ø,,,ø,ø,ø,ø,ø,ø,,,,Monster a Day Compendium 2.0,157,,,,,,,,,,,
Flying Ape,Large,Monstrosity,,Chaotic Neutral,2,,,,,,,,,,,x,x,x,,,,,,,Fifth Edition Foes,12,,,Half-Black Dragon Warlord,Medium,Humanoid,"Orc, Dragon",Chaotic Evil,5,,,,,,,,ø,,,ø,ø,ø,ø,ø,ø,,,,Monster a Day Compendium 2.0,158,,,,,,,,,,,
Flying Horror,Medium,Aberration,,Neutral Evil,3,,,,,,,,,,,,,,,,ø,,ø,,Guildmaster's Guide to Ravnica,203,,,Orc Warrior,Medium,Humanoid,Orc,Chaotic Evil,2,,,,,,,,ø,,,ø,ø,ø,ø,ø,ø,,,,Monster a Day Compendium 2.0,158,,,,,,,,,,,
Flying Monkey,Small,Beast,,Unaligned,0,,,,,,o,,,,,ø,,,,,,,,,Tomb of Annihilation,220,,,Owlbear Matron,Large,Monstrosity,,Unaligned,5,,,,,,,,,,,ø,,,,,,,,,Monster a Day Compendium 2.0,159,,,,,,,,,,,
Flying Polyp,Huge,Aberration,,Chaotic Evil,11,,x,,,,,,,,,,,,,,,,,x,Creature Codex,162,,,Pact Devil,Large,Fiend,Devil,Lawful Neutral,9,,,,,,,,,,,,,,,,,,ø,ø,Monster a Day Compendium 2.0,160,,,,,,,,,,,
Flying Polyp Body,Huge,Aberration,,Chaotic Evil,10,,x,,,,,,,,,,,,,,x,,,,Sandy Petersen's Cthulhu Mythos,318,,,Phelddagrif,Huge,Celestial,,Neutral Good,5,,,,,,,,,ø,,ø,ø,,,,,,,,Monster a Day Compendium 2.0,161,,,,,,,,,,,
Flying Rocking Horse,Medium,Construct,,Unaligned,1/8,,,,,,,,,,,,,,,,,,,,The Wild Beyond The Witchlight,121,,,Adult Phoenix,Large,Monstrosity,,Lawful Good,10,,x,,,,,,,,ø,,,,ø,,,,,,Monster a Day Compendium 2.0,162,,,,,,,,,,,
Flying Snake,Tiny,Beast,,Unaligned,1/8,,,,,,,,,,x,x,x,,,,,,x,,Monster Manual,322,,,Young Phoenix,Medium,Monstrosity,,Lawful Good,4,,x,,,,,,,,ø,,,,ø,,,,,,Monster a Day Compendium 2.0,162,,,,,,,,,,,
Flying Sword,Small,Construct,,Unaligned,1/4,,,,,,,,ø,ø,ø,ø,ø,ø,ø,ø,ø,ø,ø,,Monster Manual,20,,,Pirate Axe Thrower,Medium,Humanoid,,Any Non-Lawful,2,,,,,,,,,ø,,,,,,,,,ø,,Monster a Day Compendium 2.0,163,,,,,,,,,,,
Fog Giant,Huge,Giant,,Neutral Evil,11,,x,,,,,,,,,ø,ø,ø,ø,,,,ø,,Mordenkainen's Fiendish Folio vol. 1,10,,,Pirate Chain Swinger,Medium,Humanoid,,Any Non-Lawful,3,,,,,,,,,ø,,,,,,,,,ø,,Monster a Day Compendium 2.0,163,,,,,,,,,,,
Folk of Leng,Medium,Humanoid,,Neutral Evil,2,,x,,,,,,,,ø,ø,ø,ø,,,,,,,Tome of Beasts,204,,,Priest of Blight,Medium,Humanoid,,Chaotic Evil,8,,x,,,,,,,,,,,,,,ø,,,,Monster a Day Compendium 2.0,164,,,,,,,,,,,
Fomorian,Huge,Giant,,Chaotic Evil,8,,,,,,,,,,,,,,,,x,,,,Monster Manual,136,,,Primeval Titan,Huge,Monstrosity,,Neutral,10,,,,,,,,,,,ø,,,,,,,,,Monster a Day Compendium 2.0,165,,,,,,,,,,,
Fomorian Deep Crawler,Huge,Giant,,Any,10,,,,,,,,,,,,,,,,,,,,Bigby Presents: Glory of the Giants,142,,,Pumpkin King,Huge,Plant,,Unaligned,13,,,x,,,,,,,,,,,,ø,ø,,,,Monster a Day Compendium 2.0,166,,,,,,,,,,,
Fomorian Noble,Huge,Giant,Wizard,Chaotic Evil,15,,x,,,,,,,,,,,,,,,,,,Bigby Presents: Glory of the Giants,143,,,Pustuloid,Small,Fiend,Demon,Chaotic Evil,1,,,,,,,,,,,,,,,,ø,,,ø,Monster a Day Compendium 2.0,167,,,,,,,,,,,
Fomorian Warlock of the Dark,Huge,Giant,,Any,12,,x,x,,,,,,,,,,,,,,,,,Bigby Presents: Glory of the Giants,144,,,Qithukye,Medium,Aberration,,Neutral,2,,,,,,,,,,,,,,,,,,,ø,Monster a Day Compendium 2.0,168,,,,,,,,,,,
Foo Dog,Medium,Monstrosity,,Chaotic Good,2,,,,,,,,,,,,,,,,,,,x,Fifth Edition Foes,105,,,Rat Hermit,Medium,Humanoid,,Any Non-Good,3,,,,,,,,,,,,,,,,,,ø,,Monster a Day Compendium 2.0,169,,,,,,,,,,,
Forest Drake,Small,Dragon,,Neutral,2,,,,,,,,,,,x,,,,,,,,,Creature Codex,128,,,Rathar,Large,Monstrosity,,Unaligned,8,,,,,,,,,,,,,,,,ø,,,,Monster a Day Compendium 2.0,170,,,,,,,,,,,
Forest Emperor,Huge,Aberration,,Neutral Evil,15,,,,,,,,,,,x,,,x,,,,,,Tome of Beasts 2,155,,,Roach,Medium,Monstrosity,,Unaligned,4,,,,,,,,,,,,,,ø,,ø,,,,Monster a Day Compendium 2.0,171,,,,,,,,,,,
Forest Falcon,Medium,Beast,,Unaligned,1/4,,,,,,,,,,,x,,,,,,,,,Tome of Beasts 2,390,,,Rusalka,Medium,Fey,,Neutral Evil,4,,,,,,,,,ø,,ø,ø,,,,,,,,Monster a Day Compendium 2.0,172,,,,,,,,,,,
Forest Hunter Shadow Fey Elves,Medium,Humanoid,Elf,Lawful Neutral,5,,x,,,,,,,,,,,,,,ø,,,ø,Tome of Beasts,173,,,Scopikis,Large,Monstrosity,,Chaotic Evil,6,,,,,,,,,,ø,,,,,,,,,,Monster a Day Compendium 2.0,173,,,,,,,,,,,
Forest Marauder,Large,Giant,,Chaotic Evil,4,,,,,,,,,,,ø,ø,ø,ø,,,,,,Tome of Beasts,205,,,Screecher,Large,Monstrosity,,Neutral,2,,,,,,,,,,ø,,,,,,,,,,Monster a Day Compendium 2.0,174,,,,,,,,,,,
Forester's Bane,Large,Plant,,Unaligned,5,,,,,,,,,,,x,x,,,,,,,,Fifth Edition Foes,106,,,Scourge,Small,Monstrosity,,Unaligned,3,,,,,,,,,,,,,,,ø,ø,,,,Monster a Day Compendium 2.0,175,,,,,,,,,,,
Forge Guardian,Gargantuan,Construct,,Not Provided,27,,,x,,,,,,,,,,,,,ø,,ø,,Tal'Dorei Campaign Setting Reborn,241,,,Selachian,Large,Humanoid,Selechian,Any Chaotic,8,,,,,,,,ø,ø,,,,,,,,ø,ø,,Monster a Day Compendium 2.0,176,,,,,,,,,,,
Forlarren,Medium,Fey,,Chaotic Neutral,3,,x,,,,,,,,,,,,,,,,,x,Mordenkainen's Fiendish Folio vol. 1,9,,,Shippei-Tao,Large,Giant,,Chaotic Neutral,2,,,,,,,,,ø,ø,ø,ø,ø,ø,ø,,,,,Monster a Day Compendium 2.0,177,,,,,,,,,,,
Formless Spawn,Large,Ooze,,Chaotic Evil,6,,,,,,,,,,,,,,,,x,,,,Sandy Petersen's Cthulhu Mythos,321,,,Shoggoth,Huge,Aberration,,Unaligned,16,,,x,,,,,,,,,,,,,,,,ø,Monster a Day Compendium 2.0,178,,,,,,,,,,,
Four-Armed Gargoyle,Medium,Monstrosity,,Chaotic Evil,4,,,,,,,,x,x,x,x,x,x,x,x,x,,x,,Fifth Edition Foes,113,,,Sire of Stagnation,Gargantuan,Aberration,Eldrazi,Chaotic Evil,17,,,,,,,,,,,,,,,,,,,ø,Monster a Day Compendium 2.0,179,,,,,,,,,,,
Fox,Tiny,Beast,,Unaligned,0,,,,,,,,ø,,ø,ø,ø,ø,,,,,,,Icewind Dale: Rime of the Frostmaiden,288,,,Darkwraith,Medium,Aberration,,Lawful Neutral,8,,,,,,,,,,,,,,,,,,ø,ø,Monster a Day Compendium 2.0,180,,,,,,,,,,,
Foxfire Ooze,Large,Ooze,,Unaligned,10,,,,,,,,,,,x,x,,,x,,,,,Creature Codex,283,,,Silver Knight,Medium,Humanoid,,Lawful Neutral,6,,,,,,,,,,,,,,,,,,ø,,Monster a Day Compendium 2.0,180,,,,,,,,,,,
Foxin,Small,Fey,,Neutral,1/2,,,,,,,,,,,x,x,,,,,,x,,Creature Codex,163,,,"Sir Redar, Knight of the Secret Oath",Medium,Undead,,Lawful Neutral,6,,x,,,x,,,,,,,,,,,,,ø,,Monster a Day Compendium 2.0,181,,,,,,,,,,,
Foxwere,Small,Monstrosity,Shapechanger,Lawful Neutral,1/2,,,,,,,,x,,,x,,x,,,x,,,,Fifth Edition Foes,227,,,Skeletal Titan,Gargantuan,Undead,,Lawful Neutral,15,,,,,,,,,,ø,,,,,,,,,,Monster a Day Compendium 2.0,182,,,,,,,,,,,
Fractal Golem,Large,Construct,,Unaligned,8,,,,,,,,x,x,x,x,x,x,x,x,x,x,x,x,Creature Codex,198,,,Sliver,Medium,Monstrosity,Sliver,Neutral Evil,1/2,,,,,,,,,ø,,ø,ø,ø,ø,ø,ø,,,,Monster a Day Compendium 2.0,182,,,,,,,,,,,
Fractal Mascot,Small,Construct,,Neutral,1/4,,,,,,,,,,,,,,,,,,,,Strixhaven: A Cirriculum of Chaos,192,,,Might Sliver,Large,Monstrosity,Sliver,Unaligned,2,,,,,,,,,ø,,ø,ø,ø,ø,ø,ø,,,,Monster a Day Compendium 2.0,183,,,,,,,,,,,
Fragment of Krokulmar,Tiny,Aberration,,Chaotic Evil,0,,,,,x,,,,,,,,,,,,,,,Keys from the Golden Vault,53,,,Silverpaw Dog,Medium,Fey,,Unaligned,1,,,,,,,,,ø,,ø,ø,ø,,,,,ø,,Monster a Day Compendium 2.0,183,,,,,,,,,,,
Fragrant one,Small,Fey,,Chaotic Neutral,3,,,,,,,,,,,x,x,,,,,,,,Tome of Beasts 2,156,,,Silverpaw Paladin,Small,Humanoid,Halfling,Lawful Good,4,,x,,,,,,,ø,,ø,ø,ø,,,,,ø,,Monster a Day Compendium 2.0,183,,,,,,,,,,,
Fragrite,Medium,Elemental,Shapechanger,Chaotic Neutral,6,,,,,,,,,,x,,,x,,,,,,,Creature Codex,164,,,Armor Sliver,Large,Monstrosity,Sliver,Neutral Evil,3,,,,,,,,,ø,,ø,ø,ø,ø,ø,ø,,,,Monster a Day Compendium 2.0,185,,,,,,,,,,,
Fraternity of Order Law Bender,Small or Medium,Humanoid,,Any,9,,x,,,,,,,,,,,,,,,,,x,Morte's Planar Parade,57,,,Brood Sliver,Large,Monstrosity,Sliver,Neutral Evil,3,,,,,,,,,ø,,ø,ø,ø,ø,ø,ø,,,,Monster a Day Compendium 2.0,186,,,,,,,,,,,
Fraughashar,Small,Fey,,Neutral Evil,1/2,,,,,,,,ø,,,,,,ø,,,,,,Tome of Beasts,206,,,Poultice Sliver,Large,Monstrosity,Sliver,Neutral Evil,3,,,,,,,,,ø,,ø,ø,ø,ø,ø,ø,,,,Monster a Day Compendium 2.0,186,,,,,,,,,,,
Fraz-Urb'luu,Large,Fiend,demon,Chaotic Evil,23,,x,x,x,x,,,,,,,,,,,,,,ø,Mordenkainen Presents: Monsters of the Multiverse,129,,,Crystalline Sliver,Large,Monstrosity,Sliver,Unaligned,4,,,,,,,,,ø,,ø,ø,ø,ø,ø,ø,,,,Monster a Day Compendium 2.0,187,,,,,,,,,,,
Fraz-Urb'luu,Large,Fiend,"Demon, Demon Lord",Chaotic Evil,23,,x,x,x,x,,,,,,,,,,,,,,ø,Mordenkainen's Tome of Foes,146,Out of the Abyss 238,,Spitting Sliver,Large,Monstrosity,Sliver,Neutral Evil,2,,,,,,,,,ø,,ø,ø,ø,ø,ø,ø,,,,Monster a Day Compendium 2.0,187,,,,,,,,,,,
Frilled Deathspitter,Small,Beast,,Unaligned,1/2,,,,,,,,,ø,,ø,,,,,,,,,Planeshift: Ixalan,30,,,Sliver Queen,Huge,Monstrosity,Sliver,Neutral Evil,13,,,x,,,,,,ø,,ø,ø,ø,ø,ø,ø,,,,Monster a Day Compendium 2.0,188,,,,,,,,,,,
Frog,Tiny,Beast,,Unaligned,0,,,,,,x,,,ø,,ø,,,,ø,ø,ø,,,Monster Manual,322,Player's Handbook 305,,Virulent Sliver,Large,Monstrosity,Sliver,Neutral Evil,3,,,,,,,,,ø,,ø,ø,ø,ø,ø,ø,,,,Monster a Day Compendium 2.0,189,,,,,,,,,,,
Froghemoth,Huge,Aberration,Monstrosity,Unaligned,11,,,,,,,,,,,,,,,x,x,,,,Fifth Edition Foes,107,,,Winged Sliver,Large,Monstrosity,Sliver,Neutral Evil,3,,,,,,,,,ø,,ø,ø,ø,ø,ø,ø,,,,Monster a Day Compendium 2.0,189,,,,,,,,,,,
Froghemoth,Huge,Monstrosity,,Unaligned,10,,,,,,,,,,,,,,,x,x,,,,Mordenkainen Presents: Monsters of the Multiverse,130,,,Smolder Souleater,Medium,Fiend,Demon,Chaotic Evil,8,,,,,,,,,,,,,,,,,,,ø,Monster a Day Compendium 2.0,190,,,,,,,,,,,
Froghemoth,Huge,Monstrosity,,Unaligned,10,,,,,,,,,,,,,,,x,x,,,,Volo's Guide to Monsters,145,Tomb of Annihilation 221,,Snow Spider,Large,Beast,Spider,Unaligned,3,,,,,,,,ø,,,,,,,,,,,,Monster a Day Compendium 2.0,191,,,,,,,,,,,
Froghemoth Elder,Huge,Monstrosity,,Unaligned,15,,,x,x,,,,,,,,,,,,,,,,Quests from the Infinite Staircase,198,,,Spellskite,Large,Construct,,Unaligned,5,,,,,,,,,,,,,,,,,,ø,,Monster a Day Compendium 2.0,192,,,,,,,,,,,
Froghoul,Medium,Undead,,Chaotic Evil,2,,,,,,,,,,,,,,,,ø,,ø,,Monster a Day Compendium 2.0,55,,,Spider Skull,Tiny,Undead,,Neutral Evil,1/2,,,,,,,,,,,,,,,,ø,,,,Monster a Day Compendium 2.0,193,,,,,,,,,,,
Frontline Medic,Medium,Humanoid,Any Race,Lawful Good,1/4,,x,,,,,,,,,,,,,,,,ø,,Guildmaster's Guide to Ravnica,231,,,Spirit,Medium,Undead,,Any,1/2,,,,,,,,,,,,,,,,ø,,ø,,Monster a Day Compendium 2.0,194,,,,,,,,,,,
Frost Druid,Medium,Humanoid,Human,Any,5,,x,,,,,,x,,,,,,,,,,,,Icewind Dale: Rime of the Frostmaiden,288,,,Stahnk (Undead Beast),Huge,Undead,,Neutral Evil,7,,,,,,,,ø,ø,ø,ø,ø,ø,ø,ø,,,,,Monster a Day Compendium 2.0,195,,,,,,,,,,,
Frost Giant,Huge,Giant,Frost Giant,Neutral Evil,8,,,,,,,,x,,,,,,x,,,,,,Monster Manual,155,,,Star Vampire,Large,Aberration,,Chaotic Evil,4,,,,,,,,,,,,,,,,,,,ø,Monster a Day Compendium 2.0,196,,,,,,,,,,,
Frost Giant Everlasting One,Huge,Giant,,Chaotic Evil,12,,,,,,,,,x,,,,,,,,,,,Mordenkainen Presents: Monsters of the Multiverse,131,Volo's Guide to Monsters 148,,Stone Strix,Huge,Monstrosity,,Unaligned,8,,,,,,,,,,,ø,,ø,ø,,,,,,Monster a Day Compendium 2.0,197,,,,,,,,,,,
Frost Giant Ice Shaper,Huge,Giant,Cleric,Any,17,,,x,,,,,,,,,,,,,,,,,Bigby Presents: Glory of the Giants,145,,,Swarm of Squirrels,Medium,Beast,Swarm,Unaligned,2,,,,,,,,,,,ø,,,,,,,,,Monster a Day Compendium 2.0,198,,,,,,,,,,,
Frost Giant Jarl,Huge,Giant,,Neutral Evil,11,,,x,,,,,ø,,,,,,,,,,,,Monster a Day Compendium 2.0,56,,,Sylvan Stalker,Medium,Plant,,Neutral,8,,,,,,,,,,,ø,,,,,,,,,Monster a Day Compendium 2.0,199,,,,,,,,,,,
Frost Giant of Evil Water,Huge,Giant,,Neutral Evil,11,,,,,,,,,,,,,,,,,,,,Bigby Presents: Glory of the Giants,146,,,Baby Tanglewyrm,Large,Beast,Wyrm,Unaligned,6,,,,,,,,,,,,,,ø,,ø,,,,Monster a Day Compendium 2.0,200,,,,,,,,,,,
Frost Giant Skeleton,Huge,Undead,,Lawful Evil,6,,,,,,,,x,,,,,,,,,,,,Icewind Dale: Rime of the Frostmaiden,289,,,Bellowing Tanglewyrm,Huge,Beast,Wyrm,Unaligned,15,,,,,,,,,,,,,,ø,,ø,,,,Monster a Day Compendium 2.0,200,,,,,,,,,,,
Frost Giant Zombie,Huge,Undead,,Neutral Evil,9,,,,,,,,x,,,,,,ø,,,,,,Explorer's Guide to Wildemount,288,,,Technothug,Medium,Humanoid,,Chaotic Neutral,1/2,,,,,,,,,,,,,,,,,,ø,,Monster a Day Compendium 2.0,201,,,,,,,,,,,
Frost Mole,Small,Beast,,Unaligned,3,,,,,,,,x,,,,x,,,,x,,,,Tome of Beasts 2,391,,,Tentaghoul,Large,Undead,,Chaotic Evil,3,,,,,,,,,,,,,,,ø,ø,,,ø,Monster a Day Compendium 2.0,202,,,,,,,,,,,
Frost Salamander,Huge,Elemental,,Unaligned,9,,,,,,,,x,,,,,,,,,,,,Mordenkainen Presents: Monsters of the Multiverse,132,Mordenkainen's Tome of Foes 223,,Bog Troll,Large,Giant,,Chaotic Evil,5,,,,,,,,,,,,,,,ø,,,,,Monster a Day Compendium 2.0,203,,,,,,,,,,,
Frost Worm,Gargantuan,Monstrosity,,Unaligned,17,,,,,,,,x,,,,,,,,,,,,Explorer's Guide to Wildemount,289,,,Bridge Troll,Large,Giant,,Chaotic Evil,4,,,,,,,,,,,,,ø,,,,,,,Monster a Day Compendium 2.0,204,,,,,,,,,,,
Frostmourn,Huge,Undead,,Neutral Evil,10,,,,,,,,,,,,,,,,,,,,Bigby Presents: Glory of the Giants,147,,,Deep Troll,Large,Giant,,Chaotic Evil,5,,x,,,,,,,,,,,,,,ø,,,,Monster a Day Compendium 2.0,205,,,,,,,,,,,
Frostveil,Medium,Plant,,Unaligned,4,,,,,,,,ø,,,,,,,,,,,,Tome of Beasts,207,,,Ice Troll,Large,Giant,,Chaotic Evil,6,,,,,,,,ø,,,,,,,,,,,,Monster a Day Compendium 2.0,206,,,,,,,,,,,
Frulam Mondath,Medium,Humanoid,Human,Lawful Neutral,2,,x,,,x,,,,,,,,,,,,,,,Hoard of the Dragon Queen,90,,,Mutant Troll,Large,Giant,,Chaotic Evil,6,,,,,,,,,,,,,,,ø,ø,,,,Monster a Day Compendium 2.0,207,,,,,,,,,,,
Fulad-Zereh,Huge,Fiend,Demon,Chaotic Evil,9,,,,,,,,,,,,,,,,,,,x,Creature Codex,85,,,Mutant Troll,Large,Giant,,Chaotic Evil,7,,,,,,,,,,,,,,,ø,ø,,,,Monster a Day Compendium 2.0,207,,,,,,,,,,,
Fulminar,Large,Elemental,,Neutral,9,,,,,,,,,,,,x,x,x,,,,,,Creature Codex,165,,,Nightmare Troll,Large,Fiend,,Neutral Evil,7,,,,,,,,,,,,,,,,ø,,,ø,Monster a Day Compendium 2.0,208,,,,,,,,,,,
Fume Drake,Small,Elemental,,Neutral,1/4,,,,,,,,,,,,,,,,,,,,Dragons of Stormwreck Isle,41,,,Rock Troll,Large,Giant,,Chaotic Evil,5,,,,,,,,,,,,,,ø,,,,,,Monster a Day Compendium 2.0,209,,,,,,,,,,,
Fungal Servant,Medium,Undead,,Lawful Evil,15,,x,x,,,,,,,,,,,,,,,,,Candlekeep Mysteries,217,,,Shadow Troll,Large,Giant,,Chaotic Evil,7,,,,,,,,,,,,,,,,ø,,,ø,Monster a Day Compendium 2.0,210,,,,,,,,,,,
Fungoid,Medium,Plant,Fungus,Neutral Evil,2,,,,,,,,,,,,,,,x,,,,,Fifth Edition Foes,108,,,Troll Boar,Large,Monstrosity,,Chaotic Evil,3,,,,,,,,,,,ø,,,,,,,,,Monster a Day Compendium 2.0,211,,,,,,,,,,,
Fungus Bat,Medium,Plant,Fungus,Unaligned,1/4,,,,,,,,,,,,,,,,x,,,,Fifth Edition Foes,109,,,Venom Troll,Large,Giant,,Chaotic Evil,5,,,,,,,,,,,,,,,ø,ø,,,,Monster a Day Compendium 2.0,212,,,,,,,,,,,
Fungus Gargoyle,Medium,Plant,Fungus,Neutral Evil,3,,x,,,,,,,,x,x,x,x,,,x,,,,Fifth Edition Foes,114,,,War Troll,Large,Giant,,Chaotic Evil,9,,,,,,,,,ø,ø,,ø,,,,,,,,Monster a Day Compendium 2.0,213,,,,,,,,,,,
Furnace Golem,Large,Construct,,Unaligned,9,,,,,,,,x,x,x,x,x,x,x,x,x,,x,,Fifth Edition Foes,127,,,Web Troll,Large,Giant,,Chaotic Evil,3,,,,,,,,,,,ø,,,,,ø,,,,Monster a Day Compendium 2.0,214,,,,,,,,,,,
Fury of Kostchtchie,Huge,Fiend,Demon,Chaotic Evil,14,,,,,,,,,,,,,,,,,,,,Bigby Presents: Glory of the Giants,148,,,Zombie Troll,Large,Undead,,Chaotic Evil,5,,,,,,,,,,,,,,,ø,ø,,,,Monster a Day Compendium 2.0,215,,,,,,,,,,,
Fusion Elemental,Huge,Elemental,,Neutral,15,,,x,,,,,,,,,,,,,,,,ø,Monster a Day Compendium 2.0,57,,,Truesong Dancer,Medium,Humanoid,Any Race,Chaotic Neutral,3,,,,,,,,,,,,,,,,,,ø,,Monster a Day Compendium 2.0,216,,,,,,,,,,,
Future Yithian,Large,Aberration,swarm,Lawful Neutral,12,,x,,,,,,,,,,,,,,,,,,Sandy Petersen's Cthulhu Mythos,399,,,Truesong Dirge,Medium,Humanoid,Any Race,Chaotic Neutral,5,,,,,,,,,,,,,,,,,,ø,,Monster a Day Compendium 2.0,216,,,,,,,,,,,
Fyr,Small,Fey,,Neutral,1/4,,x,,,,,,,,,x,,,x,,,,,,Fifth Edition Foes,110,,,Tusk Giant,Large,Giant,,Chaotic Evil,4,,,,,,,,ø,,,,,ø,ø,,,,,,Monster a Day Compendium 2.0,217,,,,,,,,,,,
Gaj,Large,Aberration,,Neutral Evil,4,,,,,,,,,,,,,,,,,,,,Boo's Astral Menagerie,23,,,Tuskaloth,Gargantuan,Beast,,Unaligned,10,,,,,,,,ø,,,,,,,,,,,,Monster a Day Compendium 2.0,218,,,,,,,,,,,
Gaki,Medium,Undead,,Chaotic Evil,8,,,,,,,,x,x,x,x,x,x,x,x,x,x,x,x,Creature Codex,222,,,"Ulamog, the Ceaseless Hunger",Gargantuan,Aberration,Titan,Chaotic Evil,30,,x,x,,x,,,,,,,,,,,,,,ø,Monster a Day Compendium 2.0,219,,,,,,,,,,,
Galazeth Prismari,Gargantuan,Dragon,Sorcerer,Chaotic Neutral,23,,x,x,,x,,,,,,,,,,,,,,,Strixhaven: A Cirriculum of Chaos,193,,,Ultralisk,Gargantuan,Monstrosity,,Unaligned,23,,,x,,,,,,,,,,,ø,,ø,,,,Monster a Day Compendium 2.0,220,,,,,,,,,,,
Galeb Duhr,Medium,Elemental,,Neutral,6,,,,,,,,,,,,,x,x,,,,,,Monster Manual,139,,,Undead Sharkenbear,Huge,Undead,,Unaligned,5,,,,,,,,,,,ø,,ø,,,,ø,,,Monster a Day Compendium 2.0,221,,,,,,,,,,,
Galidroo,Huge,Monstrosity,,Neutral Evil,12,,,,,,,,,,,,x,x,,,x,,,,Tome of Beasts 2,161,,,Undead Warchief,Large,Undead,,Lawful Neutral,12,,,,,,,,,,,,,,,,ø,,ø,,Monster a Day Compendium 2.0,222,,,,,,,,,,,
Gallows Speaker,Medium,Undead,,Not Provided,6,,,,,,,,ø,ø,ø,ø,ø,ø,ø,ø,ø,,ø,,Van Richten's Guide to Ravenloft,234,,,Verdalin,Small,Fey,,Neutral,1/2,,x,,,,,,,,,ø,ø,,,,,,,,Monster a Day Compendium 2.0,223,,,,,,,,,,,
Gallows Tree,Huge,Plant,,Unaligned,13,,,,,,,,,,,x,x,x,,x,,,,,Fifth Edition Foes,111,,,Vine Terror,Large,Plant,,Unaligned,3,,,,,,,,,,,ø,,,,,,,,,Monster a Day Compendium 2.0,224,,,,,,,,,,,
Gallows Tree Zombie,Medium,Plant,,Unaligned,2,,,,,,,,,,,x,x,x,,x,,,,,Fifth Edition Foes,112,,,Vodyanoy,Medium,Monstrosity,,Chaotic Neutral,5,,x,,,,,,,,,ø,,,,ø,,,,,Monster a Day Compendium 2.0,225,,,,,,,,,,,
Galsariad Ardyth (Tier 1),Medium,Humanoid,"Drow, Elf, Wizard",Neutral,3,,x,,,,,,,,,,,,,,,,,,Critical Role: Call of the Netherdeep,188,,,War Titan,Huge,Fiend,Titan,Any Chaotic,16,,,x,,,,,,ø,ø,,ø,,,,,,,,Monster a Day Compendium 2.0,226,,,,,,,,,,,
Galsariad Ardyth (Tier 2),Medium,Humanoid,"Drow, Elf, Wizard",Neutral,5,,x,,,,,,,,,,,,,,,,,,Critical Role: Call of the Netherdeep,190,,,Werewolf Alpha,Medium,Humanoid,"Shapechanger, Human",Chaotic Evil,9,,,x,,,,,,,,ø,,ø,,,,,,,Monster a Day Compendium 2.0,227,,,,,,,,,,,
Galsariad Ardyth (Tier 3),Medium,Humanoid,"Drow, Elf, Wizard",Neutral,8,,x,,,,,,,,,,,,,,,,,,Critical Role: Call of the Netherdeep,193,,,Wight Walker,Medium,Undead,,Neutral Evil,6,,,,,,,,,,ø,,,,,ø,ø,,ø,,Monster a Day Compendium 2.0,228,,,,,,,,,,,
Galvan Magen,Medium,Construct,,Unaligned,3,,,,,,,,,,,,,,,,,,,,Icewind Dale: Rime of the Frostmaiden,301,,,Winged Ape,Medium,Monstrosity,,Neutral,2,,,,,,,,,,,,,,ø,,,,,,Monster a Day Compendium 2.0,229,,,,,,,,,,,
Galvanic Blastseeker,Medium,Humanoid,Any Race,Chaotic Neutral,5,,x,,,,,,,,,,,,,,,,ø,,Guildmaster's Guide to Ravnica,243,,,Winter Sprite,Tiny,Fey,,Neutral,1,,x,,,,,,ø,,,,,,,,,,,,Monster a Day Compendium 2.0,230,,,,,,,,,,,
Galvanice Weird,Medium,Elemental,Weird,Chaotic Neutral,1,,,,,,,,,,,,,,,,,,ø,ø,Guildmaster's Guide to Ravnica,209,,,Zaiden,Medium,Fiend,Gnoll,Chaotic Evil,16,,x,x,,x,,,,,ø,ø,ø,ø,,,,,,,Monster a Day Compendium 2.0,231,,,,,,,,,,,
Gar Shatterkeel,Medium,Humanoid,Human,Neutral Evil,9,,x,,,x,,,,,,,,,,,,,,,Princes of the Apocalypse,208,,,Zergling,Small,Monstrosity,,Unaligned,1/2,,,,,,,,,,,,,,ø,,ø,,,,Monster a Day Compendium 2.0,232,,,,,,,,,,,
Gar Shatterkeel (with Lair Actions),Medium,Humanoid,Human,Neutral Evil,13,,x,,x,x,,,,,,,,,,,,,ø,,Princes of the Apocalypse,208,,,Aarakocra,Medium,Humanoid,Aarakocra,Neutral Good,1/4,,,,,,,,,,,,,,x,,,,,,Monster Manual,12,,,,,,,,,,,
Gargantua,Gargantuan,Aberration,,Chaotic Neutral,21,,x,,,,,,,,,,,,,,,,,,Bigby Presents: Glory of the Giants,149,,,Aboleth,Large,Aberration,,Lawful Neutral,10,,,x,x,,,,,,,,,,,,x,,,,Monster Manual,13,,,,,,,,,,,
Gargoctopus,Large,Monstrosity,,Neutral,5,,,,,,,,,x,,,,,,,,x,,,Creature Codex,167,,,Deva,Medium,Celestial,,Lawful Good,10,,x,,,,,,,,,,,,,,,,,ø,Monster Manual,16,,,,,,,,,,,
Gargoyle,Medium,Elemental,,Chaotic Evil,2,,,,,,,,,,,,,,,,x,,x,,Monster Manual,140,,,Planetar,Large,Celestial,,Lawful Good,16,,x,,,,,,,,,,,,,,,,,ø,Monster Manual,17,,,,,,,,,,,
Garlicle,Small,Plant,,Chaotic Neutral,1,,x,,,,,,,,,x,x,,,,,,,,Tome of Beasts 2,162,,,Solar,Large,Celestial,,Lawful Good,21,,x,x,,,,,,,,,,,,,,,,ø,Monster Manual,18,,,,,,,,,,,
Garret Levistusson,Medium,Humanoid,Tiefling,Chaotic Neutral,2,,x,,,x,,,,,,,,,,,,,ø,,Lost Laboratory of Kwalish,41,,,Animated Armor,Medium,Construct,,Unaligned,1,,,,,,,,ø,ø,ø,ø,ø,ø,ø,ø,ø,ø,ø,,Monster Manual,19,Rise of Tiamat Online Supplement 7,,,,,,,,,,
Garroter Crab,Tiny,Beast,,Unaligned,1/4,,,,,,,,,ø,,,,,,,,ø,,,Tome of Beasts,208,,,Flying Sword,Small,Construct,,Unaligned,1/4,,,,,,,,ø,ø,ø,ø,ø,ø,ø,ø,ø,ø,ø,,Monster Manual,20,,,,,,,,,,,
Gas Spore,Large,Plant,,Unaligned,1/2,,,,,,,,,,,,,,,,x,,,,Monster Manual,138,,,Rug of Smothering,Large,Construct,,Unaligned,2,,,,,,,,,,,,,,,,,,ø,,Monster Manual,20,,,,,,,,,,,
Gaunt One,Medium,Aberration,,Neutral Evil,3,,,,,,,,,,,,,,,,x,,x,,Tome of Beasts 2,163,,,Ankheg,Large,Monstrosity,,Unaligned,2,,,,,,,,,,,x,x,,,,,,,,Monster Manual,21,,,,,,,,,,,
Gauth,Medium,Aberration,beholder,Lawful Evil,6,,,,,,,,,,,,,,,,x,,,,Mordenkainen Presents: Monsters of the Multiverse,133,Volo's Guide to Monsters 125,,Azer,Medium,Elemental,,Lawful Neutral,2,,,,,,,,,,,,,,,,,,,ø,Monster Manual,22,,,,,,,,,,,
Gazellean,Medium,Humanoid,Gazellean,Neutral,1/2,,,,,,,,,,ø,,,,,,,,,,Monster a Day Compendium 2.0,58,,,Banshee,Medium,Undead,,Chaotic Evil,4,,,,,,,,,x,,x,,,,,,,,,Monster Manual,23,,,,,,,,,,,
Gazer,Tiny,Aberration,beholder,Neutral Evil,1/2,,,,,,v,,,,,,,,,,x,,,,Mordenkainen Presents: Monsters of the Multiverse,134,"Volo's Guide to Monsters 1256, Waterdeep: Dragon Heist 203",,Basilisk,Medium,Monstrosity,,Unaligned,3,,,,,,,,,,,,,,x,,,,,,Monster Manual,24,,,,,,,,,,,
Gbahali,Huge,Beast,,Unaligned,6,,,,,,,,,,ø,,ø,ø,ø,,,,,,Tome of Beasts,209,,,Behir,Huge,Monstrosity,,Neutral Evil,11,,,,,,,,,,,,,,,,x,,,,Monster Manual,25,,,,,,,,,,,
Gear Mage,Medium,Humanoid,Any Race,Lawful Neutral,4,,x,,,,,,x,x,x,x,x,x,x,x,x,x,x,x,Creature Codex,401,,,Beholder,Large,Aberration,Beholder,Lawful Neutral,13,,,x,,,,,,,,,,,,,x,,,,Monster Manual,28,,,,,,,,,,,
Gearforged Templar,Medium,Humanoid,,Lawful Neutral,6,,,,,,,,,,,,,,,,,,ø,,Tome of Beasts,210,,,Beholder (in lair),Large,Aberration,Beholder,Lawful Neutral,14,,,x,x,,,,,,,,,,,,x,,,,Monster Manual,28,,,,,,,,,,,
Gearkeeper Construct,Large,Construct,,Unaligned,10,,,,,,,,,,,,,,,,ø,,ø,,Explorer's Guide to Wildemount,290,,,Death Tyrant,Large,Undead,Beholder,Lawful Neutral,14,,,x,,,,,,,,,,,,,x,,,,Monster Manual,29,,,,,,,,,,,
Geist,Medium,Undead,,Any,4,,,,,,,,,,,,,,,,,,ø,,Planeshift: Innistrad,19,,,Death Tyrant (in lair),Large,Undead,,Lawful Neutral,15,,,x,x,,,,,,,,,,,,x,,,,Monster Manual,29,,,,,,,,,,,
Gelatinous Cube,Large,Ooze,,Unaligned,2,,,,,,,,,,,,,,,,x,,,,Monster Manual,242,,,Spectator,Medium,Aberration,Beholder,Lawful Neutral,3,,,,,,,,,,,,,,,,ø,,ø,,Monster Manual,30,"Lost Mines of Phandelver 62, The Lost Dungeon of Rickedness: Big Rick Energy 42",,,,,,,,,,
Gelectrode,Large,Ooze,,Unaligned,6,,,,,,,,,,,,,,,,,,ø,,Monster a Day Compendium 2.0,59,,,Needle Blight,Medium,Plant,,Neutral Evil,1/4,,,,,,,,,,,x,,,,,,,,,Monster Manual,32,,,,,,,,,,,
Gem Greatwyrm,Gargantuan,Dragon,Gem,Neutral,26,,x,x,,,,,,,,,,,,,,,,,Fizban's Treasury of Dragons,201,,,Twig Blight,Small,Plant,,Neutral Evil,1/8,,,,,,,,,,,x,,,,,,,,,Monster Manual,32,"Lost Mines of Phandelver 63, The Lost Dungeon of Rickedness: Big Rick Energy 43",,,,,,,,,,
Gem Stalker,Large,Monstrosity,,Neutral,5,,,,,,,,,,,,,,,ø,,,,,Fizban's Treasury of Dragons,202,,,Vine Blight,Medium,Plant,,Neutral Evil,1/2,,,,,,,,,,,x,,,,,,,,,Monster Manual,32,,,,,,,,,,,
Geonid,Small,Elemental,,Neutral,1/4,,,,,,,,,,,,,,,,x,,,x,The Tortle Package,22,,,Bugbear,Medium,Humanoid,Goblinoid,Chaotic Evil,1,,,,,,,,,,,x,x,,,,x,,,,Monster Manual,33,"Lost Mines of Phandelver 56, The Lost Dungeon of Rickedness: Big Rick Energy 36",,,,,,,,,,
Gerridae,Large,Fey,,Neutral,1,,,,,,,,,ø,,ø,,,,ø,,,,,Tome of Beasts,212,,,Bugbear Chief,Medium,Humanoid,Goblinoid,Chaotic Evil,3,,,,,,,,,,,x,x,,,,x,,,,Monster Manual,33,,,,,,,,,,,
Geryon,Huge,Fiend,devil,Lawful Evil,22,,x,x,x,x,,,,,,,,,,,,,,ø,Mordenkainen Presents: Monsters of the Multiverse,136,,,Bulette,Large,Monstrosity,,Unaligned,5,,,,,,,,,,,,x,x,x,,,,,,Monster Manual,34,,,,,,,,,,,
Geryon,Huge,Fiend,"Devil, Archdevil",Lawful Neutral,22,,x,x,x,x,,,,,,,,,,,,,,ø,Mordenkainen's Tome of Foes,173,,,Bullywug,Medium,Humanoid,Bullywug,Neutral Evil,1/4,,,,,,,,,,,,,,,x,,,,,Monster Manual,35,,,,,,,,,,,
Ghald,Large,Humanoid,Sahuagin,Lawful Neutral,7,,,,,x,,,,,,,,,,,,,,,Princes of the Apocalypse,209,,,Cambion,Medium,Fiend,,Any Evil,5,,,,,,,,,,,,,,,,,,x,,Monster Manual,36,,,,,,,,,,,
"Ghalta, Primal Hunger",Gargantuan,Monstrosity,"titan, elder dinosaur",Unaligned,30,,,x,,,,,,ø,,ø,,,,,,,,,Planeshift: Ixalan,33,,,Carrion Crawler,Large,Monstrosity,,Unaligned,2,,x,,,,,,,,,,,,,,x,,,,Monster Manual,37,,,,,,,,,,,
Ghast,Medium,Undead,Ghoul,Chaotic Evil,2,,,,,,,,,,,,,,,x,x,,x,,Monster Manual,148,,,Centaur,Large,Monstrosity,,Neutral Good,2,,,,,,,,,,,x,x,,,,,,,,Monster Manual,38,,,,,,,,,,,
Ghast of Leng,Large,Aberration,,Neutral Evil,3,,,,,,,,,,,,,,,,,,,x,Creature Codex,168,,,Half-ogre,Large,Giant,,Any Chaotic,1,,,,,,,,x,,x,x,,x,x,,x,,x,,Monster Manual,38,,,,,,,,,,,
Ghillie Dubh,Medium,Celestial,,Lawful Good,1,,,,,,,,x,,,x,,,,,,,,x,Tome of Beasts 2,165,,,Chimera,Large,Monstrosity,,Chaotic Evil,6,,,,,,,,,,,,x,x,x,,x,,,,Monster Manual,39,Rise of Tiamat Online Supplement 9,,,,,,,,,,
Ghost,Medium,Undead,,Any,4,,,,,,,,,,,,,,,,x,,x,,Monster Manual,147,Rise of Tiamat Online Supplement 15,,Chuul,Large,Aberration,,Chaotic Evil,4,,,,,,,,,,,,,,,,x,,,,Monster Manual,40,Rise of Tiamat Online Supplement 10,,,,,,,,,,
Ghost Ammonite,Medium,Undead,,Unaligned,2,,,,,,,,,,,,,,,,,,x,,Fifth Edition Foes,118,,,Cloaker,Large,Aberration,,Chaotic Neutral,8,,,,,,,,,,,,,,,,x,,,,Monster Manual,41,,,,,,,,,,,
Ghost Boar,Large,Monstrosity,,Unaligned,3,,,,,,,,,,,,x,,,,,,,,Creature Codex,169,,,Cockatrice,Small,Monstrosity,,Unaligned,1/2,,,,,,,,,,,,x,,,,,,,,Monster Manual,42,,,,,,,,,,,
Ghost Dragon,Large,Undead,,Any,11,,,,,,,,x,x,x,x,x,x,x,x,x,x,x,x,Creature Codex,170,,,Couatl,Medium,Celestial,,Lawful Good,4,,x,,,,,,,,x,x,x,,,,,,x,,Monster Manual,43,,,,,,,,,,,
Ghost Dragon,Huge,Undead,,Any,17,,,,,,,,,,,,,,,,,,,,Fizban's Treasury of Dragons,203,,,Crawling Claw,Tiny,Undead,,Neutral Evil,0,,,,,,ø,,,,,,,,,,,,ø,,Monster Manual,44,,,,,,,,,,,
Ghost Dwarf,Medium,Undead,,Neutral Evil,6,,,,,,,,x,x,x,x,x,x,x,x,x,x,x,x,Creature Codex,171,,,Cyclops,Huge,Giant,,Chaotic Neutral,6,,,,,,,,,x,x,,x,x,x,,x,,,,Monster Manual,45,Rise of Tiamat Online Supplement 11,,,,,,,,,,
Ghost Knight,Medium,Humanoid,,Lawful Neutral,6,,,,,,,,,,,,,,,,,,ø,,Tome of Beasts,423,,,Barlgura,Large,Fiend,Demon,Chaotic Evil,5,,x,,,,,,,,,,,,,,,,,ø,Monster Manual,46,,,,,,,,,,,
Ghost of Ib,Medium,Undead,,Chaotic Neutral,5,,x,,,,,,,,,,,x,,,,,,,Sandy Petersen's Cthulhu Mythos,176,,,Darkmantle,Small,Monstrosity,,Unaligned,1/2,,,,,,,,,,,,,,,,x,,,,Monster Manual,46,,,,,,,,,,,
Ghostblade Eidolon,Medium,Undead,,Any,5,,,,,,,,ø,ø,ø,ø,ø,ø,ø,ø,ø,,,,Mythic Odysseys of Theros,222,,,Death Knight,Medium,Undead,,Chaotic Evil,17,,x,,,,,,,,,,,,,,,,ø,,Monster Manual,47,,,,,,,,,,,
Ghostwalk Spider,Large,Monstrosity,Spider,Neutral Evil,9,,,,,,,,,,,,,,,,ø,,,,Tome of Beasts,361,,,Demilich,Tiny,Undead,,Neutral Evil,18,,,x,,,,,,,,,,,,,ø,,,,Monster Manual,48,,,,,,,,,,,
Ghoul,Medium,Undead,Ghoul,Chaotic Evil,1,,,,,,,,,,,,,,,x,x,,x,,Monster Manual,148,"Lost Mines of Phandelver 58, The Lost Dungeon of Rickedness: Big Rick Energy 38",,Demilich (in lair),Tiny,Undead,,Neutral Evil,20,,,x,x,,,,,,,,,,,,ø,,,,Monster Manual,48,,,,,,,,,,,
Ghoul Bat,Small,Undead,,Neutral Evil,1/4,,,,,,,,,,,,,,,,x,,,,Tome of Beasts 2,391,,,Balor,Huge,Fiend,Demon,Chaotic Evil,19,,,,,,,,,,,,,,,,,,,ø,Monster Manual,55,Infernal Machine Rebuild 60,,,,,,,,,,
Ghoulsteed,Large,Undead,,Neutral Evil,3,,,,,,,,,,,,,,,,x,,,,Creature Codex,177,,,Chasme,Large,Fiend,Demon,Chaotic Evil,6,,,,,,,,,,,,,,,,,,,ø,Monster Manual,57,,,,,,,,,,,
Ghul,Medium,Undead,,Any Evil,5,,x,,,,,,,,x,,,,,,,,,,Tome of Beasts 2,169,,,Dretch,Small,Fiend,Demon,Chaotic Evil,1/4,,,,,,,,,,,,,,,,,,,ø,Monster Manual,57,,,,,,,,,,,
Giant Albino Bat,Huge,Monstrosity,,Neutral Evil,3,,,,,,,,,,,x,x,,x,,x,,,,Creature Codex,50,,,Glabrezu,Large,Fiend,Demon,Chaotic Evil,9,,x,,,,,,,,,,,,,,,,,ø,Monster Manual,58,,,,,,,,,,,
Giant Ant,Large,Beast,,Unaligned,2,,,,,,,,,,ø,ø,ø,ø,,ø,ø,,,,Tome of Beasts,23,,,Goristro,Huge,Fiend,Demon,Chaotic Evil,17,,,,,,,,,,,,,,,,,,,ø,Monster Manual,59,,,,,,,,,,,
Giant Ant Exoskeleton,Large,Construct,,Unaligned,1/2,,,,,,,,,,x,,x,,,,,,,,Fifth Edition Foes,95,,,Hezrou,Large,Fiend,Demon,Chaotic Evil,8,,,,,,,,,,,,,,,,,,,ø,Monster Manual,60,,,,,,,,,,,
Giant Ant Queen,Large,Beast,,Unaligned,4,,,,,,,,,,ø,ø,ø,ø,,ø,ø,,,,Tome of Beasts,23,,,Manes,Small,Fiend,Demon,Chaotic Evil,1/8,,,,,,,,,,,,,,,,,,,ø,Monster Manual,60,,,,,,,,,,,
Giant Ape,Huge,Beast,,Unaligned,7,,,,,,,,,,,x,,,,,,,,,Monster Manual,323,,,Marilith,Large,Fiend,Demon,Chaotic Evil,16,,,,,,,,,,,,,,,,,,,ø,Monster Manual,61,,,,,,,,,,,
Giant Armadillo,Small,Beast,,Unaligned,1/4,,,,,,,,,,,x,x,x,,,x,,,,Tome of Beasts 2,392,,,Nalfeshnee,Large,Fiend,Demon,Chaotic Evil,13,,,,,,,,,,,,,,,,,,,ø,Monster Manual,62,,,,,,,,,,,
Giant Badger,Medium,Beast,,Unaligned,1/4,,,,,,,,,,,x,,,,,,,,,Monster Manual,323,,,Quasit,Tiny,Fiend,"Shapechanger, Demon",Chaotic Evil,1,,,,,,v,,,,,,,,,,,,,ø,Monster Manual,63,Player's Handbook 309,,,,,,,,,,
Giant Bat,Large,Beast,,Unaligned,1/4,,,,,,,,,,,x,,,,,,,,,Monster Manual,323,,,Shadow Demon,Medium,Fiend,Demon,Chaotic Evil,4,,,,,,,,,,,,,,,,,,,ø,Monster Manual,64,,,,,,,,,,,
Giant Beetle Exoskeleton,Large,Construct,,Unaligned,2,,,,,,,,,,x,x,x,x,x,,,,,,Fifth Edition Foes,96,,,Vrock,Large,Fiend,Demon,Chaotic Evil,6,,,,,,,,,,,,,,,,,,,ø,Monster Manual,64,,,,,,,,,,,
Giant Boar,Large,Beast,,Unaligned,2,,,,,,,,,,,x,x,x,,,,,,,Monster Manual,323,,,Yochlol,Medium,Fiend,"Shapechanger, Demon",Chaotic Evil,10,,x,,,,,,,,,,,,,,,,,ø,Monster Manual,65,,,,,,,,,,,
Giant Bombardier Beetle,Medium,Beast,,Unaligned,1/4,,,,,,,,,,,x,,,,,,,,,Tome of Beasts 2,39,,,Barbed Devil,Medium,Fiend,Devil,Lawful Neutral,5,,,,,,,,,,,,,,,,,,,ø,Monster Manual,70,Rise of Tiamat Online Supplement 8,,,,,,,,,,
Giant Centipede,Small,Beast,,Unaligned,1/4,,,,,,,,,,,x,x,x,,,x,,,,Monster Manual,323,,,Bearded Devil,Medium,Fiend,Devil,Lawful Neutral,3,,,,,,,,,,,,,,,,,,,ø,Monster Manual,70,Rise of Tiamat Online Supplement 8,,,,,,,,,,
Giant Clam,Large,Beast,,Unaligned,1/4,,,,,,,,,x,,,,,,,,x,,,Fifth Edition Foes,61,,,Bone Devil,Large,Fiend,Devil,Lawful Neutral,9,,,,,,,,,,,,,,,,,,,ø,Monster Manual,71,Rise of Tiamat Online Supplement 9,,,,,,,,,,
Giant Constrictor Snake,Huge,Beast,,Unaligned,2,,,,,,,,,,,x,,,,x,x,x,,,Monster Manual,324,,,Chain Devil,Medium,Fiend,Devil,Lawful Neutral,8,,,,,,,,,,,,,,,,,,,ø,Monster Manual,72,,,,,,,,,,,
Giant Coral Snake,Large,Beast,,Unaligned,4,,,,,,,,,ø,,,,,,,ø,x,,,Ghosts of Saltmarsh,236,,,Erinyes,Medium,Fiend,Devil,Lawful Neutral,12,,,,,,,,,,,,,,,,,,,ø,Monster Manual,73,,,,,,,,,,,
Giant Crab,Medium,Beast,,Unaligned,1/8,,,,,,,,,x,,,,,,,,,,,Monster Manual,324,,,Horned Devil,Large,Fiend,Devil,Lawful Neutral,11,,,,,,,,,,,,,,,,,,,ø,Monster Manual,74,,,,,,,,,,,
Giant Crab Exoskeleton,Large,Construct,,Unaligned,3,,x,,,,,,,,x,x,x,x,x,,,,,,Fifth Edition Foes,97,,,Ice Devil,Large,Fiend,Devil,Lawful Neutral,14,,,,,,,,,,,,,,,,,,,ø,Monster Manual,75,,,,,,,,,,,
Giant Crayfish,Large,Beast,,Unaligned,2,,,,,,,,,,,,,,,,,,,,Tales from the Yawning Portal,235,,,Imp,Tiny,Fiend,"Shapechanger, Devil",Lawful Neutral,1,,,,,,v,,,,,,,,,,,,,ø,Monster Manual,76,Player's Handbook 306,,,,,,,,,,
Giant Crocodile,Huge,Beast,,Unaligned,5,,,,,,,,,,,,,,,x,,,,,Monster Manual,324,,,Lemure,Medium,Fiend,Devil,Lawful Neutral,0,,,,,,,,,,,,,,,,,,,ø,Monster Manual,76,,,,,,,,,,,
Giant Dragonfly,Large,Beast,,Unaligned,1/2,,,,,,,,,,,ø,,,,ø,,,,,The Wild Beyond The Witchlight,234,,,Pit Fiend,Large,Fiend,Devil,Lawful Neutral,20,,x,,,,,,,,,,,,,,,,,ø,Monster Manual,77,,,,,,,,,,,
Giant Eagle,Large,Beast,,Neutral Good,1,,,,,,,,,x,,,x,x,x,,,,,,Monster Manual,324,Player's Handbook 306,,Spined Devil,Small,Fiend,Devil,Lawful Neutral,2,,,,,,,,,,,,,,,,,,,ø,Monster Manual,78,,,,,,,,,,,
Giant Eel,Huge,Aberration,,Unaligned,5,,,,,,,,,,,,,,,,,ø,,,Monster a Day Compendium 2.0,60,,,Allosaurus,Large,Beast,Dinosaur,Unaligned,2,,,,,,,,,,,,x,,,,,,,,Monster Manual,79,,,,,,,,,,,
Giant Electric Catfish,Large,Beast,Aquatic,Unaligned,3,,,,,,,,,x,,,,,,x,,x,,,Fifth Edition Foes,46,,,Ankylosaurus,Huge,Beast,Dinosaur,Unaligned,3,,,,,,,,,,,,x,,,,,,,,Monster Manual,79,,,,,,,,,,,
Giant Elk,Huge,Beast,,Unaligned,2,,,,,,,,,,,x,x,x,,,,,,,Monster Manual,325,,,Plesiosaurus,Large,Beast,Dinosaur,Unaligned,2,,,,,,,,,x,,,,,,,,x,,,Monster Manual,80,,,,,,,,,,,
Giant Fire Beetle,Small,Beast,,Unaligned,0,,,,,,,,,,,,,,,,x,,,,Monster Manual,325,,,Pteranodon,Medium,Beast,Dinosaur,Unaligned,1/4,,,,,,,,,x,,,x,,x,,,,,,Monster Manual,80,,,,,,,,,,,
Giant Four-Armed Gargoyle,Large,Elemental,,Chaotic Evil,10,,,,,,,,,,,,,,,,,,,,Tomb of Annihilation,221,,,Triceratops,Huge,Beast,Dinosaur,Unaligned,5,,,,,,,,,,,,x,,,,,,,,Monster Manual,80,,,,,,,,,,,
Giant Frilled Lizard,Large,Beast,,Unaligned,5,,,,,,,,,,x,x,,,,,x,,,,Tome of Beasts 2,392,,,Tyrannosaurus Rex,Huge,Beast,Dinosaur,Unaligned,8,,,,,,,,,,,,x,,,,,,,,Monster Manual,80,,,,,,,,,,,
Giant Frog,Medium,Beast,,Unaligned,1/4,,,,,,,,,,,x,,,,x,,,,,Monster Manual,325,,,Displacer Beast,Large,Monstrosity,,Lawful Neutral,3,,,,,,,,,,,x,,,,,,,,,Monster Manual,81,,,,,,,,,,,
Giant Goat,Large,Beast,,Unaligned,1/2,,,,,,,,,,,,x,x,x,,,,x,,Monster Manual,326,,,Doppelganger,Medium,Monstrosity,Shapechanger,Neutral,3,,,,,,,,,,,,,,,,x,,x,,Monster Manual,82,"Infernal Machine Rebuild 63, Lost Mines of Phandelver 56",,,,,,,,,,
Giant Goose,Large,Fey,,Neutral,3,,,,,,,,,,,,,,,,,,,,Bigby Presents: Glory of the Giants,150,,,Adult Blue Dracolich,Huge,Undead,,Lawful Neutral,17,,,x,,,,x,,,,,,,,,,,,ø,Monster Manual,84,,,,,,,,,,,
Giant Honey Bee,Small,Beast,,Unaligned,1/4,,,,,,,,,,,x,x,,,,,,,,Tome of Beasts 2,392,,,Young Red Shadow Dragon,Large,Dragon,,Chaotic Evil,13,,,,,,,x,,,,,,,,,x,,,,Monster Manual,85,,,,,,,,,,,
Giant Horsefly,Large,Beast,,Unaligned,1/2,,,,,,,,x,x,x,x,x,x,x,x,x,,x,,Fifth Edition Foes,146,,,Ancient Black Dragon,Gargantuan,Dragon,,Chaotic Evil,21,,,x,x,,,,,,,,,,,x,,,,,Monster Manual,87,,,,,,,,,,,
Giant Husk,Huge,Undead,,Chaotic Evil,7,,,,,,,,x,x,x,x,x,x,x,x,x,x,x,,Tome of Beasts 2,205,,,Adult Black Dragon,Huge,Dragon,,Chaotic Evil,14,,,x,x,,,,,,,,,,,x,,,,,Monster Manual,88,,,,,,,,,,,
Giant Hyena,Large,Beast,,Unaligned,1,,,,,,,,,,x,x,x,x,,,,,,,Monster Manual,326,,,Black Dragon Wyrmling,Medium,Dragon,,Chaotic Evil,2,,,,,,,,,,,,,,,x,,,,,Monster Manual,88,,,,,,,,,,,
Giant Ice Toad,Large,Monstrosity,,Neutral,3,,,,,,,,ø,,,,,,,,,,,,Tales from the Yawning Portal,235,,,Young Black Dragon,Large,Dragon,,Chaotic Evil,7,,,,,,,,,,,,,,,x,,,,,Monster Manual,88,,,,,,,,,,,
Giant Leech,Small,Beast,,Unaligned,1/4,,,,,,,,,,,x,x,,,x,,,,,Tome of Beasts 2,393,,,Ancient Blue Dragon,Gargantuan,Dragon,,Lawful Neutral,23,,,x,x,,,,,x,x,,,,,,,,,,Monster Manual,90,,,,,,,,,,,
Giant Lightning Eel,Large,Beast,,Unaligned,3,,,,,,,,,,,,,,,,,,,,Tales from the Yawning Portal,236,,,Adult Blue Dragon,Huge,Dragon,,Lawful Neutral,16,,,x,x,,,,,x,x,,,,,,,,,,Monster Manual,91,Rise of Tiamat Online Supplement 5,,,,,,,,,,
Giant Lizard,Large,Beast,,Unaligned,1/4,,,,,,,,,x,x,x,,,,x,x,,,,Monster Manual,326,,,Blue Dragon Wyrmling,Medium,Dragon,,Lawful Neutral,3,,,,,,,,,x,x,,,,,,,,,,Monster Manual,91,,,,,,,,,,,
Giant Lynx,Medium,Fey,,Neutral,1/2,,,,,,,,,,,,,,,,,,,,Bigby Presents: Glory of the Giants,151,,,Young Blue Dragon,Large,Dragon,,Lawful Neutral,9,,,,,,,,,x,x,,,,,,,,,,Monster Manual,91,,,,,,,,,,,
Giant Mongoose,Medium,Beast,,Unaligned,1/4,,,,,,,,,,,x,,,,,,,,,Tome of Beasts 2,393,,,Ancient Green Dragon,Gargantuan,Dragon,,Lawful Neutral,22,,,x,x,,,,,,,x,,,,,,,,,Monster Manual,93,,,,,,,,,,,
Giant Moray Eel,Medium,Beast,Aquatic,Unaligned,2,,,,,,,,,x,,,,,,x,,x,,,Fifth Edition Foes,91,,,Adult Green Dragon,Huge,Dragon,,Lawful Neutral,15,,,x,x,,,,,,,x,,,,,,,,,Monster Manual,94,Rise of Tiamat Online Supplement 5,,,,,,,,,,
Giant Moth,Small,Beast,,Unaligned,1/8,,,,,,,,x,x,x,x,x,x,x,x,x,x,x,x,Creature Codex,178,,,Young Green Dragon,Large,Dragon,,Lawful Neutral,8,,,,,,,,,,,x,,,,,,,,,Monster Manual,94,"Lost Mines of Phandelver 63, The Lost Dungeon of Rickedness: Big Rick Energy 44",,,,,,,,,,
Giant Octopus,Large,Beast,,Unaligned,1,,,,,,,,,,,,,,,,,x,,,Monster Manual,326,Rise of Tiamat Online Supplement 16,,Green Dragon Wyrmling,Medium,Dragon,,Lawful Neutral,2,,,,,,,,,,,x,,,,,,,,,Monster Manual,95,,,,,,,,,,,
Giant Owl,Large,Beast,,Neutral,1/4,,,,,,,,x,,,x,,x,,,,,,,Monster Manual,327,Infernal Machine Rebuild 65,,Ancient Red Dragon,Gargantuan,Dragon,,Chaotic Evil,24,,,x,x,,,,,,,,,x,x,,,,,,Monster Manual,97,,,,,,,,,,,
Giant Ox,Huge,Fey,,Unaligned,3,,,,,,,,,,,,,,,,,,,,Bigby Presents: Glory of the Giants,152,,,Adult Red Dragon,Huge,Dragon,,Chaotic Evil,17,,,x,x,,,,,,,,,x,x,,,,,,Monster Manual,98,,,,,,,,,,,
Giant Poisonous Snake,Medium,Beast,,Unaligned,1/4,,,,,,,,,,x,x,x,,,x,x,,x,,Monster Manual,327,,,Red Dragon Wyrmling,Medium,Dragon,,Chaotic Evil,4,,,,,,,,,,,,,x,x,,,,,,Monster Manual,98,,,,,,,,,,,
Giant Ram,Large,Fey,,Unaligned,1,,,,,,,,,,,,,,,,,,,,Bigby Presents: Glory of the Giants,153,,,Young Red Dragon,Large,Dragon,,Chaotic Evil,10,,,,,,,,,,,,,x,x,,,,,,Monster Manual,98,,,,,,,,,,,
Giant Rat,Small,Beast,,Unaligned,1/8,,,,,,,,,,,x,,,,x,x,,x,,Monster Manual,327,,,Ancient White Dragon,Gargantuan,Dragon,,Chaotic Evil,20,,,x,x,,,,x,,,,,,,,,,,,Monster Manual,100,,,,,,,,,,,
Giant Rhinoceros Beetle,Large,Beast,,Unaligned,4,,,,,,,,,,,x,x,x,,,,,,,Fifth Edition Foes,24,,,Adult White Dragon,Huge,Dragon,,Chaotic Evil,13,,,x,x,,,,x,,,,,,,,,,,,Monster Manual,101,Rise of Tiamat Online Supplement 6,,,,,,,,,,
Giant Rimewing Moth,Small,Beast,,Unaligned,1/4,,,,,,,,x,,,x,,,,,,,,,Creature Codex,178,,,Young White Dragon,Large,Dragon,,Chaotic Evil,6,,,,,,,,x,,,,,,,,,,,,Monster Manual,101,,,,,,,,,,,
Giant Scorpion,Large,Beast,,Unaligned,3,,,,,,,,,,x,,,,,,,,,,Monster Manual,327,,,White Dragon Wyrmling,Medium,Dragon,,Chaotic Evil,2,,,,,,,,x,,,,,,,,,,,,Monster Manual,102,,,,,,,,,,,
Giant Sea Eel,Large,Beast,,Unaligned,1/2,,,,,,,,,,,,,,,,,x,,,Ghosts of Saltmarsh,237,,,Ancient Brass Dragon,Gargantuan,Dragon,,Chaotic Good,20,,,x,x,,,,,,x,,,,,,,,,,Monster Manual,104,,,,,,,,,,,
Giant Sea Horse,Large,Beast,,Unaligned,1/2,,,,,,,,,,,,,,,,,x,,,Fifth Edition Foes,205,,,Adult Brass Dragon,Huge,Dragon,,Chaotic Good,13,,,x,x,,,,,,x,,,,,,,,,,Monster Manual,105,,,,,,,,,,,
Giant Sea Horse,Large,Beast,,Unaligned,1/2,,,,,,,,,,,,,,,,,x,,,Monster Manual,328,,,Young Brass Dragon,Large,Dragon,,Chaotic Good,6,,,,,,,,,,x,,,,,,,,,,Monster Manual,105,,,,,,,,,,,
Giant Shark,Huge,Beast,,Unaligned,5,,,,,,,,,,,,,,,,,x,,,Monster Manual,328,,,Brass Dragon Wyrmling,Medium,Dragon,,Chaotic Good,1,,,,,,,,,,x,,,,,,,,,,Monster Manual,106,,,,,,,,,,,
Giant Shark Bowl,Huge,Ooze,,Unaligned,8,,,,,,,,,,,,,,,,x,,x,,Creature Codex,284,,,Ancient Bronze Dragon,Gargantuan,Dragon,,Lawful Good,22,,,x,x,,,,,x,,,,,,,,,,,Monster Manual,107,,,,,,,,,,,
Giant Shockwing Moth,Small,Beast,,Unaligned,1,,,,,,,,,,,x,x,,,,,,,,Creature Codex,179,,,Adult Bronze Dragon,Huge,Dragon,,Lawful Good,15,,,x,x,,,,,x,,,,,,,,,,,Monster Manual,108,,,,,,,,,,,
Giant Skeleton,Huge,Undead,,Neutral Evil,7,,,,,,,,,,,,,,,ø,ø,,ø,,Tales from the Yawning Portal,236,Infernal Machine Rebuild 65,,Young Bronze Dragon,Large,Dragon,,Lawful Good,8,,,,,,,,,x,,,,,,,,,,,Monster Manual,108,,,,,,,,,,,
Giant Slicer Beetle,Large,Beast,,Unaligned,3,,,,,,,,,,,x,x,x,,,,,,,Fifth Edition Foes,24,,,Bronze Dragon Wyrmling,Medium,Dragon,,Lawful Good,2,,,,,,,,,x,,,,,,,,,,,Monster Manual,109,,,,,,,,,,,
Giant Sloth,Large,Beast,,Unaligned,7,,,,,,,,,,,,x,x,,,,,,,Creature Codex,345,,,Ancient Copper Dragon,Gargantuan,Dragon,,Chaotic Good,21,,,x,x,,,,,,,,,x,,,,,,,Monster Manual,110,,,,,,,,,,,
Giant Slug of P'nahk,Large,Fiend,,Chaotic Evil,4,,,,,,,,,,,,,,,x,,x,,x,Fifth Edition Foes,119,,,Adult Copper Dragon,Huge,Dragon,,Chaotic Good,14,,,x,x,,,,,,,,,x,,,,,,,Monster Manual,111,,,,,,,,,,,
Giant Snail,Large,Beast,,Unaligned,1/4,,,,,,,,,,,ø,ø,,,ø,,,,,The Wild Beyond The Witchlight,234,,,Young Copper Dragon,Large,Dragon,,Chaotic Good,7,,,,,,,,,,,,,x,,,,,,,Monster Manual,111,,,,,,,,,,,
Giant Snow Beetle,Large,Beast,,Unaligned,1,,,,,,,,x,,,,,,,,,,,,Tome of Beasts 2,39,,,Copper Dragon Wyrmling,Medium,Dragon,,Chaotic Good,1,,,,,,,,,,,,,x,,,,,,,Monster Manual,112,,,,,,,,,,,
Giant Sootwing Moth,Small,Beast,,Unaligned,1/4,,,,,,,,,,,,x,,x,,,,,,Creature Codex,179,,,Ancient Gold Dragon,Gargantuan,Dragon,,Lawful Good,24,,,x,x,,,,,,,x,x,,,,,,,,Monster Manual,113,,,,,,,,,,,
Giant Space Hamster,Large,Beast,,Unaligned,1/4,,,,,,,,,,,,,,,,,,,,Boo's Astral Menagerie,56,,,Adult Gold Dragon,Huge,Dragon,,Lawful Good,17,,,x,x,,,,,,,x,x,,,,,,,,Monster Manual,114,,,,,,,,,,,
Giant Spider,Large,Beast,Spider,Unaligned,1,,,,,,,,,,x,x,,,,x,x,,x,,Monster Manual,328,"Lost Mines of Phandelver 58, Player's Handbook 306, The Lost Dungeon of Rickedness: Big Rick Energy 38",,Gold Dragon Wyrmling,Medium,Dragon,,Lawful Good,3,,,,,,,,,,,x,x,,,,,,,,Monster Manual,115,,,,,,,,,,,
Giant Strider,Large,Elemental,,Unaligned,1,,,,,,,,,,,,,x,x,,x,,,,Mordenkainen Presents: Monsters of the Multiverse,137,,,Young Gold Dragon,Large,Dragon,,Lawful Good,10,,,,,,,,,,,x,x,,,,,,,,Monster Manual,115,,,,,,,,,,,
Giant Strider,Large,Monstrosity,,Neutral Evil,1,,,,,,,,,,,,,,,,,,,,Tomb of Annihilation,222,,,Ancient Silver Dragon,Gargantuan,Dragon,,Lawful Good,23,,,x,x,,,,,,,,,,x,,,,x,,Monster Manual,116,,,,,,,,,,,
Giant Subterranean Lizard,Huge,Beast,,Unaligned,4,,,,,,,,,,,,,,,,ø,,,,Tales from the Yawning Portal,236,,,Adult Silver Dragon,Huge,Dragon,,Lawful Good,16,,,x,x,,,,,,,,,,x,,,,x,,Monster Manual,117,,,,,,,,,,,
Giant Tick,Medium,Monstrosity,,Unaligned,2,,,,,,,,,,,,,,,,,,,,Bigby Presents: Glory of the Giants,153,,,Silver Dragon Wyrmling,Medium,Dragon,,Lawful Good,2,,,,,,,,,,,,,,x,,,,x,,Monster Manual,118,,,,,,,,,,,
Giant Toad,Large,Beast,,Unaligned,1,,,,,,,,,x,x,x,,,,x,x,,,,Monster Manual,329,,,Young Silver Dragon,Large,Dragon,,Lawful Good,9,,,,,,,,,,,,,,x,,,,x,,Monster Manual,118,,,,,,,,,,,
Giant Vampire Bat,Large,Beast,,Unaligned,2,,,,,,,,,,,x,x,,x,,x,,,,Creature Codex,50,,,Dragon Turtle,Gargantuan,Dragon,,Neutral,17,,,,,,,,,x,,,,,,,,x,,,Monster Manual,119,,,,,,,,,,,
Giant Vulture,Large,Beast,,Neutral Evil,1,,,,,,,,,,x,,x,,,,,,,,Monster Manual,329,,,Drider,Large,Monstrosity,,Chaotic Evil,6,,x,,,,,,,,,,,,,,x,,,,Monster Manual,120,,,,,,,,,,,
Giant Walrus,Huge,Beast,,Unaligned,4,,,,,,,,ø,ø,,,,,,,,ø,,,Icewind Dale: Rime of the Frostmaiden,312,,,Dryad,Medium,Fey,,Neutral,1,,x,,,,,,,,,x,,,,,,,,,Monster Manual,121,,,,,,,,,,,
Giant Wasp,Medium,Beast,,Unaligned,1/2,,,,,,,,,,,x,x,,,,,,,,Monster Manual,329,,,Duergar,Medium,Humanoid,Dwarf,Lawful Neutral,1,,,,,,,,,,,,,,,,x,,,,Monster Manual,122,,,,,,,,,,,
Giant Water Beetle,Medium,Beast,Aquatic,Unaligned,1/2,,,,,,,,,x,,,,,,x,,x,,,Fifth Edition Foes,25,,,Air Elemental,Large,Elemental,,Neutral,5,,,,,,,,,,x,,,,x,,,,,,Monster Manual,124,"Infernal Machine Rebuild 60, Rise of Tiamat Online Supplement 6",,,,,,,,,,
Giant Water Scorpion,Large,Beast,,Unaligned,4,,,,,,,,,x,,,,,,x,,,,,Tome of Beasts 2,393,,,Earth Elemental,Large,Elemental,,Neutral,5,,,,,,,,,,,,,,,,x,,,,Monster Manual,124,Rise of Tiamat Online Supplement 13,,,,,,,,,,
Giant Weasel,Medium,Beast,,Unaligned,1/8,,,,,,,,,,,x,x,x,,,,,,,Monster Manual,329,,,Fire Elemental,Large,Elemental,,Neutral,5,,,,,,,,,,x,,,,,,,,,,Monster Manual,125,"Infernal Machine Rebuild 64, Rise of Tiamat Online Supplement 15",,,,,,,,,,
Giant Wolf Spider,Medium,Beast,Spider,Unaligned,1/4,,,,,,,,,x,x,x,x,x,,,,,,,Monster Manual,330,,,Water Elemental,Large,Elemental,,Neutral,5,,,,,,,,,x,,,,,,x,,x,,,Monster Manual,125,Rise of Tiamat Online Supplement 26,,,,,,,,,,
Giat Snapping Turtle,Large,Beast,,Unaligned,3,,,,,,,,,ø,,,,,,,,ø,,,Tomb of Annihilation,222,,,Drow,Medium,Humanoid,Elf,Neutral Evil,1/4,,x,,,,,,,,,,,,,,x,,,,Monster Manual,128,,,,,,,,,,,
Gibbering Mouther,Medium,Aberration,,Neutral,2,,,,,,,,,,,,,,,,x,,,,Monster Manual,157,,,Drow Elite Warrior,Medium,Humanoid,Elf,Neutral Evil,5,,x,,,,,,,,,,,,,,x,,,,Monster Manual,128,,,,,,,,,,,
Gibberling,Small,Aberration,,Chaotic Neutral,1/4,,,,,,,,,ø,,ø,ø,ø,ø,ø,,,,ø,Minsc and Boo's Journal of Villainy,141,,,Drow Mage,Medium,Humanoid,Elf,Neutral Evil,7,,x,,,,,,,,,,,,,,x,,,,Monster Manual,129,,,,,,,,,,,
Gibberling,Small,Fiend,Demon,Chaotic Evil,0,,,,,,,,,,,,,,,,,,,,Quests from the Infinite Staircase,202,,,Drow Priestess of Lolth,Medium,Humanoid,Elf,Neutral Evil,8,,x,,,,,,,,,,,,,,x,,,,Monster Manual,129,,,,,,,,,,,
Giff,Medium,Humanoid,,Any,3,,,,,,,,,,,,,,,,,,x,,Mordenkainen Presents: Monsters of the Multiverse,138,Mordenkainen's Tome of Foes 204,,Empyrean,Huge,Celestial,Titan,Chaotic Good,23,,x,x,,,,,,,,,,,,,,,,ø,Monster Manual,130,,,,,,,,,,,
Giff Shipmate,Medium,Humanoid,,Any,3,,,,,,,,,,,,,,,,,,,,Boo's Astral Menagerie,24,,,Ettercap,Medium,Monstrosity,,Neutral Evil,2,,,,,,,,,,,x,,,,,,,,,Monster Manual,131,Rise of Tiamat Online Supplement 14,,,,,,,,,,
Giff Shock Trooper,Medium,Humanoid,,Any,6,,,,,,,,,,,,,,,,,,,,Boo's Astral Menagerie,25,,,Ettin,Large,Giant,,Chaotic Evil,4,,,,,,,,,,,,,x,x,,,,,,Monster Manual,132,Rise of Tiamat Online Supplement 14,,,,,,,,,,
Giff Warlord,Medium,Humanoid,,Any,10,,,x,,,,,,,,,,,,,,,,,Boo's Astral Menagerie,25,,,Adult Faerie Dragon,Tiny,Dragon,,Chaotic Good,2,,x,,,,,,,,,x,,,,,,,,,Monster Manual,133,,,,,,,,,,,
Gigant,Gargantuan,Monstrosity,,Unaligned,20,,,,,,,,,,,,,,,,,,,,Bigby Presents: Glory of the Giants,154,,,Young Faerie Dragon,Tiny,Dragon,,Chaotic Good,1,,x,,,,,,,,,x,,,,,,,,,Monster Manual,133,,,,,,,,,,,
Gilded Devil,Medium,Fiend,Devil,Lawful Neutral,7,,x,,,,,,,,,,,,,,,,,ø,Tome of Beasts,106,,,Flameskull,Tiny,Undead,,Neutral Evil,4,,x,,,,,,,,,,,,,,x,,,,Monster Manual,134,"Lost Mines of Phandelver 57, The Lost Dungeon of Rickedness: Big Rick Energy 37",,,,,,,,,,
Gill-man,Medium,Monstrosity,,Neutral,6,,,,,,,,,,,,,,,ø,,ø,,,Monster a Day Compendium 2.0,61,,,Flumph,Small,Aberration,,Lawful Good,1/8,,,,,,,,,,,,,,,,x,,,,Monster Manual,135,,,,,,,,,,,
Gillmonkey,Small,Beast,Aquatic,Chaotic Evil,1/4,,,,,,,,,x,,,,,,,,x,,,Fifth Edition Foes,121,,,Fomorian,Huge,Giant,,Chaotic Evil,8,,,,,,,,,,,,,,,,x,,,,Monster Manual,136,,,,,,,,,,,
Gingwatzim,Small,Aberration,Shapechanger,Not Provided,2,,,,,,,,ø,ø,ø,ø,ø,ø,ø,ø,ø,,ø,,Candlekeep Mysteries,27,,,Gas Spore,Large,Plant,,Unaligned,1/2,,,,,,,,,,,,,,,,x,,,,Monster Manual,138,,,,,,,,,,,
Ginormous Squirrel,Gargantuan,Beast,,Unaligned,16,,,x,,,,,,,,ø,,,,,,,,,Monster a Day Compendium 2.0,62,,,Shrieker,Medium,Plant,,Unaligned,0,,,,,,,,,,,,,,,,x,,,,Monster Manual,138,,,,,,,,,,,
Girallon,Large,Monstrosity,,Unaligned,4,,,,,,,,,,,x,,,,,,,,,Mordenkainen Presents: Monsters of the Multiverse,139,"Volo's Guide to Monsters 152, Tomb of Annihilation 222",,Violet Fungus,Medium,Plant,,Unaligned,1/4,,,,,,,,,,,,,,,,x,,,,Monster Manual,138,,,,,,,,,,,
Girallon Zombie,Large,Undead,,Chaotic Evil,3,,,,,,,,,,,,,,,ø,ø,,,,Tomb of Annihilation,240,Infernal Machine Rebuild 66,,Galeb Duhr,Medium,Elemental,,Neutral,6,,,,,,,,,,,,,x,x,,,,,,Monster Manual,139,,,,,,,,,,,
"Gishath, Sun's Avatar",Gargantuan,Beast,,Unaligned,10,,,x,,x,,,,ø,,ø,,,,,,,,,Planeshift: Ixalan,32,,,Gargoyle,Medium,Elemental,,Chaotic Evil,2,,,,,,,,,,,,,,,,x,,x,,Monster Manual,140,,,,,,,,,,,
Githyanki Anarch,Medium,Humanoid,Gith,Lawful Neutral,16,,x,x,x,,,,,,x,,,,x,,,,x,,Mordenkainen's Tome of Foes,207,,,Dao,Large,Elemental,,Neutral Evil,11,,x,,,,,,,,,,,,,,x,,,,Monster Manual,143,Rise of Tiamat Online Supplement 12,,,,,,,,,,
Githyanki Buccaneer,Medium,Humanoid,Gith,Any,3,,x,,,,,,,,,,,,,,,,,,Boo's Astral Menagerie,27,,,Djinni,Large,Elemental,,Chaotic Good,11,,x,,,,,,,x,,,,,,,,,,,Monster Manual,144,,,,,,,,,,,
Githyanki Enlightened,Medium,Humanoid,Gith,Lawful Neutral,10,,x,,,,,,,,x,,,,x,,,,x,,Mordenkainen's Tome of Foes,208,,,Efreeti,Large,Elemental,,Lawful Neutral,11,,x,,,,,,,,x,,,,,,,,,,Monster Manual,145,Rise of Tiamat Online Supplement 13,,,,,,,,,,
Githyanki Gish,Medium,Humanoid,"gith, wizard",Any,10,,x,,,,,,,,x,,,,x,,,,x,,Mordenkainen Presents: Monsters of the Multiverse,140,,,Marid,Large,Elemental,,Chaotic Neutral,11,,x,,,,,,,x,,,,,,,,x,,,Monster Manual,146,,,,,,,,,,,
Githyanki Gish,Medium,Humanoid,Gith,Lawful Neutral,10,,x,,,,,,,,x,,,,x,,,,x,,Mordenkainen's Tome of Foes,205,Waterdeep: Dungeon of the Mad Mage 312,,Ghost,Medium,Undead,,Any,4,,,,,,,,,,,,,,,,x,,x,,Monster Manual,147,Rise of Tiamat Online Supplement 15,,,,,,,,,,
Githyanki Kith'rak,Medium,Humanoid,gith,Any,12,,x,,,,,,,,x,,,,x,,,,x,,Mordenkainen Presents: Monsters of the Multiverse,140,,,Ghast,Medium,Undead,Ghoul,Chaotic Evil,2,,,,,,,,,,,,,,,x,x,,x,,Monster Manual,148,,,,,,,,,,,
Githyanki Kith'rak,Medium,Humanoid,Gith,Lawful Neutral,12,,x,,,,,,,,x,,,,x,,,,x,,Mordenkainen's Tome of Foes,205,,,Ghoul,Medium,Undead,Ghoul,Chaotic Evil,1,,,,,,,,,,,,,,,x,x,,x,,Monster Manual,148,"Lost Mines of Phandelver 58, The Lost Dungeon of Rickedness: Big Rick Energy 38",,,,,,,,,,
Githyanki Knight,Medium,Humanoid,Gith,Lawful Neutral,8,,x,,,,,,,,,,,,,,,,,ø,Monster Manual,160,,,Cloud Giant,Huge,Giant,Cloud Giant,Neutral Good,9,,x,,,,,,,,,,,,x,,,,,,Monster Manual,154,,,,,,,,,,,
Githyanki Star Seer,Medium,Humanoid,"Gith, Warlock",Any,7,,x,,,,,,,,,,,,,,,,,,Boo's Astral Menagerie,27,,,Fire Giant,Huge,Giant,Fire Giant,Lawful Neutral,9,,,,,,,,,,,,,,x,,x,,,,Monster Manual,154,,,,,,,,,,,
Githyanki Supreme Commander,Medium,Humanoid,gith,Any,14,,x,x,,,,,,,x,,,,x,,,,x,,Mordenkainen Presents: Monsters of the Multiverse,141,,,Frost Giant,Huge,Giant,Frost Giant,Neutral Evil,8,,,,,,,,x,,,,,,x,,,,,,Monster Manual,155,,,,,,,,,,,
Githyanki Supreme Commander,Medium,Humanoid,Gith,Lawful Neutral,14,,x,x,,,,,,,x,,,,x,,,,x,,Mordenkainen's Tome of Foes,206,,,Hill Giant,Huge,Giant,,Chaotic Evil,5,,,,,,,,,,,,,x,,,,,,,Monster Manual,155,,,,,,,,,,,
Githyanki Warrior,Medium,Humanoid,Gith,Lawful Neutral,3,,x,,,,,,,,,,,,,,,,,ø,Monster Manual,160,,,Stone Giant,Huge,Giant,Stone Giant,Neutral,7,,,,,,,,,,,,,x,x,,x,,,,Monster Manual,156,,,,,,,,,,,
Githyanki Xenomancer,Medium,Humanoid,"Gith, Druid",Any,9,,x,,,,,,,,,,,,,,,,,,Boo's Astral Menagerie,27,,,Storm Giant,Huge,Giant,Storm Giant,Chaotic Good,13,,x,,,,,,,x,,,,,ø,,,x,,,Monster Manual,156,,,,,,,,,,,
Githzerai Anarch,Medium,Humanoid,gith,Any,16,,x,x,x,,,,,,,,,,,,,,,,Mordenkainen Presents: Monsters of the Multiverse,142,,,Gibbering Mouther,Medium,Aberration,,Neutral,2,,,,,,,,,,,,,,,,x,,,,Monster Manual,157,,,,,,,,,,,
Githzerai Enlightened,Medium,Humanoid,gith,Any,10,,x,,,,,,,,x,,,,x,,,,x,,Mordenkainen Presents: Monsters of the Multiverse,143,,,Githyanki Knight,Medium,Humanoid,Gith,Lawful Neutral,8,,x,,,,,,,,,,,,,,,,,ø,Monster Manual,160,,,,,,,,,,,
Githzerai Futurist,Medium,Aberration,Gith,Any,9,,x,,,,,,,,,,,,,,,,,x,Morte's Planar Parade,30,,,Githyanki Warrior,Medium,Humanoid,Gith,Lawful Neutral,3,,x,,,,,,,,,,,,,,,,,ø,Monster Manual,160,,,,,,,,,,,
Githzerai Monk,Medium,Humanoid,Gith,Lawful Neutral,2,,x,,,,,,,,,,,,,,,,,ø,Monster Manual,161,,,Githzerai Monk,Medium,Humanoid,Gith,Lawful Neutral,2,,x,,,,,,,,,,,,,,,,,ø,Monster Manual,161,,,,,,,,,,,
Githzerai Traveler,Medium,Aberration,Gith,Any,3,,x,,,,,,,,,,,,,,,,,x,Morte's Planar Parade,31,,,Githzerai Zerth,Medium,Humanoid,Gith,Lawful Neutral,6,,x,,,,,,,,,,,,,,,,,ø,Monster Manual,161,,,,,,,,,,,
Githzerai Uniter,Medium,Aberration,Gith,Any,7,,x,,,,,,,,,,,,,,,,,x,Morte's Planar Parade,31,,,Gnoll,Medium,Humanoid,Gnoll,Chaotic Evil,1/2,,,,,,,,,,x,x,x,x,,,,,,,Monster Manual,163,,,,,,,,,,,
Githzerai Zerth,Medium,Humanoid,Gith,Lawful Neutral,6,,x,,,,,,,,,,,,,,,,,ø,Monster Manual,161,,,Gnoll Fang of Yeenoghu,Medium,Fiend,Gnoll,Chaotic Evil,4,,,,,,,,,,x,x,x,x,,,,,,,Monster Manual,163,,,,,,,,,,,
Glabrezu,Large,Fiend,Demon,Chaotic Evil,9,,x,,,,,,,,,,,,,,,,,ø,Monster Manual,58,,,Gnoll Pack Lord,Medium,Humanoid,Gnoll,Chaotic Evil,2,,,,,,,,,,x,x,x,x,,,,,,,Monster Manual,163,,,,,,,,,,,
Glacial Corruptor,Medium,Undead,,Lawful Evil,1,,,,,,,,x,,,,,,x,,,,,,Tome of Beasts 2,176,,,Svirfneblin,Small,Humanoid,Deep Gnome,Neutral Good,1/2,,x,,,,,,,,,,,,,,x,,,,Monster Manual,164,,,,,,,,,,,
Glacial Ooze,Large,Ooze,,Unaligned,1,,,,,,,,x,,,,,,x,,,,,,Fifth Edition Foes,178,,,Goblin,Small,Humanoid,Goblinoid,Neutral Evil,1/4,,,,,,,,,,,x,x,x,,,x,,,,Monster Manual,166,"Lost Mines of Phandelver 58, The Lost Dungeon of Rickedness: Big Rick Energy 39",,,,,,,,,,
Glacier Behemoth,Huge,Beast,,Unaligned,12,,,,,,,,x,,,,,,,,,,,,Tome of Beasts 2,177,,,Goblin Boss,Small,Humanoid,Goblinoid,Neutral Evil,1,,,,,,,,,,,x,x,x,,,x,,,,Monster Manual,166,,,,,,,,,,,
Gladeborn Hunter,Medium,Humanoid,Any Race,Neutral,5,,,,,,,,,,,ø,ø,,,,,,ø,,Monster a Day Compendium 2.0,63,,,Clay Golem,Large,Construct,,Unaligned,9,,,,,,,,ø,,ø,ø,ø,ø,ø,ø,ø,,ø,ø,Monster Manual,168,Rise of Tiamat Online Supplement 10,,,,,,,,,,
Gladeborn Trapper,Medium,Humanoid,Any Race,Neutral,3,,,,,,,,,,,ø,ø,,,,,,ø,,Monster a Day Compendium 2.0,63,,,Flesh Golem,Medium,Construct,,Neutral,5,,,,,,,,,ø,,ø,ø,ø,,ø,ø,,ø,ø,Monster Manual,169,,,,,,,,,,,
Gladiator,Medium,Humanoid,Any Race,Any,5,,,,,,,,,,,,,,,,,,x,,Monster Manual,346,Rise of Tiamat Online Supplement 16,,Iron Golem,Large,Construct,,Unaligned,16,,,,,,,,ø,ø,ø,ø,ø,ø,ø,,ø,ø,ø,ø,Monster Manual,170,,,,,,,,,,,
Glaive,Medium,Construct,Warforged,Chaotic Evil,11,,,,,x,,,,,,,,,,,,,,,Vecna: Eve of Ruin,81,,,Stone Golem,Large,Construct,,Unaligned,10,,,,,,,,ø,ø,ø,ø,ø,ø,ø,ø,ø,ø,ø,ø,Monster Manual,170,Infernal Machine Rebuild 84,,,,,,,,,,
Glass Gator,Large,Beast,,Unaligned,1,,,,,,,,,ø,,,,,,ø,ø,ø,,,Tome of Beasts,228,,,Gorgon,Large,Monstrosity,,Unaligned,5,,,,,,,,,,,x,x,x,,,,,,,Monster Manual,171,Rise of Tiamat Online Supplement 17,,,,,,,,,,
Glass Golem,Small,Construct,,Unaligned,2,,,,,,,,x,x,x,x,x,x,x,x,x,x,x,x,Creature Codex,200,,,Grell,Medium,Aberration,,Neutral Evil,3,,,,,,,,,,,,,,,,x,,,,Monster Manual,172,Infernal Machine Rebuild 68,,,,,,,,,,
Glasswork Golem,Medium,Construct,,Unaligned,2,,,,,,,,,,,,,,,,,,,,The Wild Beyond The Witchlight,193,,,Grick,Medium,Monstrosity,,Neutral,2,,,,,,,,,,,x,,,,,x,,,,Monster Manual,173,Lost Mines of Phandelver 58,,,,,,,,,,
Gloamwing,Large,Undead,,Neutral Evil,8,,,,,,,,,,,,,,,,,,ø,ø,Guildmaster's Guide to Ravnica,215,,,Grick Alpha,Large,Monstrosity,,Neutral,7,,,,,,,,,,,x,,,,,x,,,,Monster Manual,173,,,,,,,,,,,
Gloom Crawler,Huge,Monstrosity,,Neutral,10,,,,,,,,,,,x,x,x,,,x,,,,Fifth Edition Foes,122,,,Griffon,Large,Monstrosity,,Unaligned,2,,,,,,,,x,x,,,x,x,x,,,,,,Monster Manual,174,,,,,,,,,,,
Gloom Flower,Tiny,Plant,,Unaligned,3,,,,,,,,,,,,,,,,,,,x,Creature Codex,188,,,Grimlock,Medium,Humanoid,Grimlock,Neutral Evil,1/4,,,,,,,,,,,,,,,,x,,,,Monster Manual,175,,,,,,,,,,,
Gloom Weaver,Medium,Humanoid,"Elf, Shadar-Kai",Neutral,9,,x,,,,,,,,,,,,,,x,,x,,Mordenkainen's Tome of Foes,224,,,Green Hag,Medium,Fey,Hag,Neutral Evil,3,,x,,,,,,,,,x,,x,,x,,,,,Monster Manual,177,Infernal Machine Rebuild 67,,,,,,,,,,
Gloomstalker,Large,Monstrosity,,Neutral Evil,6,,,,,,,,,,,,,,,,ø,,,x,Explorer's Guide to Wildemount,291,,,Night Hag,Medium,Fiend,,Neutral Evil,5,,x,,,,,,,,,,,,,,,,,ø,Monster Manual,178,,,,,,,,,,,
Glory,Large,Fiend,,Neutral Evil,15,,,,,x,,,,,,,,,,,,,,ø,Monster a Day Compendium 2.0,127,,,Sea Hag,Medium,Fey,Hag,Chaotic Evil,2,,x,,,,,,,x,,,,,,,,x,,,Monster Manual,179,,,,,,,,,,,
Gnarljak,Small,Construct,,Unaligned,6,,,,,,,,,,,,,,,,,,,,Tome of Beasts,229,,,Half-Red Dragon Veteran,Medium,Humanoid,Human,Any,5,,,,,,,x,,,,,,,,,,,ø,,Monster Manual,180,"Infernal Machine Rebuild 68, Rise of Tiamat Online Supplement 17",,,,,,,,,,
Gnarlwood,Huge,Plant,,Neutral Evil,8,,x,,,,,,,,,x,,,,,,,,,Fifth Edition Foes,123,,,Harpy,Medium,Monstrosity,,Chaotic Evil,1,,,,,,,,,x,,x,,x,x,,,,,,Monster Manual,181,,,,,,,,,,,
Gnoll,Medium,Humanoid,Gnoll,Chaotic Evil,1/2,,,,,,,,,,x,x,x,x,,,,,,,Monster Manual,163,,,Hell Hound,Medium,Fiend,,Lawful Neutral,3,,,,,,,,,,,,,,x,,x,,,,Monster Manual,182,Infernal Machine Rebuild 69,,,,,,,,,,
Gnoll Deathknight,Medium,Humanoid,Gnoll,Chaotic Evil,6,,,,,,,,,,ø,ø,ø,ø,,,,,,,Monster a Day Compendium 2.0,64,,,Helmed Horror,Medium,Construct,,Neutral,4,,,,,,,,,,,,,,,,,,ø,,Monster Manual,183,Rise of Tiamat Online Supplement 18,,,,,,,,,,
Gnoll Deathmage,Medium,Humanoid,Gnoll,Chaotic Evil,7,,x,,,,,,,,ø,ø,ø,ø,,,,,,,Monster a Day Compendium 2.0,65,,,Hippogriff,Large,Monstrosity,,Unaligned,1,,,,,,,,,,,,x,x,x,,,,,,Monster Manual,184,,,,,,,,,,,
Gnoll Fang of Yeenoghu,Medium,Fiend,Gnoll,Chaotic Evil,4,,,,,,,,,,x,x,x,x,,,,,,,Monster Manual,163,,,Hobgoblin,Medium,Humanoid,Goblinoid,Lawful Neutral,1/2,,,,,,,,,,x,x,x,x,,,x,,,,Monster Manual,186,"Lost Mines of Phandelver 59, The Lost Dungeon of Rickedness: Big Rick Energy 39",,,,,,,,,,
Gnoll Flesh Gnawer,Medium,Monstrosity,,Chaotic Evil,1,,,,,,,,x,,,x,x,x,,,,,,,Mordenkainen Presents: Monsters of the Multiverse,144,,,Hobgoblin Captain,Medium,Humanoid,Goblinoid,Lawful Neutral,3,,,,,,,,,,x,x,x,x,,,x,,,,Monster Manual,186,,,,,,,,,,,
Gnoll Flesh Gnawer,Medium,Humanoid,Gnoll,Chaotic Evil,1,,,,,,,,x,,,x,x,x,,,,,,,Volo's Guide to Monsters,154,,,Hobgoblin Warlord,Medium,Humanoid,Goblinoid,Lawful Neutral,6,,,,,,,,,,x,x,x,x,,,x,,,,Monster Manual,187,,,,,,,,,,,
Gnoll Havoc Runner,Medium,Humanoid,Gnoll,Chaotic Evil,3,,,,,,,,,,ø,ø,ø,ø,,,,,,,Tome of Beasts,230,,,Homunculus,Tiny,Construct,,Neutral,0,,,,,,,,,,,,,,,,,,ø,,Monster Manual,188,Infernal Machine Rebuild 69,,,,,,,,,,
Gnoll Hunter,Medium,Monstrosity,,Chaotic Evil,1/2,,,,,,,,x,,,x,x,x,,,,,,,Mordenkainen Presents: Monsters of the Multiverse,144,,,Hook Horror,Large,Monstrosity,,Neutral,3,,,,,,,,,,,,,,,,x,,,,Monster Manual,189,,,,,,,,,,,
Gnoll Hunter,Medium,Humanoid,Gnoll,Chaotic Evil,1/2,,,,,,,,x,,,x,x,x,,,,,,,Volo's Guide to Monsters,154,,,Hydra,Huge,Monstrosity,,Unaligned,8,,,,,,,,,,,,,,,x,,,,,Monster Manual,190,,,,,,,,,,,
Gnoll Pack Lord,Medium,Humanoid,Gnoll,Chaotic Evil,2,,,,,,,,,,x,x,x,x,,,,,,,Monster Manual,163,,,Intellect Devourer,Tiny,Aberration,,Lawful Neutral,2,,,,,,,,,,,,,,,,x,,,,Monster Manual,191,,,,,,,,,,,
Gnoll Slaver,Medium,Humanoid,Gnoll,Chaotic Evil,3,,,,,,,,,,,,x,,,,,,x,,Creature Codex,189,,,Invisible Stalker,Medium,Elemental,,Neutral,6,,,,,,,,,,,,,,,,,,x,,Monster Manual,192,,,,,,,,,,,
Gnoll Vampire,Medium,Undead,Shapechanger,Chaotic Evil,8,,,,,,,,,,,,,,,,,,,,Icewind Dale: Rime of the Frostmaiden,290,,,Jackalwere,Medium,Humanoid,Shapechanger,Chaotic Evil,1/2,,,,,,,,,,x,,x,,,,,,,,Monster Manual,193,,,,,,,,,,,
Gnoll Witherling,Medium,Undead,,Chaotic Evil,1/4,,,,,,,,x,,,x,x,x,,,,,,,Mordenkainen Presents: Monsters of the Multiverse,145,,,Kenku,Medium,Humanoid,Kenku,Chaotic Neutral,1/4,,,,,,,,,,,x,,,,,,,x,,Monster Manual,194,,,,,,,,,,,
Gnoll Witherling,Medium,Undead,Gnoll,Chaotic Evil,1/4,,,,,,,,x,,,x,x,x,,x,x,,x,,Volo's Guide to Monsters,155,,,Kobold,Small,Humanoid,Kobold,Lawful Neutral,1/8,,,,,,,,x,x,x,,,x,x,x,x,,x,,Monster Manual,195,Rise of Tiamat Online Supplement 19,,,,,,,,,,
Gnome Ceremorph,Small,Aberration,,Any,5,,x,,,,,,,,,,,,,,,,,ø,Icewind Dale: Rime of the Frostmaiden,303,,,Winged Kobold,Small,Humanoid,Kobold,Lawful Neutral,1/4,,,,,,,,x,x,x,x,,x,x,x,x,,x,,Monster Manual,195,,,,,,,,,,,
Gnome Squidling,Small,Aberration,,Unaligned,1/2,,x,,,,,,,,,,,,,,,,,ø,Icewind Dale: Rime of the Frostmaiden,303,,,Kraken,Gargantuan,Monstrosity,Titan,Chaotic Evil,23,,,x,x,,,,,,,,,,,,,x,,,Monster Manual,197,,,,,,,,,,,
Gnomish Knife Cultist,Small,Humanoid,Gnome,Chaotic Evil,5,,x,,,,,,,,,,x,,,,,,x,,Creature Codex,402,,,Kuo-toa,Medium,Humanoid,Kuo-Toa,Neutral Evil,1/4,,,,,,,,,,,,,,,,x,,,,Monster Manual,199,,,,,,,,,,,
Gnoph-Keh,Large,Monstrosity,,Neutral Evil,11,,,,,,,,x,,,,,,,,,,,,Sandy Petersen's Cthulhu Mythos,329,,,Kuo-toa Archpriest,Medium,Humanoid,Kuo-Toa,Neutral Evil,6,,x,,,,,,,,,,,,,,x,,,,Monster Manual,200,,,,,,,,,,,
Gnorri Hunter,Large,Monstrosity,,Neutral,1/2,,,,,,,,,x,,,,,,,,x,,,Sandy Petersen's Cthulhu Mythos,330,,,Kuo-toa Whip,Medium,Humanoid,Kuo-Toa,Neutral Evil,1,,x,,,,,,,,,,,,,,x,,,,Monster Manual,200,,,,,,,,,,,
Goat,Medium,Beast,,Unaligned,0,,,,,,,,,,,,x,x,x,,,,x,,Monster Manual,330,,,Lamia,Large,Monstrosity,,Chaotic Evil,4,,x,,,,,,,,x,,,,,,,,,,Monster Manual,201,,,,,,,,,,,
Goat-Knight Steed,Large,Celestial,,Unaligned,1/2,,,,,,,,,,,,,,ø,,,,,,Tal'Dorei Campaign Setting,135,,,Lich,Medium,Undead,,Any Evil,21,,x,x,,,,,ø,ø,ø,ø,ø,ø,ø,ø,ø,ø,ø,,Monster Manual,202,,,,,,,,,,,
Goat-Man,Medium,Monstrosity,,Chaotic Evil,3,,,,,,,,,,,,ø,ø,ø,,,,ø,,Tome of Beasts,231,,,Lich (in lair),Medium,Undead,,Any Evil,22,,x,x,x,,,,ø,ø,ø,ø,ø,ø,ø,ø,ø,ø,ø,,Monster Manual,202,,,,,,,,,,,
Goblin,Small,Humanoid,Goblinoid,Neutral Evil,1/4,,,,,,,,,,,x,x,x,,,x,,,,Monster Manual,166,"Lost Mines of Phandelver 58, The Lost Dungeon of Rickedness: Big Rick Energy 39",,Lizardfolk,Medium,Humanoid,Lizardfolk,Neutral,1/2,,,,,,,,,,,x,,,,x,,,,,Monster Manual,204,"Infernal Machine Rebuild 70, Rise of Tiamat Online Supplement 19",,,,,,,,,,
Goblin Alchemist,Small,Humanoid,Goblinoid,Neutral Evil,1/2,,,,,,,,,,,ø,ø,ø,,,ø,,,,Monster a Day Compendium 2.0,66,,,Lizard King/Queen,Medium,Humanoid,Lizardfolk,Chaotic Evil,4,,,,,,,,,,,x,,,,x,,,,,Monster Manual,205,,,,,,,,,,,
Goblin Boss,Small,Humanoid,Goblinoid,Neutral Evil,1,,,,,,,,,,,x,x,x,,,x,,,,Monster Manual,166,,,Lizardfolk Shaman,Medium,Humanoid,Lizardfolk,Neutral,2,,x,,,,,,,,,x,,,,x,,,,,Monster Manual,205,Infernal Machine Rebuild 72,,,,,,,,,,
Goblin Psi Brawler,Small,Aberration,Goblinoid,Any,2,,,,,,,,,,,,,,,,,,,,Phandelver and Below: The Shattered Obelisk,215,,,Werebear,Medium,Humanoid,"Shapechanger, Human",Neutral Good,5,,,,,,,,x,,,x,,x,,,,,,,Monster Manual,208,,,,,,,,,,,
Goblin Psi Commander,Small,Aberration,Goblinoid,Any,4,,x,,,,,,,,,,,,,,,,,,Phandelver and Below: The Shattered Obelisk,216,,,Wereboar,Medium,Humanoid,"Shapechanger, Human",Neutral Evil,4,,,,,,,,,,,x,x,x,,,,,,,Monster Manual,209,,,,,,,,,,,
Goblin Ritualist,Small,Humanoid,Goblinoid,Neutral Evil,1/2,,x,,,,,,,,,ø,ø,ø,,,ø,,,,Monster a Day Compendium 2.0,66,,,Wererat,Medium,Humanoid,"Shapechanger, Human",Lawful Neutral,2,,,,,,,,,,,x,,,,,,,,,Monster Manual,209,Infernal Machine Rebuild 92,,,,,,,,,,
Gohl (Hydra Cloud),Large,Aberration,,Chaotic Evil,8,,,,,,,,,,,,,,,,x,,,x,Fifth Edition Foes,124,,,Weretiger,Medium,Humanoid,"Shapechanger, Human",Neutral,4,,,,,,,,,,x,x,x,,,,,,,,Monster Manual,210,,,,,,,,,,,
Gold Dragon Wyrmling,Medium,Dragon,,Lawful Good,3,,,,,,,,,,,x,x,,,,,,,,Monster Manual,115,,,Werewolf,Medium,Humanoid,"Shapechanger, Human",Chaotic Evil,3,,,,,,,,,,,x,,x,,,,,,,Monster Manual,211,,,,,,,,,,,
Gold-Forged Sentinel,Large,Construct,,Unaligned,5,,,,,,,,,,,,,,x,,,,ø,,Mythic Odysseys of Theros,211,,,Magmin,Small,Elemental,,Chaotic Neutral,1/2,,,,,,,,,,,,,,,,,,,ø,Monster Manual,212,,,,,,,,,,,
Golden Cat,Tiny,Beast,,Unaligned,0,,,,,,,,,x,,x,x,x,,,,,x,,Fifth Edition Foes,125,,,Manticore,Large,Monstrosity,,Lawful Neutral,3,,,,,,,,x,x,,,x,x,x,,,,,,Monster Manual,213,,,,,,,,,,,
Golgari Shaman,Medium,Humanoid,Elf,Neutral Evil,5,,x,,,,,,,,,,,,,ø,ø,,ø,,Guildmaster's Guide to Ravnica,236,,,Medusa,Medium,Monstrosity,,Lawful Neutral,6,,,,,,,,,,x,,,,,,,,,,Monster Manual,214,Infernal Machine Rebuild 73,,,,,,,,,,
Goliath Giant-Kin,Medium,Humanoid,,Any,3,,,,,,,,,,,,,,,,,,,,Bigby Presents: Glory of the Giants,155,,,Dust Mephit,Small,Elemental,,Neutral Evil,1/2,,x,,,,,,,,x,,,,,,,,,,Monster Manual,215,,,,,,,,,,,
Goliath Longlegs,Gargantuan,Monstrosity,,Unaligned,7,,,,,,,,,,,x,,,,,,,,,Creature Codex,206,,,Ice Mephit,Small,Elemental,,Neutral Evil,1/2,,x,,,,,,x,,,,,,,,,,,,Monster Manual,215,,,,,,,,,,,
Goliath Warrior,Medium,Humanoid,Goliath,Any,3,,,,,,,,ø,,,,,,x,,,,,,Icewind Dale: Rime of the Frostmaiden,292,,,Magma Mephit,Small,Elemental,,Neutral Evil,1/2,,x,,,,,,,,,,,,,,x,,,,Monster Manual,216,,,,,,,,,,,
Goliath Werebear,Medium,Humanoid,"Goliath, shapechanger",Neutral Good,8,,,,,,,,ø,,,,,,x,,,,,,Icewind Dale: Rime of the Frostmaiden,293,,,Mud Mephit,Small,Elemental,,Neutral Evil,1/4,,,,,,,,,,,,,,,x,,,,,Monster Manual,216,,,,,,,,,,,
Gorao-Ka,Tiny,Fey,Kami,Neutral Good,1/8,,,,,,,,,,,,x,,,,,,x,,Tome of Beasts 2,221,,,Smoke Mephit,Small,Elemental,,Neutral Evil,1/4,,x,,,,,,,,,,,,,,,,x,,Monster Manual,217,,,,,,,,,,,
Gorbel,Small,Aberration,,Neutral,1/4,,,,,,,,,,,x,,,,x,,,,,Fifth Edition Foes,130,,,Steam Mephit,Small,Elemental,,Neutral Evil,1/4,,x,,,,,,,,,,,,,,,x,,,Monster Manual,217,,,,,,,,,,,
Goreling,Small,Undead,,Unaligned,1/4,,,,,,,,x,x,x,x,x,x,x,x,x,x,x,x,Creature Codex,207,,,Merfolk,Medium,Humanoid,Merfolk,Neutral,1/8,,,,,,,,,x,,,,,,,,x,,,Monster Manual,218,,,,,,,,,,,
Gorgimera,Large,Monstrosity,,Unaligned,7,,,,,,,,,,,,,x,x,,,,,,Fifth Edition Foes,131,,,Merrow,Large,Monstrosity,,Chaotic Evil,2,,,,,,,,,x,,,,,,,,x,,,Monster Manual,219,Rise of Tiamat Online Supplement 19,,,,,,,,,,
Gorgon,Large,Monstrosity,,Unaligned,5,,,,,,,,,,,x,x,x,,,,,,,Monster Manual,171,Rise of Tiamat Online Supplement 17,,Mimic,Medium,Monstrosity,Shapechanger,Neutral,2,,,,,,,,,,,,,,,,x,,x,,Monster Manual,220,"Infernal Machine Rebuild 73, The Lost Dungeon of Rickedness: Big Rick Energy 39",,,,,,,,,,
Gorilla Bear,Medium,Monstrosity,,Unaligned,1,,,,,,,,,,,x,,,,x,,,,,Fifth Edition Foes,132,,,Mind Flayer,Medium,Aberration,,Lawful Neutral,7,,x,,,,,,,,,,,,,,x,,,,Monster Manual,222,,,,,,,,,,,
Goristro,Huge,Fiend,Demon,Chaotic Evil,17,,,,,,,,,,,,,,,,,,,ø,Monster Manual,59,,,Mind Flayer Arcanist,Medium,Aberration,,Lawful Neutral,8,,,,,,,,,,,,,,,,x,,,,Monster Manual,222,Lost Laboratory of Kwalish 45,,,,,,,,,,
Graknork,Gargantuan,Monstrosity,,Unaligned,14,,,,,,,,x,,,,,,,,,,,,Tome of Beasts 2,182,,,Minotaur,Large,Monstrosity,,Chaotic Evil,3,,,,,,,,,,,,,,,,x,,,,Monster Manual,223,,,,,,,,,,,
Grandfather Oak,Huge,Plant,,Chaotic Good,9,,,,,x,,,,,,,,,,,,,,,Infernal Machine Rebuild,5,,,Monodrone,Medium,Construct,Modron,Lawful Neutral,1/8,,,,,,,,,,,,,,,,,,,ø,Monster Manual,224,,,,,,,,,,,
Granite Juggernaut,Large,Construct,,Unaligned,12,,,,,,,,,,,,,,,,,,,,Vecna: Eve of Ruin,221,,,Duodrone,Medium,Construct,Modron,Lawful Neutral,1/4,,,,,,,,,,,,,,,,,,,ø,Monster Manual,225,,,,,,,,,,,
Grave Behemoth,Huge,Undead,,Neutral Evil,10,,,,,,,,x,x,x,x,x,x,x,x,x,x,x,x,Creature Codex,208,,,Tridrone,Medium,Construct,Modron,Lawful Neutral,1/2,,,,,,,,,,,,,,,,,,,ø,Monster Manual,225,,,,,,,,,,,
Grave Sage,Medium,Monstrosity,,Chaotic Evil,11,,x,,,,,,,,,,,,ø,,x,,x,x,Sandy Petersen's Cthulhu Mythos,327,,,Pentadrone,Large,Construct,Modron,Lawful Neutral,2,,,,,,,,,,,,,,,,,,,ø,Monster Manual,226,,,,,,,,,,,
Grave Titan,Huge,Undead,,Neutral Evil,10,,,,,,,,,,,,,,,,,,ø,,Monster a Day Compendium 2.0,68,,,Quadrone,Medium,Construct,Modron,Lawful Neutral,1,,,,,,,,,,,,,,,,,,,ø,Monster Manual,226,,,,,,,,,,,
Gravecrawler,Medium,Undead,,Neutral Evil,1,,,,,,,,,,,,,,,,ø,,ø,,Monster a Day Compendium 2.0,69,,,Mummy,Medium,Undead,Mummy,Lawful Neutral,3,,,,,,,,,,x,,,,,,,,,,Monster Manual,228,Rise of Tiamat Online Supplement 20,,,,,,,,,,
Graveslayer,Medium,Humanoid,Dwarf,Any Non-Evil,4,,,,,,,,x,x,x,x,x,x,x,x,x,x,x,x,Creature Codex,400,,,Mummy Lord,Medium,Undead,Mummy,Lawful Neutral,15,,x,x,,,,,,,x,,,,,,,,,,Monster Manual,229,Rise of Tiamat Online Supplement 20,,,,,,,,,,
Graveyard Dragon,Large,Undead,,Neutral Evil,7,,,,,,,,x,x,x,x,x,x,x,x,x,x,x,,Tome of Beasts 2,183,,,Mummy Lord (in lair),Medium,Undead,Mummy,Lawful Neutral,16,,x,x,x,,,,,,x,,,,,,,,,,Monster Manual,229,,,,,,,,,,,
Gray Nisp,Large,Fey,,Chaotic Neutral,6,,,,,,,,,x,,,,,,x,,x,,,Fifth Edition Foes,133,,,Myconid Sprout,Small,Plant,Myconid,Lawful Neutral,0,,,,,,,,,,,,,,,,x,,,,Monster Manual,230,,,,,,,,,,,
Gray Ooze,Medium,Ooze,,Unaligned,1/2,,,,,,,,,,,,,,,,x,,,,Monster Manual,243,,,Quaggoth Spore Servant,Medium,Plant,,Unaligned,1,,,,,,,x,,,,,,,,,x,,,,Monster Manual,230,,,,,,,,,,,
Gray Orc,Medium,Humanoid,Orc,Neutral,1/4,,,,,,,,,,,,,x,x,,x,,,,Tome of Beasts 2,284,,,Myconid Adult,Medium,Plant,Myconid,Lawful Neutral,1/2,,,,,,,,,,,,,,,,x,,,,Monster Manual,232,,,,,,,,,,,
Gray Render,Large,Monstrosity,,Chaotic Neutral,12,,,,,,,,,,,x,,x,,,,,,,Mordenkainen Presents: Monsters of the Multiverse,146,,,Myconid Sovereign,Large,Plant,Myconid,Lawful Neutral,2,,,,,,,,,,,,,,,,x,,,,Monster Manual,232,Infernal Machine Rebuild 74,,,,,,,,,,
Gray Render,Large,Monstrosity,,Chaotic Neutral,12,,,,,,,,,,,x,,x,,,,,,,Mordenkainen's Tome of Foes,209,,,Bone Naga,Large,Undead,,Lawful Neutral,4,,x,,,,,,,,,,,,,,x,,,,Monster Manual,233,,,,,,,,,,,
Gray Scavver,Medium,Monstrosity,,Unaligned,1/4,,,,,,,,,,,,,,,,,,,,Boo's Astral Menagerie,49,,,Guardian Naga,Large,Monstrosity,,Lawful Good,10,,x,,,,,,,,x,x,,,,,,,,,Monster Manual,234,,,,,,,,,,,
Gray Slaad,Medium,Aberration,Shapechanger,Chaotic Neutral,9,,x,,,,,,,,,,,,,,,,x,,Monster Manual,277,,,Spirit Naga,Large,Monstrosity,,Chaotic Evil,8,,x,,,,,,,,,,,,,,x,,,,Monster Manual,234,,,,,,,,,,,
Gray Thirster,Medium,Undead,,Neutral Evil,2,,,,,,,,,,ø,,,,,,,,,,Tome of Beasts,238,,,Nightmare,Large,Fiend,,Neutral Evil,3,,,,,,,,,,,,,,,,,,,ø,Monster Manual,235,Infernal Machine Rebuild 76,,,,,,,,,,
Graz'zt,Large,Fiend,demon,Chaotic Evil,24,,x,x,x,x,,,,,,,,,,,,,,ø,Mordenkainen Presents: Monsters of the Multiverse,148,,,Nothic,Medium,Aberration,,Neutral Evil,2,,,,,,,,,,,,,,,,x,,,,Monster Manual,236,"Lost Mines of Phandelver 60, The Lost Dungeon of Rickedness: Big Rick Energy 40",,,,,,,,,,
Graz'zt,Large,Fiend,"Demon, Demon Lord, Shapechanger",Chaotic Evil,24,,x,x,x,x,,,,,,,,,,,,,,ø,Mordenkainen's Tome of Foes,149,Out of the Abyss 241,,Ogre,Large,Giant,,Chaotic Evil,2,,,,,,,,x,x,x,x,x,x,x,x,x,,,,Monster Manual,237,"Lost Mines of Phandelver 60, Rise of Tiamat Online Supplement 21, The Lost Dungeon of Rickedness: Big Rick Energy 41",,,,,,,,,,
Great Gray Owl,Small,Beast,,Unaligned,1/4,,,,,,,,,,,x,,,,,,,,,Tome of Beasts 2,394,,,Oni,Large,Giant,,Lawful Neutral,7,,x,,,,,,,,,x,,,,,,,x,,Monster Manual,239,,,,,,,,,,,
Great Grey Wolf Sif,Large,Beast,,Lawful Good,13,,,,,x,,,,,,ø,ø,,,,,,,,Monster a Day Compendium 2.0,70,,,Black Pudding,Large,Ooze,,Unaligned,4,,,,,,,,,,,,,,,,x,,,,Monster Manual,241,,,,,,,,,,,
Greater Basilisk,Large,Monstrosity,,Neutral Evil,5,,,,,,,,,,x,,,,,,,,,,Fifth Edition Foes,22,,,Gelatinous Cube,Large,Ooze,,Unaligned,2,,,,,,,,,,,,,,,,x,,,,Monster Manual,242,,,,,,,,,,,
Greater Boneneedle,Medium,Beast,,Unaligned,1,,,,,,,,,,,,,,,,x,,,,Fifth Edition Foes,34,,,Gray Ooze,Medium,Ooze,,Unaligned,1/2,,,,,,,,,,,,,,,,x,,,,Monster Manual,243,,,,,,,,,,,
Greater Death Dragon,Huge,Undead,,Chaotic Evil,14,,,x,,,,,,,,,,,,,,,,,Dragonlance: Shadow of the Dragon Queen,195,,,Ochre Jelly,Large,Ooze,,Unaligned,2,,,,,,,,,,,,,,,,x,,,,Monster Manual,243,"Lost Mines of Phandelver 60, The Lost Dungeon of Rickedness: Big Rick Energy 40",,,,,,,,,,
Greater Fire Crab,Large,Monstrosity,,Unaligned,2,,,,,,,,,,,,,,,,,,,x,Fifth Edition Foes,101,,,Orc,Medium,Humanoid,Orc,Chaotic Evil,1/2,,,,,,,,x,,,x,x,x,x,x,x,,,,Monster Manual,246,"Lost Mines of Phandelver 61, The Lost Dungeon of Rickedness: Big Rick Energy 41",,,,,,,,,,
Greater Ghast of Leng,Large,Aberration,,Chaotic Evil,8,,,,,,,,,,,,,,,,,,,x,Tome of Beasts 2,164,,,Orc War Chief,Medium,Humanoid,Orc,Chaotic Evil,4,,,,,,,,x,,,x,x,x,x,x,x,,,,Monster Manual,246,,,,,,,,,,,
Greater Lunarchidna,Medium,Aberration,,Neutral Evil,4,,x,,,,,,,,,x,,,,,,,,,Tome of Beasts 2,242,,,Orc Eye of Gruumsh,Medium,Humanoid,Orc,Chaotic Evil,2,,x,,,,,,x,,,x,x,x,x,x,x,,,,Monster Manual,247,,,,,,,,,,,
Greater Rakshasa,Medium,Fiend,,Lawful Evil,15,,x,x,x,,,,,,,,,,,,,,x,,Creature Codex,311,,,Orog,Medium,Humanoid,Orc,Chaotic Evil,2,,,,,,,,x,,,x,x,x,x,,x,,,,Monster Manual,247,,,,,,,,,,,
Greater Scrag,Large,Monstrosity,,Chaotic Evil,7,,,,,,,,,x,,,,,,x,,x,,,Creature Codex,322,,,Otyugh,Large,Aberration,,Neutral,5,,,,,,,,,,,,,,,,x,,,,Monster Manual,248,"Infernal Machine Rebuild 76, Rise of Tiamat Online Supplement 21",,,,,,,,,,
Greater Star Spawn Emissary,Huge,Aberration,,Not Provided,21,,,x,,,,,ø,ø,ø,ø,ø,ø,ø,ø,ø,ø,ø,ø,Van Richten's Guide to Ravenloft,245,,,Owlbear,Large,Monstrosity,,Unaligned,3,,,,,,,,,,,x,,,,,,,,,Monster Manual,249,"Infernal Machine Rebuild 77, Lost Mines of Phandelver 61, The Lost Dungeon of Rickedness: Big Rick Energy 41",,,,,,,,,,
Greater Zombie,Medium,Undead,,Neutral Evil,5,,,,,,,,,,,,,,,ø,ø,,,,Tales from the Yawning Portal,237,Infernal Machine Rebuild 66,,Pegasus,Large,Celestial,,Chaotic Good,2,,,,,,,,,,,x,x,x,,,,,,,Monster Manual,250,,,,,,,,,,,
Greed Swarm,Medium,Construct,Swarm,Unaligned,1/2,,,,,,,,,,,,,,,,,,x,,Tome of Beasts 2,184,,,Peryton,Medium,Monstrosity,,Chaotic Evil,2,,,,,,,,,,,,,x,x,,,,,,Monster Manual,251,,,,,,,,,,,
Green Abishai,Medium,Fiend,devil,Lawful Evil,15,,x,,,,,,,,,,,,,,,,x,,Mordenkainen Presents: Monsters of the Multiverse,40,,,Piercer,Medium,Monstrosity,,Unaligned,1/2,,,,,,,,,,,,,,,,x,,,,Monster Manual,252,,,,,,,,,,,
Green Abishai,Medium,Fiend,Devil,Lawful Neutral,15,,x,,,,,,,,,,,,,,,,x,ø,Mordenkainen's Tome of Foes,162,,,Pixie,Tiny,Fey,,Neutral Good,1/4,,x,,,,,,,,,x,,,,,,,,,Monster Manual,253,Infernal Machine Rebuild 77,,,,,,,,,,
Green Abyss Orc,Medium,Humanoid,Orc,Chaotic Evil,1/2,,,,,,,,,,,x,,,,,,,,,Creature Codex,291,,,Pseudodragon,Tiny,Dragon,,Neutral Good,1/4,,,,,,v,,,x,x,x,,x,x,,,,x,,Monster Manual,254,"Infernal Machine Rebuild 78, Player's Handbook 308, Rise of Tiamat Online Supplement 22",,,,,,,,,,
Green Brain,Small,Plant,,Lawful Neutral,1,,,,,,,,,,,,,,,,x,,,,Fifth Edition Foes,134,,,Purple Worm,Gargantuan,Monstrosity,,Unaligned,15,,,,,,,,,,x,,,,,,x,,,,Monster Manual,255,,,,,,,,,,,
Green Dracolisk,Large,Dragon,,Unaligned,7,,,,,,,,,,,x,,,,,x,,,,Fifth Edition Foes,85,,,Quaggoth,Medium,Humanoid,Quaggoth,Chaotic Neutral,2,,,,,,,,,,,,,,,,x,,,,Monster Manual,256,,,,,,,,,,,
Green Dragon Wyrmling,Medium,Dragon,,Lawful Neutral,2,,,,,,,,,,,x,,,,,,,,,Monster Manual,95,,,Quaggoth Thonot,Medium,Humanoid,Quaggoth,Chaotic Neutral,3,,x,,,,,,,,,,,,,,x,,,,Monster Manual,256,,,,,,,,,,,
Green Guardian Gargoyle,Medium,Monstrosity,,Chaotic Evil,1,,,,,,,,x,x,x,x,x,x,x,x,x,,x,,Fifth Edition Foes,115,,,Rakshasa,Medium,Fiend,,Lawful Neutral,13,,x,,,,,,,,,,,,,,,,x,,Monster Manual,257,,,,,,,,,,,
Green Hag,Medium,Fey,Hag,Neutral Evil,3,,x,,,,,,,,,x,,x,,x,,,,,Monster Manual,177,Infernal Machine Rebuild 67,,Remorhaz,Huge,Monstrosity,,Unaligned,11,,,,,,,,x,,,,,,,,,,,,Monster Manual,258,,,,,,,,,,,
Green Knight of the Woods,Medium,Fey,,Lawful Neutral,6,,,,,,,,,,,x,,,,,,,,,Creature Codex,209,,,Young Remorhaz,Large,Monstrosity,,Unaligned,5,,,,,,,,x,,,,,,,,,,,,Monster Manual,258,,,,,,,,,,,
Green Slaad,Large,Aberration,Shapechanger,Chaotic Neutral,8,,x,,,,,,,,,,,,,,,,,ø,Monster Manual,277,,,Revenant,Medium,Undead,,Neutral,5,,,,,,,,x,,x,x,,x,,x,,,x,,Monster Manual,259,,,,,,,,,,,
Grell,Medium,Aberration,,Neutral Evil,3,,,,,,,,,,,,,,,,x,,,,Monster Manual,172,Infernal Machine Rebuild 68,,Roc,Gargantuan,Monstrosity,,Unaligned,11,,,,,,,,x,x,x,,,x,x,,,,,,Monster Manual,260,,,,,,,,,,,
Grell Psychic,Medium,Aberration,,Chaotic Evil,4,,x,,,,,,,,,,,,,,,,,,Phandelver and Below: The Shattered Obelisk,145,,,Roper,Large,Monstrosity,,Neutral Evil,5,,,,,,,,,,,,,,,,x,,,,Monster Manual,261,,,,,,,,,,,
Gremishka,Tiny,Monstrosity,,Not Provided,1/8,,,,,,,,,,,,,,,,,,ø,,Van Richten's Guide to Ravenloft,235,,,Rust Monster,Medium,Monstrosity,,Unaligned,1/2,,,,,,,,,,,,,,,,x,,,,Monster Manual,262,,,,,,,,,,,
Gremlin,Small,Beast,,Unaligned,1/2,,,,,,,,,,,,,,,,,,x,,Planeshift: Kaladesh,26,,,Sahuagin,Medium,Humanoid,Sahuagin,Lawful Neutral,1/2,,,,,,,,,x,,,,,,,,x,,,Monster Manual,263,,,,,,,,,,,
Grick,Medium,Monstrosity,,Neutral,2,,,,,,,,,,,x,,,,,x,,,,Monster Manual,173,Lost Mines of Phandelver 58,,Sahuagin Baron,Large,Humanoid,Sahuagin,Lawful Neutral,5,,,,,,,,,x,,,,,,,,x,,,Monster Manual,264,,,,,,,,,,,
Grick Alpha,Large,Monstrosity,,Neutral,7,,,,,,,,,,,x,,,,,x,,,,Monster Manual,173,,,Sahuagin Priestess,Medium,Humanoid,Sahuagin,Lawful Neutral,2,,x,,,,,,,x,,,,,,,,x,,,Monster Manual,264,,,,,,,,,,,
Griffon,Large,Monstrosity,,Unaligned,2,,,,,,,,x,x,,,x,x,x,,,,,,Monster Manual,174,,,Fire Snake,Medium,Elemental,,Neutral Evil,1,,,,,,,,,,,,,,,,x,,,,Monster Manual,265,,,,,,,,,,,
Griffon Cavalry Rider,Medium,Humanoid,Any Race,Any,2,,,,,,,,,,,,,,,,,,ø,,Waterdeep: Dragon Heist,197,,,Salamander,Large,Elemental,,Neutral Evil,5,,,,,,,,,,,,,,,,x,,,,Monster Manual,266,,,,,,,,,,,
Grim Jester,Medium,Undead,,Chaotic Evil,11,,x,,,,,,,,,,,,,,,,ø,,Tome of Beasts,240,,,Satyr,Medium,Fey,,Chaotic Neutral,1/2,,,,,,,,,,,x,,,,,,,,,Monster Manual,267,Infernal Machine Rebuild 80,,,,,,,,,,
Grimlock,Medium,Humanoid,Grimlock,Neutral Evil,1/4,,,,,,,,,,,,,,,,x,,,,Monster Manual,175,,,Scarecrow,Medium,Construct,,Chaotic Evil,1,,,,,,,,,,,,x,,,,,,,,Monster Manual,268,,,,,,,,,,,
Grimm,Large,Fey,,Neutral Evil,7,,x,,,,,,,,,,,,x,,,,,,Fifth Edition Foes,135,,,Shadow,Medium,Undead,,Chaotic Evil,1/2,,,,,,,,,,,,,,,,x,,x,,Monster Manual,269,Infernal Machine Rebuild 80,,,,,,,,,,
Grimmlet,Tiny,Monstrosity,,Unaligned,1,,x,,,,,,,,,,,x,,,,,,,Tome of Beasts 2,186,,,Shambling Mound,Large,Plant,,Unaligned,5,,,,,,,,,,,x,,,,,,,,,Monster Manual,270,,,,,,,,,,,
Grimmlet Swarm,Large,Monstrosity,Swarm,Unaligned,14,,x,,,,,,,,,,,x,,,,,,,Tome of Beasts 2,187,,,Shield Guardian,Large,Construct,,Unaligned,7,,,,,,,,,,,,,,,,,,x,,Monster Manual,271,,,,,,,,,,,
Grindylow,Medium,Aberration,,Chaotic Evil,1,,,,,,,,,,,,,,,,,x,,,Creature Codex,210,,,Skeleton,Medium,Undead,,Lawful Neutral,1/4,,,,,,,,,,,,,,,,,,x,,Monster Manual,272,"Infernal Machine Rebuild 82, Lost Mines of Phandelver 62, Player's Handbook 310, The Lost Dungeon of Rickedness: Big Rick Energy 42",,,,,,,,,,
Grinning Cat,Large,Fey,,Chaotic Neutral,1,,,,,,,,,,,,,,,,,,,,Bigby Presents: Glory of the Giants,156,,,Warhorse Skeleton,Large,Undead,,Lawful Neutral,1/2,,,,,,,,,,,,,,,,,,x,,Monster Manual,272,,,,,,,,,,,
Grippli,Small,Humanoid,,Neutral,1/4,,,,,,,,,,,x,,,,x,,,,,Fifth Edition Foes,136,,,Minotaur Skeleton,Large,Undead,,Lawful Neutral,2,,,,,,,,,,,,,,,,x,,,,Monster Manual,273,Infernal Machine Rebuild 74,,,,,,,,,,
Grippli Warrior,Small,Humanoid,Grippli,Not Provided,1/4,,,,,,,,,,,ø,,,,ø,,,,,Candlekeep Mysteries,99,,,Blue Slaad,Large,Aberration,,Chaotic Neutral,7,,,,,,,,,,,,,,,,,,,ø,Monster Manual,276,,,,,,,,,,,
Grisha,Medium,Humanoid,Human,Chaotic Evil,2,,x,,,x,,,,,,,,,,,,,,,Out of the Abyss,232,,,Red Slaad,Large,Aberration,,Chaotic Neutral,5,,,,,,,,,,,,,,,,,,,ø,Monster Manual,276,,,,,,,,,,,
Groff,Large,Plant,,Unaligned,4,,,,,,,,,,,,,,,x,,,,,Strixhaven: A Cirriculum of Chaos,194,,,Slaad Tadpole,Tiny,Aberration,,Chaotic Neutral,1/8,,,,,,,,,,,,,,,,,,,ø,Monster Manual,276,,,,,,,,,,,
Grog Strongjaw,Medium,Humanoid,half-giant,Not Provided,18,,,,,x,,,,,,,,,,,,,,,Tal'Dorei Campaign Setting Reborn,261,,,Gray Slaad,Medium,Aberration,Shapechanger,Chaotic Neutral,9,,x,,,,,,,,,,,,,,,,x,,Monster Manual,277,,,,,,,,,,,
Grove Bear,Medium,Beast,,Unaligned,1/4,,,,,,,,,,,x,,,,,,,,,Tome of Beasts 2,394,,,Green Slaad,Large,Aberration,Shapechanger,Chaotic Neutral,8,,x,,,,,,,,,,,,,,,,,ø,Monster Manual,277,,,,,,,,,,,
Grove Guardian,Large,Fey,,Neutral,5,,x,,,,,,,,,ø,,,,,,,,,Monster a Day Compendium 2.0,71,,,Death Slaad,Medium,Aberration,Shapechanger,Chaotic Evil,10,,x,,,,,,,,,,,,,,,,,ø,Monster Manual,278,,,,,,,,,,,
Grue (type 1),Large,Ooze,,Unaligned,4,,,,,,,,,,,,,,,,x,,,,Fifth Edition Foes,137,,,Specter,Medium,Undead,,Chaotic Evil,1,,,,,,,,,,,,,,,,x,,x,,Monster Manual,279,Rise of Tiamat Online Supplement 22,,,,,,,,,,
Grue (type 2),Medium,Aberration,,Chaotic Evil,2,,,,,,,,,,,x,x,x,,,x,,,,Fifth Edition Foes,138,,,Specter (poltergeist),Medium,Undead,,Chaotic Evil,2,,,,,,,,,,,,,,,,x,,x,,Monster Manual,279,,,,,,,,,,,
Grung,Small,Humanoid,,Any,1/4,,,,,,,,,,,x,,,,,,,,,Mordenkainen Presents: Monsters of the Multiverse,149,,,Androsphinx,Large,Monstrosity,,Lawful Neutral,17,,x,x,x,,,,,,x,,,,,,,,,,Monster Manual,281,,,,,,,,,,,
Grung,Small,Humanoid,Grung,Lawful Neutral,1/4,,,,,,,,,,,x,,,,,,,,,Volo's Guide to Monsters,156,Tomb of Annihilation 223,,Gynosphinx,Large,Monstrosity,,Lawful Neutral,11,,x,x,x,,,,,,x,,,,,,,,,,Monster Manual,282,,,,,,,,,,,
Grung Elite Warrior,Small,Humanoid,,Any,2,,,,,,,,,,,x,,,,,,,,,Mordenkainen Presents: Monsters of the Multiverse,150,,,Sprite,Tiny,Fey,,Neutral Good,1/4,,,,,,,,,,,x,,,,,,,,,Monster Manual,283,"Infernal Machine Rebuild 83, Player's Handbook 310",,,,,,,,,,
Grung Elite Warrior,Small,Humanoid,Grung,Lawful Neutral,2,,,,,,,,,,,x,,,,,,,,,Volo's Guide to Monsters,157,Tomb of Annihilation 223,,Stirge,Tiny,Beast,,Unaligned,1/8,,,,,,,,,x,x,x,x,x,x,x,x,,x,,Monster Manual,284,"Infernal Machine Rebuild 83, Lost Mines of Phandelver 62, The Lost Dungeon of Rickedness: Big Rick Energy 43",,,,,,,,,,
Grung Wildling,Small,Humanoid,,Any,1,,x,,,,,,,,,x,,,,,,,,,Mordenkainen Presents: Monsters of the Multiverse,150,,,Incubus,Medium,Fiend,Shapechanger,Neutral Evil,4,,,,,,,,,,,,,,,,,,x,,Monster Manual,285,Infernal Machine Rebuild 70,,,,,,,,,,
Grung Wildling,Small,Humanoid,Grung,Lawful Neutral,1,,x,,,,,,,,,x,,,,,,,,,Volo's Guide to Monsters,157,Tomb of Annihilation 224,,Succubus,Medium,Fiend,Shapechanger,Neutral Evil,4,,,,,,,,,,,,,,,,,,x,,Monster Manual,285,"Rise of Tiamat Online Supplement, 23",,,,,,,,,,
Gruul Goblin,Small,Humanoid,Goblinoid,Neutral Evil,1/2,,,,,,,,,,,ø,ø,ø,,,ø,,,,Monster a Day Compendium 2.0,67,,,Tarrasque,Gargantuan,Monstrosity,Titan,Unaligned,30,,,x,,x,,,,,,,,,,,,,x,,Monster Manual,286,Infernal Machine Rebuild 85,,,,,,,,,,
Guard,Medium,Humanoid,Any Race,Any,1/8,,,,,,,,,x,x,,x,x,x,,,,x,,Monster Manual,347,Rise of Tiamat Online Supplement 17,,Thri-Kreen,Medium,Humanoid,Thri-Kreen,Chaotic Neutral,1,,,,,,,,,,x,,x,,,,,,,,Monster Manual,288,,,,,,,,,,,
Guard Drake,Medium,Dragon,,Unaligned,2,,,,,,,,x,,x,x,,,x,x,x,,x,,Mordenkainen Presents: Monsters of the Multiverse,151,,,Treant,Huge,Plant,,Chaotic Good,9,,,,,,,,,,,x,,,,,,,,,Monster Manual,289,Infernal Machine Rebuild 88,,,,,,,,,,
Guard Drake,Medium,Dragon,,Unaligned,2,,,,,,,,x,,x,,,,x,x,x,,x,,Volo's Guide to Monsters,158,"Hoard of the Dragon Queen 91, Rise of Tiamat 90",,Troglodyte,Medium,Humanoid,Troglodyte,Chaotic Evil,1/4,,,,,,,,,,,,,,,,x,,,,Monster Manual,290,,,,,,,,,,,
Guardian Giant,Huge,Giant,,Lawful Neutral,8,,,,,,,,,,,,,,,,,,ø,,Guildmaster's Guide to Ravnica,201,,,Troll,Large,Giant,,Chaotic Evil,5,,,,,,,,x,,,x,,x,x,x,x,,,,Monster Manual,291,Rise of Tiamat Online Supplement 24,,,,,,,,,,
Guardian Naga,Large,Monstrosity,,Lawful Good,10,,x,,,,,,,,x,x,,,,,,,,,Monster Manual,234,,,Umber Hulk,Large,Monstrosity,,Chaotic Evil,5,,,,,,,,,,,,,,,,x,,,,Monster Manual,292,Infernal Machine Rebuild 90,,,,,,,,,,
Guardian of Gorm,Medium,Humanoid,,Lawful Good,1/8,,,,,,,,,,,,,,,,,,,,Quests from the Infinite Staircase,203,,,Unicorn,Large,Celestial,,Lawful Good,5,,x,x,x,,,,,,,x,,,,,,,,,Monster Manual,294,Infernal Machine Rebuild 91,,,,,,,,,,
Guardian Portrait,Medium,Construct,,Unaligned,1,,x,,,,,,,,,,,,,,,,ø,,Curse of Strahd,227,,,Vampire,Medium,Undead,"Shapechanger, Vampire",Lawful Neutral,13,,,x,x,,,,,,,,,,,,,,x,,Monster Manual,297,Rise of Tiamat Online Supplement 25,,,,,,,,,,
Guardian Shadow Fey Elves,Large,Humanoid,Elf,Neutral Evil,4,,x,,,,,,,,,,,,,,ø,,,ø,Tome of Beasts,174,,,Vampire (spellcaster),Medium,Undead,"Shapechanger, Vampire",Lawful Neutral,15,,x,x,x,,,,,,,,,,,,,,x,,Monster Manual,297,,,,,,,,,,,
Gug,Large,Aberration,Dreamlander,Chaotic Evil,4,,,,,,,,,,,,,,,,,,,ø,Monster a Day Compendium 2.0,72,,,Vampire (warrior),Medium,Undead,"Shapechanger, Vampire",Lawful Neutral,15,,,x,x,,,,,,,,,,,,,,x,,Monster Manual,297,,,,,,,,,,,
Gug,Large,Giant,,Chaotic Evil,8,,x,,,,,,,,,,,,ø,,x,,,x,Sandy Petersen's Cthulhu Mythos,332,,,Vampire Spawn,Medium,Undead,"Shapechanger, Vampire",Neutral Evil,5,,,,,,,,,,,,,,,,x,,x,,Monster Manual,298,Rise of Tiamat Online Supplement 24,,,,,,,,,,
Gug,Huge,Giant,,Neutral Evil,12,,,,,,,,,,,,,,,,ø,,,,Tome of Beasts,241,,,Water Weird,Large,Elemental,,Neutral,3,,,,,,,,,,,,,,,,ø,ø,ø,,Monster Manual,299,,,,,,,,,,,
Gugalanna,Huge,Celestial,,Chaotic Good,21,,,x,,,,,,,,,,,,,,,,x,Creature Codex,211,,,Wight,Medium,Undead,,Neutral Evil,3,,,,,,,,,,x,,,,,x,x,,x,,Monster Manual,300,Rise of Tiamat Online Supplement 27,,,,,,,,,,
Guiguai,Medium,Undead,,Any,4,,,,,,,,x,x,x,x,x,x,x,x,x,x,x,,Tome of Beasts 2,188,,,Will-o-wisp,Tiny,Undead,,Chaotic Evil,2,,,,,,,,,,,x,,,,x,,,x,,Monster Manual,301,,,,,,,,,,,
Gulon,Large,Monstrosity,,Unaligned,6,,,,,,,,,,,x,,,,,,,,,Creature Codex,212,,,Wraith,Medium,Undead,,Neutral Evil,5,,,,,,,,,,,,,,,,x,,,,Monster Manual,302,Rise of Tiamat Online Supplement 28,,,,,,,,,,
Gulper Behemoth,Gargantuan,Monstrosity,,Unaligned,9,,,,x,,,,,,,,,,,,,x,,,Tome of Beasts 2,190,,,Wyvern,Large,Dragon,,Unaligned,6,,,,,,,,,,,,,x,x,,,,,,Monster Manual,303,,,,,,,,,,,
Gulper Eel,Large,Beast,Aquatic,Unaligned,3,,,,,,,,,x,,,,,,,,x,,,Fifth Edition Foes,92,,,Xorn,Medium,Elemental,,Neutral,5,,,,,,,,,,,,,,,,x,,,,Monster Manual,304,,,,,,,,,,,
Gumienniki,Small,Fiend,Shapechanger,Neutral Evil,1,,,,,,,,,,,,,,,,,,,x,Creature Codex,213,,,Yeti,Large,Monstrosity,,Chaotic Evil,3,,,,,,,,x,,,,,,,,,,,,Monster Manual,305,,,,,,,,,,,
Gunvald Halraggson,Medium,Humanoid,Human,Neutral,5,,,,,x,,,,,,,,,,,,,,,Icewind Dale: Rime of the Frostmaiden,305,,,Abominable Yeti,Huge,Monstrosity,,Chaotic Evil,9,,,,,,,,x,,,,,,,,,,,,Monster Manual,306,,,,,,,,,,,
Gynosphinx,Large,Monstrosity,,Lawful Neutral,11,,x,x,x,,,,,,x,,,,,,,,,,Monster Manual,282,,,Yuan-Ti Abomination,Large,Monstrosity,"Shapechanger, Yuan-Ti",Neutral Evil,7,,x,,,,,,,,x,x,,,,x,,,x,,Monster Manual,308,Rise of Tiamat Online Supplement 28,,,,,,,,,,
Gypsosphinx,Large,Monstrosity,Sphinx,Neutral Evil,14,,x,x,,,,,,,ø,,,,,,,,ø,,Tome of Beasts,359,,,Yuan-Ti Malison,Medium,Monstrosity,"Shapechanger, Yuan-Ti",Neutral Evil,3,,x,,,,,,,,x,x,,,,x,,,,,Monster Manual,309,Rise of Tiamat Online Supplement 29,,,,,,,,,,
Hadozee Explorer,Medium,Humanoid,,Any,2,,,,,,,,,,,,,,,,,,,,Boo's Astral Menagerie,28,,,Yuan-Ti Pureblood,Medium,Humanoid,"Shapechanger, Yuan-Ti",Neutral Evil,1,,x,,,,,,,,x,x,,,,x,,,,,Monster Manual,310,Rise of Tiamat Online Supplement 29,,,,,,,,,,
Hadozee Shipmate,Medium,Humanoid,,Any,1/8,,,,,,,,,,,,,,,,,,,,Boo's Astral Menagerie,29,,,Arcanaloth,Medium,Fiend,Yugoloth,Neutral Evil,12,,x,,,,,,,,,,,,,,,,,ø,Monster Manual,313,,,,,,,,,,,
Hadozee Warrior,Medium,Humanoid,,Any,1/2,,,,,,,,,,,,,,,,,,,,Boo's Astral Menagerie,29,,,Mezzoloth,Medium,Fiend,Yugoloth,Neutral Evil,5,,x,,,,,,,,,,,,,,,,,ø,Monster Manual,313,,,,,,,,,,,
Hadrosaurus,Large,Beast,dinosaur,Unaligned,1/4,,,,,,,,,,,,x,,,x,,,,,Mordenkainen Presents: Monsters of the Multiverse,96,"Volo's Guide to Monsters 140, Tomb of Annihilation 224",,Nycaloth,Large,Fiend,Yugoloth,Neutral Evil,9,,x,,,,,,,,,,,,,,,,,ø,Monster Manual,314,,,,,,,,,,,
Haeldar Krakensbane,Medium,Undead,,Chaotic Evil,17,,,,,x,,,,,,,,,,,,,,,DM's Guild: Chronicles of Eberron,158,,,Ultroloth,Medium,Fiend,Yugoloth,Neutral Evil,13,,x,,,,,,,,,,,,,,,,,ø,Monster Manual,314,,,,,,,,,,,
Hag of the Fetid Gaze,Medium,Fey,,Neutral Evil,5,,x,,,,,,,,,,,,,,,,,,Candlekeep Mysteries,76,,,Beholder Zombie,Large,Undead,Beholder,Neutral Evil,5,,,,,,,,,,,,,,,,x,,,,Monster Manual,316,,,,,,,,,,,
Haint,Medium,Undead,,Neutral,7,,,,,,,,,,,,,,,,,,,,Journeys Through the Radiant Citadel,185,,,Ogre Zombie,Large,Undead,,Neutral Evil,2,,,,,,,,,,,,,,,,,,ø,,Monster Manual,316,,,,,,,,,,,
Hair Golem,Small,Construct,,Unaligned,1/4,,,,,,,,x,x,x,x,x,x,x,x,x,x,x,x,Creature Codex,200,,,Zombie,Medium,Undead,,Neutral Evil,1/4,,,,,,,,,,,,,,,,,,x,,Monster Manual,316,"Lost Mines of Phandelver 63, Player's Handbook 311, The Lost Dungeon of Rickedness: Big Rick Energy 44",,,,,,,,,,
Halaster Blackcloak,Medium,Humanoid,Human,Chaotic Evil,23,,x,x,x,x,,,,,,,,,,,ø,,,,Waterdeep: Dungeon of the Mad Mage,310,,,Ape,Medium,Beast,,Unaligned,1/2,,,,,,,,,,,x,,,,,,,,,Monster Manual,317,,,,,,,,,,,
Haleshi,Large,Fey,,Lawful Neutral,7,,x,,,,,,,x,,,,,,,,x,,,Tome of Beasts 2,191,,,Awakened Shrub,Small,Plant,,Unaligned,0,,,,,,,,,,,x,,,,,,,,,Monster Manual,317,,,,,,,,,,,
Half-Black Dragon Warlord,Medium,Humanoid,"Orc, Dragon",Chaotic Evil,5,,,,,,,,ø,,,ø,ø,ø,ø,ø,ø,,,,Monster a Day Compendium 2.0,158,,,Awakened Tree,Huge,Plant,,Unaligned,2,,,,,,,,,,,x,,,,,,,,,Monster Manual,317,Rise of Tiamat Online Supplement 8,,,,,,,,,,
Half-ogre,Large,Giant,,Any Chaotic,1,,,,,,,,x,,x,x,,x,x,,x,,x,,Monster Manual,38,,,Axe Beak,Large,Beast,,Unaligned,1/4,,,,,,,,,,,,x,x,,,,,,,Monster Manual,317,,,,,,,,,,,
Half-orc Barbarian,Medium,Humanoid,Half-orc,Chaotic Neutral,3,,,,,,,,ø,,,ø,ø,ø,ø,ø,ø,,,,Monster a Day Compendium 2.0,138,,,Baboon,Small,Beast,,Unaligned,0,,,,,,,,,,,x,,x,,,,,,,Monster Manual,318,,,,,,,,,,,
Half-Orc Warpriest,Medium,Humanoid,Half-orc,Chaotic Neutral,3,,x,,,,,,ø,,,ø,ø,ø,ø,ø,ø,,,,Monster a Day Compendium 2.0,151,,,Badger,Tiny,Beast,,Unaligned,0,,,,,,,,,,,x,,,,,,,,,Monster Manual,318,,,,,,,,,,,
Half-Red Dragon Veteran,Medium,Humanoid,Human,Any,5,,,,,,,x,,,,,,,,,,,ø,,Monster Manual,180,"Infernal Machine Rebuild 68, Rise of Tiamat Online Supplement 17",,Bat,Tiny,Beast,,Unaligned,0,,,,,,x,,,ø,,ø,,ø,ø,ø,ø,,ø,,Monster Manual,318,Player's Handbook 304,,,,,,,,,,
Hallowed Reed,Medium,Celestial,,Neutral Good,1/2,,,,,,,,x,x,x,x,x,x,x,x,x,x,x,x,Creature Codex,305,,,Black Bear,Medium,Beast,,Unaligned,1/2,,,,,,,,,,,x,,,,,,,,,Monster Manual,318,"Infernal Machine Rebuild 61, Player's Handbook 304",,,,,,,,,,
Hamadryad,Medium,Fey,,Chaotic Neutral,2,,x,,,,,,,,,ø,,,,,,,,,Minsc and Boo's Journal of Villainy,143,,,Blink Dog,Medium,Fey,,Lawful Good,1/4,,,,,,,,,,,x,,,,,,,,,Monster Manual,318,,,,,,,,,,,
Handmaiden of Sorrow,Medium,Undead,,Chaotic Evil,6,,,,,,,,,,,,,,,,,,,,DM's Guild: Chronicles of Eberron,149,,,Blood Hawk,Small,Beast,,Unaligned,1/8,,,,,,,,x,x,,x,x,x,x,,,,,,Monster Manual,319,,,,,,,,,,,
Hands of Havoc Fire Starter,Small or Medium,Humanoid,,Any,4,,,,,,,,,,,,,,,,,,,x,Morte's Planar Parade,58,,,Boar,Medium,Beast,,Unaligned,1/4,,,,,,,,,,,x,x,,,,,,,,Monster Manual,319,Player's Handbook 304,,,,,,,,,,
Hanged Man,Medium,Undead,,Chaotic Evil,1/2,,,,,,,,x,x,x,x,x,x,x,x,x,,x,,Fifth Edition Foes,139,,,Brown Bear,Large,Beast,,Unaligned,1,,,,,,,,x,,,x,,x,,,,,,,Monster Manual,319,"Infernal Machine Rebuild 62, Player's Handbook 304",,,,,,,,,,
Hangman Tree,Huge,Plant,,Neutral Evil,7,,,,,,,,,,,x,,,,x,,,,,Fifth Edition Foes,140,,,Camel,Large,Beast,,Unaligned,1/8,,,,,,,,,,x,,,,,,,,,,Monster Manual,320,,,,,,,,,,,
Hantu Penanggal,Medium,Fiend,,Any Evil,8,,x,,,,,,,,,,,,,,,,,x,Tome of Beasts 2,192,,,Cat,Tiny,Beast,,Unaligned,0,,,,,,x,,,,,x,x,,,,,,x,,Monster Manual,320,"Infernal Machine Rebuild 62, Player's Handbook 305",,,,,,,,,,
Hanu-naga,Large,Monstrosity,,Chaotic Evil,2,,,,,,,,,,,x,,,x,x,,,,x,Fifth Edition Foes,175,,,Constrictor Snake,Large,Beast,,Unaligned,1/4,,,,,,,,,,x,x,,,,x,,x,,,Monster Manual,320,Player's Handbook 305,,,,,,,,,,
Harbinger of Wrath,Gargantuan,Construct,,Chaotic Evil,20,,,,,,,,,,,,,,,,,,,x,Tome of Beasts 2,193,,,Crab,Tiny,Beast,,Unaligned,0,,,,,,x,,,x,,,,,,,,,,,Monster Manual,320,,,,,,,,,,,
Hare,Tiny,Beast,,Unaligned,0,,,,,,,,ø,,ø,ø,ø,ø,,,,,,,Icewind Dale: Rime of the Frostmaiden,294,,,Crocodile,Large,Beast,,Unaligned,1/2,,,,,,,,,,,,,,,x,,,x,,Monster Manual,320,Player's Handbook 305,,,,,,,,,,
Harefolk,Small,Humanoid,Harefolk,Chaotic Good,1/4,,,,,,,,x,,,,x,,,,,,,,Tome of Beasts 2,194,,,Death Dog,Medium,Monstrosity,,Neutral Evil,1,,,,,,,,,,x,,,,,,,,,,Monster Manual,321,,,,,,,,,,,
Harengon Brigand,Medium,Humanoid,,Any,1/8,,,,,,,,,,,ø,ø,ø,,,,,ø,,The Wild Beyond The Witchlight,235,,,Deer,Medium,Beast,,Unaligned,0,,,,,,,,,,,x,x,,,,,,,,Monster Manual,321,,,,,,,,,,,
Harengon Sniper,Medium,Humanoid,,Any,1/4,,,,,,,,,,,ø,ø,ø,,,,,ø,,The Wild Beyond The Witchlight,235,,,Dire Wolf,Large,Beast,,Unaligned,1,,,,,,,,,,,x,,x,,,,,,,Monster Manual,321,Player's Handbook 305,,,,,,,,,,
Harmonium Captain,Small or Medium,Humanoid,,Any,8,,,,,,,,,,,,,,,,,,,x,Morte's Planar Parade,58,,,Draft Horse,Large,Beast,,Unaligned,1/4,,,,,,,,,,,,,,,,,,x,,Monster Manual,321,,,,,,,,,,,
Harmonium Peacekeeper,Small or Medium,Humanoid,,Any,3,,,,,,,,,,,,,,,,,,,x,Morte's Planar Parade,59,,,Eagle,Small,Beast,,Unaligned,0,,,,,,,,,x,,,x,x,x,,,,,,Monster Manual,322,,,,,,,,,,,
Harpy,Medium,Monstrosity,,Chaotic Evil,1,,,,,,,,,x,,x,,x,x,,,,,,Monster Manual,181,,,Elephant,Huge,Beast,,Unaligned,4,,,,,,,,,,,,x,,,,,,,,Monster Manual,322,,,,,,,,,,,
Harpy Matriarch,Medium,Monstrosity,,Chaotic Evil,5,,,,,,,,,x,,,,,,,,,,,Ghosts of Saltmarsh,237,,,Elk,Large,Beast,,Unaligned,1/4,,,,,,,,,,,x,x,x,,,,,,,Monster Manual,322,,,,,,,,,,,
Hashalaq Quori,Medium,Aberration,,Lawful Evil,9,,x,,,,,,,,,,,,,,,,,x,Eberron: Rising from the Last War,305,,,Flying Snake,Tiny,Beast,,Unaligned,1/8,,,,,,,,,,x,x,x,,,,,,x,,Monster Manual,322,,,,,,,,,,,
Hastur,Medium,Aberration,Great Old One,Unaligned,30,,,x,,x,,,,,,,,,,,,,,ø,Monster a Day Compendium 2.0,73,,,Frog,Tiny,Beast,,Unaligned,0,,,,,,x,,,ø,,ø,,,,ø,ø,ø,,,Monster Manual,322,Player's Handbook 305,,,,,,,,,,
Haugbui,Medium,Undead,,Lawful Neutral,13,,x,,,,,,,,,,,,,,,,,,Tome of Beasts,247,,,Giant Ape,Huge,Beast,,Unaligned,7,,,,,,,,,,,x,,,,,,,,,Monster Manual,323,,,,,,,,,,,
Haunted Giant,Huge,Giant,,Chaotic Neutral,6,,,,,,,,,,,,,x,x,,,,,,Creature Codex,183,,,Giant Badger,Medium,Beast,,Unaligned,1/4,,,,,,,,,,,x,,,,,,,,,Monster Manual,323,,,,,,,,,,,
Hawanar Genie,Large,Fiend,,Lawful Neutral,7,,x,,,,,,,,,,,,,,,,,x,Fifth Edition Foes,117,,,Giant Bat,Large,Beast,,Unaligned,1/4,,,,,,,,,,,x,,,,,,,,,Monster Manual,323,,,,,,,,,,,
Hawk,Tiny,Beast,,Unaligned,0,,,,,,x,,,ø,,ø,ø,ø,ø,ø,,,,,Monster Manual,330,Player's Handbook 306,,Giant Boar,Large,Beast,,Unaligned,2,,,,,,,,,,,x,x,x,,,,,,,Monster Manual,323,,,,,,,,,,,
Hawkfox,Medium,Monstrosity,,Unaligned,2,,,,,,,,,,,,ø,ø,,,,,,,Monster a Day Compendium 2.0,74,,,Giant Centipede,Small,Beast,,Unaligned,1/4,,,,,,,,,,,x,x,x,,,x,,,,Monster Manual,323,,,,,,,,,,,
Hawktoad,Small,Monstrosity,,Unaligned,1/4,,,,,,,,,,,x,,,,x,,,,,Fifth Edition Foes,141,,,Giant Constrictor Snake,Huge,Beast,,Unaligned,2,,,,,,,,,,,x,,,,x,x,x,,,Monster Manual,324,,,,,,,,,,,
Hazvongel,Huge,Fiend,Demon,Chaotic Evil,14,,,,,,,,,,,,,,,,,,,,Vecna: Eve of Ruin,222,,,Giant Crab,Medium,Beast,,Unaligned,1/8,,,,,,,,,x,,,,,,,,,,,Monster Manual,324,,,,,,,,,,,
Headless Horseman,Medium,Fiend,,Lawful Neutral,8,,,,,,,,,,,,,,,,,,ø,,Monster a Day Compendium 2.0,75,,,Giant Crocodile,Huge,Beast,,Unaligned,5,,,,,,,,,,,,,,,x,,,,,Monster Manual,324,,,,,,,,,,,
Heavy Cavalry,Medium,Humanoid,Dragonborn,Lawful Neutral,2,,,,,,,,x,x,x,x,x,x,x,x,x,x,x,x,Creature Codex,123,,,Giant Eagle,Large,Beast,,Neutral Good,1,,,,,,,,,x,,,x,x,x,,,,,,Monster Manual,324,Player's Handbook 306,,,,,,,,,,
Hebi-Doku,Medium,Fey,Kami,Chaotic Evil,8,,,,,,,,,,x,x,x,,,x,x,,x,,Tome of Beasts 2,222,,,Giant Elk,Huge,Beast,,Unaligned,2,,,,,,,,,,,x,x,x,,,,,,,Monster Manual,325,,,,,,,,,,,
Heggarna,Tiny,Aberration,,Neutral Evil,1,,,,,,,,,,,,x,,,,,,x,,Tome of Beasts 2,196,,,Giant Fire Beetle,Small,Beast,,Unaligned,0,,,,,,,,,,,,,,,,x,,,,Monster Manual,325,,,,,,,,,,,
Helashruu,Huge,Aberration,,Chaotic Evil,13,,x,,,,,,x,x,x,x,x,x,x,x,x,x,x,x,Tome of Beasts 2,197,,,Giant Frog,Medium,Beast,,Unaligned,1/4,,,,,,,,,,,x,,,,x,,,,,Monster Manual,325,,,,,,,,,,,
Helix Moth Adult,Huge,Beast,,Unaligned,6,,,,,,,,,,,x,,,,,x,,,,Fifth Edition Foes,142,,,Giant Goat,Large,Beast,,Unaligned,1/2,,,,,,,,,,,,x,x,x,,,,x,,Monster Manual,326,,,,,,,,,,,
Helix Moth Larva,Large,Beast,,Unaligned,2,,,,,,,,,,,,,,,,x,,,,Fifth Edition Foes,142,,,Giant Hyena,Large,Beast,,Unaligned,1,,,,,,,,,,x,x,x,x,,,,,,,Monster Manual,326,,,,,,,,,,,
Hell Hound,Medium,Fiend,,Lawful Neutral,3,,,,,,,,,,,,,,x,,x,,,,Monster Manual,182,Infernal Machine Rebuild 69,,Giant Lizard,Large,Beast,,Unaligned,1/4,,,,,,,,,x,x,x,,,,x,x,,,,Monster Manual,326,,,,,,,,,,,
Hellenrae,Medium,Humanoid,Human,Lawful Neutral,5,,,,,,,,,,,,,,,,,,,,Princes of the Apocalypse,198,,,Giant Octopus,Large,Beast,,Unaligned,1,,,,,,,,,,,,,,,,,x,,,Monster Manual,326,Rise of Tiamat Online Supplement 16,,,,,,,,,,
Hellfire Engine,Huge,Construct,,Lawful Evil,16,,,,,,,,,,,,,,,,,,,,Mordenkainen Presents: Monsters of the Multiverse,152,,,Giant Owl,Large,Beast,,Neutral,1/4,,,,,,,,x,,,x,,x,,,,,,,Monster Manual,327,Infernal Machine Rebuild 65,,,,,,,,,,
Hellfire Engine,Huge,Construct,,Lawful Neutral,16,,,,,,,,,,,,,,,,,,,ø,Mordenkainen's Tome of Foes,165,,,Giant Poisonous Snake,Medium,Beast,,Unaligned,1/4,,,,,,,,,,x,x,x,,,x,x,,x,,Monster Manual,327,,,,,,,,,,,
Hellwasp,Large,Fiend,,Lawful Evil,5,,,,,,,,,,,,,,,,,,,x,Baldur's Gate: Descent into Avernus,236,,,Giant Rat,Small,Beast,,Unaligned,1/8,,,,,,,,,,,x,,,,x,x,,x,,Monster Manual,327,,,,,,,,,,,
Helmed Horror,Medium,Construct,,Neutral,4,,,,,,,,,,,,,,,,,,ø,,Monster Manual,183,Rise of Tiamat Online Supplement 18,,Giant Scorpion,Large,Beast,,Unaligned,3,,,,,,,,,,x,,,,,,,,,,Monster Manual,327,,,,,,,,,,,
Herald of Blood,Huge,Fiend,,Neutral Evil,12,,,x,,,,,,,,,,,,,,,,ø,Tome of Beasts,248,,,Giant Sea Horse,Large,Beast,,Unaligned,1/2,,,,,,,,,,,,,,,,,x,,,Monster Manual,328,,,,,,,,,,,
Herald of Darkness,Large,Fiend,,Neutral Evil,7,,,,,,,,,,,,,,,,,,,ø,Tome of Beasts,249,,,Giant Shark,Huge,Beast,,Unaligned,5,,,,,,,,,,,,,,,,,x,,,Monster Manual,328,,,,,,,,,,,
Herald of Fire,Large,Dragon,,Lawful Evil,12,,,x,,,,,x,x,x,x,x,x,x,x,x,x,x,x,Creature Codex,215,,,Giant Spider,Large,Beast,Spider,Unaligned,1,,,,,,,,,,x,x,,,,x,x,,x,,Monster Manual,328,"Lost Mines of Phandelver 58, Player's Handbook 306, The Lost Dungeon of Rickedness: Big Rick Energy 38",,,,,,,,,,
Herald of Rot,Large,Fiend,Demon,Chaotic Evil,6,,,,,,,,,,,,,,,,,,,ø,Monster a Day Compendium 2.0,76,,,Giant Toad,Large,Beast,,Unaligned,1,,,,,,,,,x,x,x,,,,x,x,,,,Monster Manual,329,,,,,,,,,,,
Herald of Slaughter,Large,Fiend,,Chaotic Evil,11,,x,,,,,,,,,,,,,,,,x,,Tome of Beasts 2,198,,,Giant Vulture,Large,Beast,,Neutral Evil,1,,,,,,,,,,x,,x,,,,,,,,Monster Manual,329,,,,,,,,,,,
Herald of the Great Wyrm,Large,Dragon,,Lawful Neutral,15,,,x,,,,,x,x,x,x,x,x,x,x,x,x,x,x,Creature Codex,217,,,Giant Wasp,Medium,Beast,,Unaligned,1/2,,,,,,,,,,,x,x,,,,,,,,Monster Manual,329,,,,,,,,,,,
Herald of the Void,Large,Fiend,,Chaotic Evil,11,,,x,,,,,,,,,,,,,,,,x,Tome of Beasts 2,199,,,Giant Weasel,Medium,Beast,,Unaligned,1/8,,,,,,,,,,,x,x,x,,,,,,,Monster Manual,329,,,,,,,,,,,
Herald of Undeath,Large,Undead,,Lawful Evil,11,,,,,,,,,,,,x,,,,,,x,,Creature Codex,219,,,Giant Wolf Spider,Medium,Beast,Spider,Unaligned,1/4,,,,,,,,,x,x,x,x,x,,,,,,,Monster Manual,330,,,,,,,,,,,
Heralds of Dust Remnant,Small or Medium,Humanoid,,Any,4,,x,,,,,,,,,,,,,,,,,x,Morte's Planar Parade,59,,,Goat,Medium,Beast,,Unaligned,0,,,,,,,,,,,,x,x,x,,,,x,,Monster Manual,330,,,,,,,,,,,
Hertilod,Huge,Monstrosity,,Unaligned,17,,,x,,,,,,,,,,,,,,,,,Vecna: Eve of Ruin,223,,,Hawk,Tiny,Beast,,Unaligned,0,,,,,,x,,,ø,,ø,ø,ø,ø,ø,,,,,Monster Manual,330,Player's Handbook 306,,,,,,,,,,
Hexaton Modron,Huge,Construct,,Lawful Neutral,13,,x,x,,,,,,,,,,,,,,,,x,Morte's Planar Parade,37,,,Hunter Shark,Large,Beast,,Unaligned,2,,,,,,,,,,,,,,,,,x,,,Monster Manual,330,,,,,,,,,,,
Hezrou,Large,Fiend,Demon,Chaotic Evil,8,,,,,,,,,,,,,,,,,,,ø,Monster Manual,60,,,Hyena,Medium,Beast,,Unaligned,0,,,,,,,,,,,x,x,x,,,,,,,Monster Manual,331,,,,,,,,,,,
Hieroglyphicroc,Large,Undead,,Lawful Neutral,3,,,,,,,,,,x,,,,,,,,,x,Fifth Edition Foes,143,,,Jackal,Small,Beast,,Unaligned,0,,,,,,,,,,x,,x,,,,,,,,Monster Manual,331,,,,,,,,,,,
Hierophant Lich,Medium,Undead,,Any Evil,9,,x,x,x,,,,x,x,x,x,x,x,x,x,x,x,x,x,Creature Codex,252,,,Killer Whale,Huge,Beast,,Unaligned,3,,,,,,,,,,,,,,,,,x,,,Monster Manual,331,,,,,,,,,,,
High Cimota,Medium,Undead,,Lawful Neutral,6,,,,,,,,x,x,x,x,x,x,x,x,x,,x,,Fifth Edition Foes,60,,,Lion,Large,Beast,,Unaligned,1,,,,,,,,,,x,,x,x,x,,,,,,Monster Manual,331,Player's Handbook 307,,,,,,,,,,
High Priest of Shub-Niggurath,Medium,Aberration,,Chaotic Evil,13,,x,,,,,,,,,,,x,,,,,,,Sandy Petersen's Cthulhu Mythos,362,,,Lizard,Tiny,Beast,,Unaligned,0,,,,,,x,,,ø,,ø,ø,ø,,ø,ø,,,,Monster Manual,332,,,,,,,,,,,
Hill Giant,Huge,Giant,,Chaotic Evil,5,,,,,,,,,,,,,x,,,,,,,Monster Manual,155,,,Mammoth,Huge,Beast,,Unaligned,6,,,,,,,,x,,,,,,,,,,,,Monster Manual,332,,,,,,,,,,,
Hill Giant Avalancher,Huge,Giant,Druid,Any,12,,x,x,,,,,,,,,,,,,,,,,Bigby Presents: Glory of the Giants,157,,,Mastiff,Medium,Beast,,Unaligned,1/8,,,,,,,,,,,x,,x,,,,,x,,Monster Manual,332,Player's Handbook 307,,,,,,,,,,
Hippocamp,Large,Monstrosity,,Chaotic Good,1/2,,,,,,,,,,,,,,,x,,,,,Mythic Odysseys of Theros,227,,,Mule,Medium,Beast,,Unaligned,1/8,,,,,,,,,,x,,,x,,,,,x,,Monster Manual,333,Player's Handbook 307,,,,,,,,,,
Hippocampus,Large,Monstrosity,,Chaotic Good,1,,,,,,,,,x,,,,,,,,x,,,Fifth Edition Foes,144,,,Octopus,Small,Beast,,Unaligned,0,,,,,,x,,,ø,,,,,,,,ø,,,Monster Manual,333,Infernal Machine Rebuild 76,,,,,,,,,,
Hippogriff,Large,Monstrosity,,Unaligned,1,,,,,,,,,,,,x,x,x,,,,,,Monster Manual,184,,,Owl,Tiny,Beast,,Unaligned,0,,,,,,x,,x,,,x,,,,,,,,,Monster Manual,333,"Infernal Machine Rebuild 77, Player's Handbook 308",,,,,,,,,,
Hlam,Medium,Humanoid,Human,Lawful Good,16,,x,x,,x,,,,,,,,,,,,,ø,,Waterdeep: Dragon Heist,204,,,Panther,Medium,Beast,"Leopard, Cougar",Unaligned,1/4,,,,,,,,,,,x,x,x,,,,,,,Monster Manual,333,Player's Handbook 308,,,,,,,,,,
Hoar Fox,Small,Monstrosity,,Unaligned,1,,,,,,,,x,,,x,,x,,,,,,,Fifth Edition Foes,145,,,Phase Spider,Large,Monstrosity,,Unaligned,3,,,,,,,,,,x,x,x,x,,,x,,x,,Monster Manual,334,,,,,,,,,,,
Hoard Drake,Large,Dragon,,Neutral Evil,8,,,,,,,,,,,,,,x,,x,,,,Tome of Beasts 2,122,,,Poisonous Snake,Tiny,Beast,,Unaligned,1/8,,,,,,x,,,x,x,x,x,x,,x,,,,,Monster Manual,334,"Infernal Machine Rebuild 78, Player's Handbook 308",,,,,,,,,,
Hoard Golem,Huge,Construct,,Unaligned,12,,,,,,,,,,,,,,,,ø,,ø,,Tome of Beasts,234,,,Polar Bear,Large,Beast,Cave Bear,Unaligned,2,,,,,,,,x,,,,,,,,x,,,,Monster Manual,334,"Infernal Machine Rebuild 78, Rise of Tiamat Online Supplement 22",,,,,,,,,,
Hoard Mimic,Huge,Monstrosity,,Neutral,8,,,,,,,,,,,,,,,,,,,,Fizban's Treasury of Dragons,204,,,Pony,Medium,Beast,,Unaligned,1/8,,,,,,,,,,,,,,,,,,x,,Monster Manual,335,,,,,,,,,,,
Hoard Scarab,Tiny,Monstrosity,,Unaligned,1/8,,,,,,,,,,,,,,,,,,,,Fizban's Treasury of Dragons,205,,,Quipper,Tiny,Beast,,Unaligned,0,,,,,,x,,,,,,,,,,,x,,,Monster Manual,335,,,,,,,,,,,
Hoarfrost Drake,Medium,Dragon,,Chaotic Evil,2,,,,,,,,x,,,,,,,,,,,,Tome of Beasts 2,123,,,Rat,Tiny,Beast,,Unaligned,0,,,,,,x,,,,,,,,,x,,,x,,Monster Manual,335,Player's Handbook 309,,,,,,,,,,
Hobgoblin,Medium,Humanoid,Goblinoid,Lawful Neutral,1/2,,,,,,,,,,x,x,x,x,,,x,,,,Monster Manual,186,"Lost Mines of Phandelver 59, The Lost Dungeon of Rickedness: Big Rick Energy 39",,Raven,Tiny,Beast,,Unaligned,0,,,,,,x,,,,,,,,,x,,,x,,Monster Manual,335,Player's Handbook 309,,,,,,,,,,
Hobgoblin Captain,Medium,Humanoid,Goblinoid,Lawful Neutral,3,,,,,,,,,,x,x,x,x,,,x,,,,Monster Manual,186,,,Reef Shark,Medium,Beast,,Unaligned,1/2,,,,,,,,,,,,,,,,,x,,,Monster Manual,336,Player's Handbook 309,,,,,,,,,,
Hobgoblin Devastator,Medium,Fey,goblinoid,Lawful Neutral,4,,x,,,,,,,,,x,x,x,,,,,,,Mordenkainen Presents: Monsters of the Multiverse,153,,,Rhinoceros,Large,Beast,,Unaligned,2,,,,,,,,,,,,x,,,,,,,,Monster Manual,336,,,,,,,,,,,
Hobgoblin Devastator,Medium,Humanoid,Goblinoid,Lawful Neutral,4,,x,,,,,,,,,x,x,x,,,x,,,,Volo's Guide to Monsters,161,,,Riding Horse,Large,Beast,,Unaligned,1/4,,,,,,,,,,,,x,,,,,,x,,Monster Manual,336,Player's Handbook 310,,,,,,,,,,
Hobgoblin Iron Shadow,Medium,Fey,goblinoid,Lawful Neutral,2,,x,,,,,,,,,x,x,x,,,,,,,Mordenkainen Presents: Monsters of the Multiverse,154,,,Saber-Toothed Tiger,Large,Beast,,Unaligned,2,,,,,,,,x,,,,,,x,,,,,,Monster Manual,336,,,,,,,,,,,
Hobgoblin Iron Shadow,Medium,Humanoid,Goblinoid,Lawful Neutral,2,,x,,,,,,,,,x,x,x,,,x,,,,Volo's Guide to Monsters,162,,,Scorpion,Tiny,Beast,,Unaligned,0,,,,,,,,,,x,,,,,,,,,,Monster Manual,337,,,,,,,,,,,
Hobgoblin Warlord,Medium,Humanoid,Goblinoid,Lawful Neutral,6,,,,,,,,,,x,x,x,x,,,x,,,,Monster Manual,187,,,Sea Horse,Tiny,Beast,,Unaligned,0,,,,,,x,,,,,,,,,,,x,,,Monster Manual,337,,,,,,,,,,,
Hodag,Large,Beast,,Unaligned,3,,,,,,,,,,,x,x,x,,,,,,,Tome of Beasts 2,200,,,Spider,Tiny,Beast,,Unaligned,0,,,,,,x,,,,ø,ø,ø,ø,ø,ø,ø,,ø,,Monster Manual,337,,,,,,,,,,,
Holler Spider,Tiny,Beast,,Chaotic Neutral,1/4,,,,,,o,,,,,,,,,,x,,x,,Tome of Beasts 2,395,,,Swarm of Bats,Medium,Beast,,Unaligned,1/4,,,,,,,,,,,,,x,x,,,,x,,Monster Manual,337,,,,,,,,,,,
Hollow Dragon,Huge,Undead,,Any,18,,,x,,,,,,,,,,,,,,,,,Fizban's Treasury of Dragons,206,,,Swarm of Insects,Medium,Beast,,Unaligned,1/2,,,,,,,,,,x,x,x,x,,x,x,,x,,Monster Manual,338,Infernal Machine Rebuild 84,,,,,,,,,,
Hollyphant,Small,Celestial,,Lawful Good,5,,x,,,,,,,,,,,,,,,,,x,Baldur's Gate: Descent into Avernus,237,,,Swarm of Poisonous Snakes,Medium,Beast,,Unaligned,2,,,,,,,,,,,x,,,,x,,,,,Monster Manual,338,Rise of Tiamat Online Supplement 23,,,,,,,,,,
Homarid,Medium,Monstrosity,,Chaotic Evil,1,,,,,,,,,x,,,,,,,,x,,,Planeshift: Dominaria,15,,,Swarm of Quippers,Medium,Beast,,Unaligned,1,,,,,,,,,,,,,,,,,x,,,Monster Manual,338,,,,,,,,,,,
Homunculus,Tiny,Construct,,Neutral,0,,,,,,,,,,,,,,,,,,ø,,Monster Manual,188,Infernal Machine Rebuild 69,,Swarm of Rats,Medium,Beast,,Unaligned,1/4,,,,,,,,,,,,,,,x,,,x,,Monster Manual,339,,,,,,,,,,,
Hongaek,Large,Elemental,,Neutral Evil,8,,x,,,,,,,,,,,,,,,,,x,Tome of Beasts 2,201,,,Swarm of Ravens,Medium,Beast,,Unaligned,1/4,,,,,,,,,,,x,,x,,x,,,x,,Monster Manual,339,Rise of Tiamat Online Supplement 23,,,,,,,,,,
Hooden Horse,Medium,Undead,,Lawful Evil,6,,,,,,,,,,,,,,,,,,x,,Tome of Beasts 2,202,,,Tiger,Large,Beast,,Unaligned,1,,,,,,,,,,,x,x,,,,,,,,Monster Manual,339,Player's Handbook 311,,,,,,,,,,
Hook Horror,Large,Monstrosity,,Neutral,3,,,,,,,,,,,,,,,,x,,,,Monster Manual,189,,,Vulture,Medium,Beast,,Unaligned,0,,,,,,,,,,x,,x,x,,,,,,,Monster Manual,339,,,,,,,,,,,
Hook Horror Spore Servant,Medium,Plant,,Unaligned,3,,,,,,,,,,,,,,,,ø,,,,Out of the Abyss,229,,,Warhorse,Large,Beast,,Unaligned,1/2,,,,,,,,,,,,,,,,,,x,,Monster Manual,340,"Player's Handbook 311, Rise of Tiamat Online Supplement 26",,,,,,,,,,
Horakh,Medium,Monstrosity,,Neutral,9,,,,,,,,,,,ø,,,,ø,ø,,,,Tome of Beasts,250,,,Weasel,Tiny,Beast,,Unaligned,0,,,,,,x,,,,,ø,ø,ø,,,,,,,Monster Manual,340,,,,,,,,,,,
Horizonback Tortoise,Gargantuan,Monstrosity,,Unaligned,8,,,,,,,,,x,,,x,ø,,,,,,,Explorer's Guide to Wildemount,292,,,Winter Wolf,Large,Monstrosity,,Neutral Evil,3,,,,,,,,x,,,x,,x,,,,,,,Monster Manual,340,,,,,,,,,,,
Horncaller,Medium,Humanoid,Any Race,Lawful Good,1,,x,,,,,,,,,ø,ø,ø,,,,,ø,,Guildmaster's Guide to Ravnica,253,,,Wolf,Medium,Beast,,Unaligned,1/4,,,,,,,,,,,x,x,x,,,,,,,Monster Manual,341,"Lost Mines of Phandelver 63, Player's Handbook 311, Rise of Tiamat Online Supplement 27",,,,,,,,,,
Horned Devil,Large,Fiend,Devil,Lawful Neutral,11,,,,,,,,,,,,,,,,,,,ø,Monster Manual,74,,,Worg,Large,Monstrosity,,Neutral Evil,1/2,,,,,,,,,,,x,x,x,,,,,,,Monster Manual,341,,,,,,,,,,,
Horned Serpent,Large,Monstrosity,,Unaligned,12,,,,,,,,,,,x,x,,,x,,,,,Creature Codex,220,,,Acolyte,Medium,Humanoid,Any Race,Any,1/4,,x,,,,,,,,,,,,,,,,x,,Monster Manual,342,,,,,,,,,,,
Horrid Plant,Large,Plant,,Unaligned,4,,,,,,,,,,,,,,,,,,,,Quests from the Infinite Staircase,204,,,Archmage,Medium,Humanoid,Any Race,Any,12,,x,,,,,,,,,,,,,,,,x,,Monster Manual,342,Infernal Machine Rebuild 51,,,,,,,,,,
Hound Archon,Medium,Celestial,,Lawful Good,4,,x,,,,,,,,,,,,,,,,,x,Morte's Planar Parade,16,,,Assassin,Medium,Humanoid,Any Race,Any Non-Good,8,,,,,,,,,,,,,,,,,,x,,Monster Manual,343,"Infernal Machine Rebuild 51, Rise of Tiamat Online Supplement 7",,,,,,,,,,
Hound of the Night,Large,Monstrosity,,Unaligned,5,,x,,,,,,ø,,,ø,,,,,,,,,Tome of Beasts,251,,,Bandit,Medium,Humanoid,Any Race,Any Non-Lawful,1/8,,,,,,,,x,x,x,x,,x,,,,x,,,Monster Manual,343,,,,,,,,,,,
Hound of Tindalos,Medium,Aberration,,Neutral Evil,8,,,,,,,,,,,,,,,,,,,x,Creature Codex,221,,,Bandit Captain,Medium,Humanoid,Any Race,Any Non-Lawful,2,,,,,,,,x,x,x,x,,x,,,,x,,,Monster Manual,344,Infernal Machine Rebuild 52,,,,,,,,,,
Hound of Tindalos,Large,Fiend,,Neutral Evil,6,,x,,,,,,,,,,,,,,,,,,Sandy Petersen's Cthulhu Mythos,334,,,Berserker,Medium,Humanoid,Any Race,Any Chaotic,2,,,,,,,,x,x,x,x,,x,x,,,,,,Monster Manual,344,,,,,,,,,,,
Howler,Large,Fiend,,Chaotic Evil,8,,,,,,,,,,x,,x,x,,,x,,,,Mordenkainen Presents: Monsters of the Multiverse,155,,,Commoner,Medium,Humanoid,Any Race,Any,0,,,,,,,,x,x,x,x,x,x,,,,,x,,Monster Manual,345,"Lost Mines of Phandelver 56, Rise of Tiamat Online Supplement 11, The Lost Dungeon of Rickedness: Big Rick Energy 36",,,,,,,,,,
Howler,Large,Fiend,,Chaotic Evil,8,,,,,,,,,,x,,x,x,,,x,,,,Mordenkainen's Tome of Foes,210,,,Cult Fanatic,Medium,Humanoid,Any Race,Any Non-Good,2,,x,,,,,,,,,,,,,,,,x,,Monster Manual,345,"Infernal Machine Rebuild 53, Rise of Tiamat Online Supplement 11",,,,,,,,,,
Howler Baboon,Medium,Beast,,Unaligned,1/4,,,,,,,,,,,x,,x,,,,,,,Tome of Beasts 2,395,,,Cultist,Medium,Humanoid,Any Race,Any Non-Good,1/8,,,,,,,,,,,,,,,,,,x,,Monster Manual,345,"Infernal Machine Rebuild 53, Lost Mines of Phandelver 56, Rise of Tiamat Online Supplement 11, The Lost Dungeon of Rickedness: Big Rick Energy 36",,,,,,,,,,
Howling Hatred Initiate,Medium,Humanoid,Human,Neutral Evil,1/8,,,,,,,,,,,,,,,,,,,,Princes of the Apocalypse,190,,,Druid,Medium,Humanoid,Any Race,Any,2,,x,,,,,,x,x,x,x,x,x,x,x,,,,,Monster Manual,346,Rise of Tiamat Online Supplement 12,,,,,,,,,,
Howling Hatred Priest,Medium,Humanoid,Human,Neutral Evil,2,,x,,,,,,,,,,,,,,,,,,Princes of the Apocalypse,190,,,Gladiator,Medium,Humanoid,Any Race,Any,5,,,,,,,,,,,,,,,,,,x,,Monster Manual,346,Rise of Tiamat Online Supplement 16,,,,,,,,,,
Hrabbaz,Medium,Humanoid,Half-Orc,Neutral Evil,5,,,,,x,,,,,,,,,,,,,ø,,Waterdeep: Dragon Heist,205,,,Guard,Medium,Humanoid,Any Race,Any,1/8,,,,,,,,,x,x,,x,x,x,,,,x,,Monster Manual,347,Rise of Tiamat Online Supplement 17,,,,,,,,,,
Hraesvelgr the Corpse Swallower,Huge,Giant,,Neutral,19,,x,x,x,x,,,ø,,,,,,ø,,,,,,Tome of Beasts,224,,,Knight,Medium,Humanoid,Any Race,Any,3,,,,,,,,,,,,,,,,,,x,,Monster Manual,347,Rise of Tiamat Online Supplement 18,,,,,,,,,,
Hrigg Roundrook,Medium,Humanoid,"Sidekick, Dwarf",Lawful Good,1,,x,,,x,,,,,,,,,,,,,,,Dragonlance: Shadow of the Dragon Queen,211,,,Mage,Medium,Humanoid,Any Race,Any,6,,x,,,,,,,,,,,,,,,,x,,Monster Manual,347,Rise of Tiamat Online Supplement 19,,,,,,,,,,
"Hriggala, Jaws of the Unsated God",Huge,Fiend,"Demon, Demon Lord",Chaotic Evil,23,,x,,,x,,,,,,,,,,,,,,x,Tome of Beasts 2,88,,,Noble,Medium,Humanoid,Any Race,Any,1/8,,,,,,,,,,,,,,,,,,x,,Monster Manual,348,"Infernal Machine Rebuild 55, Rise of Tiamat Online Supplement 21",,,,,,,,,,
Huecambra,Large,Monstrosity,,Unaligned,8,,,,,,,,,,,x,,,,x,,,,,Tome of Beasts 2,203,,,Priest,Medium,Humanoid,Any Race,Any,2,,x,,,,,,,,,,,,,,,,x,,Monster Manual,348,,,,,,,,,,,
Huggermugger,Small,Humanoid,,Chaotic Evil,1/4,,,,,,,,,,,,,,,,x,,,,Fifth Edition Foes,147,,,Scout,Medium,Humanoid,Any Race,Any,1/2,,,,,,,,x,x,x,,x,x,x,x,x,,,,Monster Manual,349,,,,,,,,,,,
Huli Jing,Medium,Fey,Shapechanger,Neutral,9,,x,,,,,,,,,,x,,,,,,x,,Tome of Beasts 2,204,,,Spy,Medium,Humanoid,Any Race,Any,1,,,,,,,,,,,,,,,,,,x,,Monster Manual,349,Infernal Machine Rebuild 56,,,,,,,,,,
Hulking Crab,Huge,Beast,,Unaligned,5,,,,,,,,,ø,,,,,,,,ø,,,Storm King's Thunder,240,,,Thug,Medium,Humanoid,Any Race,Any Non-Good,1/2,,,,,,,,,,,,,,,,,,x,,Monster Manual,350,,,,,,,,,,,
Hulking Whelp,Small,Fey,Huge,Chaotic Neutral,5,,,,,,,,,,,ø,ø,ø,,ø,ø,,,,Tome of Beasts,252,,,Tribal Warrior,Medium,Humanoid,Any Race,Any,1/8,,,,,,,,x,x,x,x,x,x,x,x,x,,,,Monster Manual,350,Rise of Tiamat Online Supplement 24,,,,,,,,,,
Humanoid Mutate,Medium,Aberration,,Any,4,,,,,,,,,,,,,,,,,,,,Phandelver and Below: The Shattered Obelisk,212,,,Veteran,Medium,Humanoid,Any Race,Any,3,,,,,,,,x,x,,x,x,x,x,,x,,x,,Monster Manual,350,,,,,,,,,,,
Hundred-Handed One,Huge,Giant,,Lawful Neutral,15,,,,,,,,,x,,,,,x,,,,,,Mythic Odysseys of Theros,225,,,Black Abishai,Medium,Fiend,devil,Lawful Evil,7,,,,,,,,,,,,,,,,,,x,,Mordenkainen Presents: Monsters of the Multiverse,38,,,,,,,,,,,
Hundun,Large,Celestial,,Chaotic Good,10,,x,,,,,,,,,,,,,,,,,ø,Tome of Beasts,253,,,Blue Abishai,Medium,Fiend,"devil, wizard",Lawful Evil,17,,x,,,,,,,x,,,,,,,,,x,,Mordenkainen Presents: Monsters of the Multiverse,39,,,,,,,,,,,
Hungry Sorrowsworn,Medium,Monstrosity,,Neutral Evil,11,,,,,,,,,,,x,,,,,x,,x,,Mordenkainen Presents: Monsters of the Multiverse,223,,,Green Abishai,Medium,Fiend,devil,Lawful Evil,15,,x,,,,,,,,,,,,,,,,x,,Mordenkainen Presents: Monsters of the Multiverse,40,,,,,,,,,,,
Hunter Shark,Large,Beast,,Unaligned,2,,,,,,,,,,,,,,,,,x,,,Monster Manual,330,,,Red Abishai,Medium,Fiend,devil,Lawful Evil,19,,,,,,,,,,,,,,x,,,,x,,Mordenkainen Presents: Monsters of the Multiverse,40,,,,,,,,,,,
Hunting Horror,Large,Aberration,,Lawful Neutral,6,,,,,,,,,,,,,,,,,,,ø,Monster a Day Compendium 2.0,77,,,White Abishai,Medium,Fiend,devil,Lawful Evil,6,,,,,,,,,,,,,,,,,,x,,Mordenkainen Presents: Monsters of the Multiverse,41,,,,,,,,,,,
Hunting Horror,Huge,Aberration,,Chaotic Evil,14,,x,,,,,,,,,,,,,,,,,x,Sandy Petersen's Cthulhu Mythos,337,,,Alhoon,Medium,Undead,"mind flayer, wizard",Neutral Evil,10,,x,,,,,,,,,,,,,,x,,,,Mordenkainen Presents: Monsters of the Multiverse,43,,,,,,,,,,,
Hurricane,Medium,Humanoid,Human,Lawful Neutral,2,,x,,,,,,,,,,,,,,,,,,Princes of the Apocalypse,191,,,Alkilith,Medium,Fiend,demon,Chaotic Evil,11,,,,,,,,,,,,,,,,x,,x,,Mordenkainen Presents: Monsters of the Multiverse,44,,,,,,,,,,,
Husk,Medium,Undead,,Chaotic Evil,1/2,,,,,,,,x,x,x,x,x,x,x,x,x,x,x,,Tome of Beasts 2,205,,,Allip,Medium,Undead,,Neutral Evil,5,,,,,,,,,,,,,,,x,,,x,,Mordenkainen Presents: Monsters of the Multiverse,45,,,,,,,,,,,
Husk Zombie,Medium,Undead,,Neutral Evil,1,,,,,,,,,,,,,,,,,,,,Explorer's Guide to Wildemount,293,,,Amnizu,Medium,Fiend,devil,Lawful Evil,18,,x,,,,,,,,,,,,,,,,,ø,Mordenkainen Presents: Monsters of the Multiverse,46,,,,,,,,,,,
Hutijin,Large,Fiend,devil,Lawful Evil,21,,x,x,,x,,,,,,,,,,,,,,ø,Mordenkainen Presents: Monsters of the Multiverse,157,,,Annis Hag,Large,Fey,,Chaotic Evil,6,,x,,,,,,,,,,,x,x,,,,,,Mordenkainen Presents: Monsters of the Multiverse,47,,,,,,,,,,,
Hutijin,Large,Fiend,"Devil, Archdevil",Lawful Neutral,21,,x,x,,x,,,,,,,,,,,,,,ø,Mordenkainen's Tome of Foes,175,,,Archdruid,Medium,Humanoid,druid,Any,12,,x,,,,,,,,,x,,,x,x,,x,,,Mordenkainen Presents: Monsters of the Multiverse,48,,,,,,,,,,,
Hverhuldra,Small,Fey,,Neutral Good,6,,x,,,,,,x,,,,,,,,,,,,Tome of Beasts 2,206,,,Archer,Medium,Humanoid,,Any,3,,,,,,,,,,,x,,,,,,,x,,Mordenkainen Presents: Monsters of the Multiverse,49,,,,,,,,,,,
Hyaenodon,Large,Beast,,Unaligned,1,,,,,,,,,,x,,x,x,,,,,,,Fifth Edition Foes,184,,,Armanite,Large,Fiend,demon,Chaotic Evil,7,,,,,,,,,,,,,,,,x,,,,Mordenkainen Presents: Monsters of the Multiverse,50,,,,,,,,,,,
Hybrid Brute,Medium,Humanoid,Simic Hybrid,Neutral Good,2,,,,,,,,,ø,,,,,,,,ø,ø,,Guildmaster's Guide to Ravnica,217,,,Astral Dreadnought,Gargantuan,Monstrosity,titan,Unaligned,21,,,x,,,,,,,,,,,,,,,,ø,Mordenkainen Presents: Monsters of the Multiverse,51,,,,,,,,,,,
Hybrid Flier,Medium,Humanoid,Simic Hybrid,Neutral Good,2,,,,,,,,,ø,,,,,,,,ø,ø,,Guildmaster's Guide to Ravnica,217,,,Babau,Medium,Fiend,demon,Chaotic Evil,4,,x,,,,,,,,,,,,,,x,,x,,Mordenkainen Presents: Monsters of the Multiverse,52,,,,,,,,,,,
Hybrid Poisoner,Medium,Humanoid,Simic Hybrid,Neutral Good,1,,,,,,,,,ø,,,,,,,,ø,ø,,Guildmaster's Guide to Ravnica,217,,,Bael,Large,Fiend,devil,Lawful Evil,19,,x,x,,x,,,,,,,,,,,,,,ø,Mordenkainen Presents: Monsters of the Multiverse,54,,,,,,,,,,,
Hybrid Shocker,Medium,Humanoid,Simic Hybrid,Neutral Good,1,,,,,,,,,ø,,,,,,,,ø,ø,,Guildmaster's Guide to Ravnica,218,,,Balhannoth,Large,Aberration,,Chaotic Evil,11,,,x,x,,,,,x,,,,,x,,x,,,,Mordenkainen Presents: Monsters of the Multiverse,55,Mordenkainen's Tome of Foes 119,,,,,,,,,,
Hybrid Spy,Medium,Humanoid,Simic Hybrid,Neutral Good,1/2,,,,,,,,,ø,,,,,,,,ø,ø,,Guildmaster's Guide to Ravnica,218,,,Banderhobb,Large,Monstrosity,,Neutral Evil,5,,,,,,,,,,,,,,,,,,x,,Mordenkainen Presents: Monsters of the Multiverse,56,,,,,,,,,,,
Hydra,Huge,Monstrosity,,Unaligned,8,,,,,,,,,,,,,,,x,,,,,Monster Manual,190,,,Baphomet,Huge,Fiend,demon,Chaotic Evil,23,,x,x,x,,,,,,,,,,,,,,,ø,Mordenkainen Presents: Monsters of the Multiverse,58,,,,,,,,,,,
Hydralisk,Medium,Monstrosity,,Unaligned,5,,,,,,,,,,,,,,ø,,ø,,,,Monster a Day Compendium 2.0,78,,,Bard,Medium,Humanoid,,Any,2,,x,,,,,,,,,,,,,,,,x,,Mordenkainen Presents: Monsters of the Multiverse,59,,,,,,,,,,,
Hydroloth,Medium,Fiend,yugoloth,Neutral Evil,9,,x,,,,,,,,,,,,,,,,,,Mordenkainen Presents: Monsters of the Multiverse,158,,,Barghest,Large,Fiend,,Neutral Evil,4,,x,,,,,,,,,x,x,x,x,,x,,,,Mordenkainen Presents: Monsters of the Multiverse,60,,,,,,,,,,,
Hydroloth,Medium,Fiend,Yugoloth,Neutral Evil,9,,x,,,,,,,,,,,,,,,,,ø,Mordenkainen's Tome of Foes,249,,,Berbalang,Medium,Aberration,,Neutral Evil,2,,x,,,,,,,,x,,,,,,,,,,Mordenkainen Presents: Monsters of the Multiverse,61,Mordenkainen's Tome of Foes 120,,,,,,,,,,
Hyena,Medium,Beast,,Unaligned,0,,,,,,,,,,,x,x,x,,,,,,,Monster Manual,331,,,Bheur Hag,Medium,Fey,,Chaotic Evil,7,,x,,,,,,x,,,,,,,,,,,,Mordenkainen Presents: Monsters of the Multiverse,62,,,,,,,,,,,
Hypnos Magen,Medium,Construct,,Unaligned,1,,,,,,,,,,,,,,,,,,,,Icewind Dale: Rime of the Frostmaiden,301,,,Blackguard,Medium,Humanoid,paladin,Neutral Evil,8,,x,,,,,,,,,,,,,,x,,x,,Mordenkainen Presents: Monsters of the Multiverse,63,,,,,,,,,,,
Hythonia,Large,Monstrosity,Mythic,Lawful Evil,17,,x,x,x,x,,,,,,,,,,,,,,,Mythic Odysseys of Theros,252,,,Bodak,Medium,Undead,,Chaotic Evil,6,,,,,,,,,,,,,,,x,x,,x,,Mordenkainen Presents: Monsters of the Multiverse,64,,,,,,,,,,,
Ia’Affrat,Large,Fiend,"Swarm, Devil",Lawful Neutral,15,,x,,,x,,,,,,,,,,,,,,ø,Tome of Beasts,98,,,Boggle,Small,Fey,,Chaotic Neutral,1/8,,,,,,,,,,,x,,x,,,x,,x,,Mordenkainen Presents: Monsters of the Multiverse,65,,,,,,,,,,,
"Iarno ""Glasstaff"" Albrek",Medium,Humanoid,"Human, Wizard",Lawful Evil,1,,x,,,x,,,,,,,,,,,,,,,Phandelver and Below: The Shattered Obelisk,43,,,Boneclaw,Large,Undead,,Chaotic Evil,12,,,,,,,,x,,x,,,,,,,,x,,Mordenkainen Presents: Monsters of the Multiverse,66,,,,,,,,,,,
Ice Bogie,Small,Fey,,Chaotic Neutral,1/8,,,,,,,,x,,,,,,,,,,x,,Tome of Beasts 2,209,,,Bulezau,Medium,Fiend,demon,Chaotic Evil,3,,,,,,,,,,,,,,,,,,,,Mordenkainen Presents: Monsters of the Multiverse,67,,,,,,,,,,,
Ice Devil,Large,Fiend,Devil,Lawful Neutral,14,,,,,,,,,,,,,,,,,,,ø,Monster Manual,75,,,Cadaver Collector,Large,Construct,,Lawful Evil,14,,,,,,,,,,,,x,,,,,,,,Mordenkainen Presents: Monsters of the Multiverse,68,Mordenkainen's Tome of Foes 122,,,,,,,,,,
Ice Drake,Small,Dragon,,Chaotic Evil,1,,x,,,,,,x,,,,,,x,,,,,,Fifth Edition Foes,87,,,Canoloth,Medium,Fiend,yogoloth,Neutral Evil,8,,,,,,,,,x,,,,,,,x,,x,,Mordenkainen Presents: Monsters of the Multiverse,69,,,,,,,,,,,
Ice Elemental,Large,Elemental,,Neutral,5,,,,,,,,x,,,,,,,,,,,x,Tome of Beasts 2,133,,,Catoblepas,Large,Monstrosity,,Unaligned,5,,,,,,,,,,,,,,,x,,,,,Mordenkainen Presents: Monsters of the Multiverse,70,,,,,,,,,,,
Ice Golem,Large,Construct,,Unaligned,8,,,,,,,,ø,,,,,,,,,,,,Monster a Day Compendium 2.0,79,,,Aurochs,Large,Beast,cattle,Unaligned,2,,,,,,,,,,,,x,x,x,,,,,,Mordenkainen Presents: Monsters of the Multiverse,71,Volo's Guide to Monsters 207,,,,,,,,,,
Ice Maiden,Medium,Fey,,Lawful Neutral,6,,x,,,,,,ø,,,,,,,,,,,,Tome of Beasts,254,,,Deep Rothe,Medium,Beast,cattle,Unaligned,1/4,,x,,,,,,,,,,,,,,x,,,,Mordenkainen Presents: Monsters of the Multiverse,71,,,,,,,,,,,
Ice Mephit,Small,Elemental,,Neutral Evil,1/2,,x,,,,,,x,,,,,,,,,,,,Monster Manual,215,,,Ox,Large,Beast,cattle,Unaligned,1/4,,,,,,,,,,,,x,,,,,,x,,Mordenkainen Presents: Monsters of the Multiverse,72,,,,,,,,,,,
Ice Toad,Medium,Monstrosity,,Neutral,1,,,,,,,,ø,,,,,,,,,,,,Rise of Tiamat,90,,,Stench Kow,Large,Fiend,cattle,Unaligned,1/2,,,,,,,,,,,,x,,,,,,x,,Mordenkainen Presents: Monsters of the Multiverse,72,,,,,,,,,,,
Ice Troll,Large,Giant,,Chaotic Evil,8,,,,,,,,x,,,,,,,,,,,,Icewind Dale: Rime of the Frostmaiden,295,,,Cave Fisher,Medium,Monstrosity,,Unaligned,3,,,,,,,,,,,,,,,,x,,,,Mordenkainen Presents: Monsters of the Multiverse,73,,,,,,,,,,,
Ice Troll,Large,Giant,,Chaotic Evil,6,,,,,,,,ø,,,,,,,,,,,,Monster a Day Compendium 2.0,206,,,Champion,Medium,Humanoid,,Any,9,,,,,,,,,,x,,,,,,,,x,,Mordenkainen Presents: Monsters of the Multiverse,74,,,,,,,,,,,
Icewind Kobold,Small,Humanoid,Kobold,Any,1/8,,,,,,,,x,,,,,,,,ø,,,,Icewind Dale: Rime of the Frostmaiden,296,,,Chitine,Small,Monstrosity,,Chaotic Evil,1/2,,,,,,,,,,,,,,,,x,,,,Mordenkainen Presents: Monsters of the Multiverse,75,Volo's Guide to Monsters 131,,,,,,,,,,
Icewind Kobold Zombie,Small,Undead,,Neutral Evil,1/8,,,,,,,,ø,,,,,,,,ø,,,,Icewind Dale: Rime of the Frostmaiden,297,,,Choker,Small,Aberration,,Chaotic Evil,1,,,,,,,,,,,x,,,x,,x,,,,Mordenkainen Presents: Monsters of the Multiverse,76,,,,,,,,,,,
Ichneumon,Large,Monstrosity,,Unaligned,11,,,,,,,,,,,,,x,x,,x,,,,Creature Codex,224,,,Choldrith,Medium,Monstrosity,,Chaotic Evil,3,,x,,,,,,,,,,,,,,x,,,,Mordenkainen Presents: Monsters of the Multiverse,77,,,,,,,,,,,
Ichor Ooze,Medium,Ooze,,Neutral Evil,2,,,,,,,,,,,,,,,,,,,x,Tome of Beasts 2,279,,,Clockwork Bronze Scout,Medium,Construct,,Unaligned,1,,,,,,,,,,,x,x,x,x,,,,,,Mordenkainen Presents: Monsters of the Multiverse,79,,,,,,,,,,,
Idolic Deity,Small,Construct,,Neutral Evil,8,,,,,,,,,,ø,,,,,ø,ø,,,,Tome of Beasts,255,,,Clockwork Iron Cobra,Medium,Construct,,Unaligned,4,,,,,,,,,,,x,x,x,x,,,,,,Mordenkainen Presents: Monsters of the Multiverse,79,,,,,,,,,,,
Iggwilv the Witch Queen,Medium,Fey,Wizard,Chaotic Neutral,20,,x,x,,x,,,,,,,,,,,,,,,The Wild Beyond The Witchlight,205,,,Clockwork Oaken Bolter,Medium,Construct,,Unaligned,5,,,,,,,,,,,x,x,x,x,,,,,,Mordenkainen Presents: Monsters of the Multiverse,80,,,,,,,,,,,
Igniguana,Medium,Elemental,,Unaligned,1,,,,,,,,,,x,,,,,,x,,,x,Fifth Edition Foes,148,,,Clockwork Stone Defender,Medium,Construct,,Unaligned,4,,,,,,,,,,,x,x,x,x,,,,,,Mordenkainen Presents: Monsters of the Multiverse,80,,,,,,,,,,,
Ijiraq,Medium,Fey,,Chaotic Neutral,7,,,,,,,,,,,,,x,,,,,,,Creature Codex,225,,,Cloud Giant Smiling One,Huge,Giant,,Chaotic Neutral,11,,x,,,,,,,,,,,,x,,,,,,Mordenkainen Presents: Monsters of the Multiverse,81,,,,,,,,,,,
Ikuchi,Gargantuan,Elemental,,Chaotic Neutral,8,,,,,,,,,x,,,,,,,,x,,x,Tome of Beasts 2,210,,,Corpse Flower,Large,Plant,,Chaotic Evil,8,,,,,,,,,,,x,,,,x,,,x,,Mordenkainen Presents: Monsters of the Multiverse,82,,,,,,,,,,,
"Illhveli, Kembingur",Gargantuan,Monstrosity,,Chaotic Evil,12,,,,,,,,,,,,,,,,,x,,,Tome of Beasts 2,211,,,Cranium Rat,Tiny,Aberration,,Unaligned,0,,,,,,,,,,,,,,,,x,,x,,Mordenkainen Presents: Monsters of the Multiverse,83,,,,,,,,,,,
"Illhveli, Nauthveli",Gargantuan,Monstrosity,,Chaotic Evil,16,,,,,,,,,,,,,,,,,x,,,Tome of Beasts 2,212,,,Swarm of Cranium Rats,Medium,Aberration,Swarm,Lawful Evil,5,,x,,,,,,,,,,,,,,x,,x,,Mordenkainen Presents: Monsters of the Multiverse,83,,,,,,,,,,,
Illthid Claw,Tiny,Undead,,Lawful Neutral,0,,,,,,,,,,,,,,,,ø,,ø,,Monster a Day Compendium 2.0,80,,,Darkling,Small,Fey,,Chaotic Neutral,1/2,,,,,,,,,,,x,,,,x,x,,x,,Mordenkainen Presents: Monsters of the Multiverse,84,The Wild Beyond The Witchlight 233,,,,,,,,,,
Illusionist,Medium,Humanoid,Any Race,Any,3,,x,,,,,,,,,,,,,,,,x,,Volo's Guide to Monsters,214,Tales from the Yawning Portal 237,,Darkling Elder,Medium,Fey,,Chaotic Neutral,2,,x,,,,,,,,,x,,,,x,x,,x,,Mordenkainen Presents: Monsters of the Multiverse,84,The Wild Beyond The Witchlight 233,,,,,,,,,,
Illusionist Wizard,Medium,Humanoid,,Any,3,,x,,,,,,,,,,,,,,,,x,,Mordenkainen Presents: Monsters of the Multiverse,263,,,Death Kiss,Large,Aberration,beholder,Neutral Evil,10,,,,,,,,,,,,,,,,x,,,,Mordenkainen Presents: Monsters of the Multiverse,85,,,,,,,,,,,
Imix,Huge,Elemental,,Neutral Evil,19,,x,x,x,,,,,,,,,,,,,,,,Princes of the Apocalypse,214,,,Deathlock,Medium,Undead,warlock,Neutral Evil,4,,x,,,,,,,,,,,,,,,,x,,Mordenkainen Presents: Monsters of the Multiverse,86,,,,,,,,,,,
Immature Slime Mold,Small,Ooze,,Unaligned,1/4,,,,,,,,,,,,,,,,,,,x,Sandy Petersen's Cthulhu Mythos,378,,,Deathlock Mastermind,Medium,Undead,warlock,Neutral Evil,8,,x,,,,,,,,,,,,,,,,x,,Mordenkainen Presents: Monsters of the Multiverse,87,,,,,,,,,,,
Immortal Lotus Monk,Medium,Humanoid,,Not Provided,5,,,,,,,,,,,,,,,,,,ø,,Candlekeep Mysteries,165,,,Deathlock Wight,Medium,Undead,warlock,Neutral Evil,3,,x,,,,,,,,,,,,,,,,,,Mordenkainen Presents: Monsters of the Multiverse,87,,,,,,,,,,,
Imoen,Medium,Humanoid,Human,Neutral Good,8,,,,,x,,,,,,,,,,,,,ø,,Minsc and Boo's Journal of Villainy,88,,,Deep Scion,Medium,Monstrosity,,Chaotic Evil,3,,,,,,,,,x,,,,,,,,x,,,Mordenkainen Presents: Monsters of the Multiverse,88,,,,,,,,,,,
Imp,Tiny,Fiend,"Shapechanger, Devil",Lawful Neutral,1,,,,,,v,,,,,,,,,,,,,ø,Monster Manual,76,Player's Handbook 306,,Demogorgon,Huge,Fiend,demon,Chaotic Evil,26,,x,x,x,x,,,,,,,,,,,,,,ø,Mordenkainen Presents: Monsters of the Multiverse,90,,,,,,,,,,,
Imp Dragon,Tiny,Dragon,,Lawful Neutral,2,,x,,,,,,,,,,,,,,,,,ø,Monster a Day Compendium 2.0,81,,,Derro,Small,Aberration,,Chaotic Evil,1/4,,,,,,,,,,,,,,x,,x,,,,Mordenkainen Presents: Monsters of the Multiverse,91,,,,,,,,,,,
Imperial Dragon Wyrmling,Medium,Dragon,,Neutral,3,,x,,,,,,,x,,,,,,,,x,,,Tome of Beasts 2,117,,,Derro Savant,Small,Aberration,sorcerer,Chaotic Evil,3,,x,,,,,,,,,,,,,,x,,,,Mordenkainen Presents: Monsters of the Multiverse,92,,,,,,,,,,,
Imperial Ghoul,Medium,Undead,Ghoul,Lawful Neutral,4,,,,,,,,,,,,,,,ø,ø,,ø,,Tome of Beasts,220,,,Devourer,Large,Undead,,Chaotic Evil,13,,,,,,,,,,,,,,,,x,,,,Mordenkainen Presents: Monsters of the Multiverse,93,Volo's Guide to Monsters 138,,,,,,,,,,
Imy-Ut Ushabti,Medium,Monstrosity,,Neutral,3,,,,,,,,,,ø,,,,,,,,,,Tome of Beasts,256,,,Dhergoloth,Medium,Fiend,yugoloth,Neutral Evil,7,,x,,,,,,,,,,,,,,x,,,,Mordenkainen Presents: Monsters of the Multiverse,94,,,,,,,,,,,
Incarnate Gloom,Gargantuan,Undead,,Neutral Evil,13,,,,,,,,x,x,x,x,x,x,x,x,x,x,x,,Tome of Beasts 2,213,,,Brontosaurus,Gargantuan,Beast,dinosaur,Unaligned,5,,,,,,,,,,,x,x,,,,,,,,Mordenkainen Presents: Monsters of the Multiverse,95,"Volo's Guide to Monsters 139, Tomb of Annihilation 215",,,,,,,,,,
Incinis,Large,Elemental,,Neutral Evil,10,,,,,,,,,,,,,,x,,,,,,Creature Codex,226,,,Deinonychus,Medium,Beast,dinosaur,Unaligned,1,,,,,,,,,,,x,x,x,,,,,,,Mordenkainen Presents: Monsters of the Multiverse,95,"Volo's Guide to Monsters 139, Tomb of Annihilation 217.",,,,,,,,,,
Incubus,Medium,Fiend,Shapechanger,Neutral Evil,4,,,,,,,,,,,,,,,,,,x,,Monster Manual,285,Infernal Machine Rebuild 70,,Dimetrodon,Medium,Beast,dinosaur,Unaligned,1/4,,,,,,,,,x,,,,,,x,,,,,Mordenkainen Presents: Monsters of the Multiverse,95,"Volo's Guide to Monsters 139, Tomb of Annihilation 217",,,,,,,,,,
Indentured Spirit,Medium,Undead,,Any,1,,,,,,,,,,,,,,,,,,ø,,Guildmaster's Guide to Ravnica,206,,,Hadrosaurus,Large,Beast,dinosaur,Unaligned,1/4,,,,,,,,,,,,x,,,x,,,,,Mordenkainen Presents: Monsters of the Multiverse,96,"Volo's Guide to Monsters 140, Tomb of Annihilation 224",,,,,,,,,,
Indominus Rex,Huge,Beast,,Unaligned,24,,,x,,,,,,,,ø,,,,,,,,,Monster a Day Compendium 2.0,82,,,Quetzalcoatlus,Huge,Beast,dinosaur,Unaligned,2,,,,,,,,,x,,,,x,x,,,,,,Mordenkainen Presents: Monsters of the Multiverse,96,"Volo's Guide to Monsters 140, Tomb of Annihilation 230",,,,,,,,,,
Infantryman,Medium,Humanoid,Human,Unaligned,1/2,,,,,,,,,,,,,,,,,,ø,,Monster a Day Compendium 2.0,89,,,Stegosaurus,Huge,Beast,dinosaur,Unaligned,4,,,,,,,,,,,x,x,,,,,,,,Mordenkainen Presents: Monsters of the Multiverse,96,"Volo's Guide to Monsters 140, Tomb of Annihilation 231",,,,,,,,,,
Infected Elder Brain,Large,Aberration,Mind Flayer,Lawful Evil,11,,x,,,,,,,,,,,,,,,,,,Phandelver and Below: The Shattered Obelisk,159,,,Velociraptor,Tiny,Beast,dinosaur,Unaligned,1/4,,,,,,,,,,,x,x,,,,,,,,Mordenkainen Presents: Monsters of the Multiverse,96,"Volo's Guide to Monsters 140, Tomb of Annihilation 235",,,,,,,,,,
Infernal Centaur,Medium,Fiend,,Lawful Evil,4,,,,,,,,,,,x,x,,,,,,,,Tome of Beasts 2,214,,,Dolphin,Medium,Beast,,Unaligned,1/8,,,,,,,,,x,,,,,,,,x,,,Mordenkainen Presents: Monsters of the Multiverse,97,Volo's Guide to Monsters 208,,,,,,,,,,
Infernal Knight,Medium,Fiend,Devil,Lawful Evil,16,,,,,,,,x,x,x,x,x,x,x,x,x,x,x,x,Creature Codex,104,,,Dolphin Delighter,Medium,Fey,,Chaotic Good,3,,,,,,,,,x,,,,,,,,x,,,Mordenkainen Presents: Monsters of the Multiverse,97,,,,,,,,,,,
Infernal Swarm,Huge,Fiend,"Swarm, Devil",Lawful Evil,12,,,,,,,,,,,,,,,,,,,x,Tome of Beasts 2,215,,,Draegloth,Large,Fiend,demon,Chaotic Evil,7,,x,,,,,,,,,,,,,,x,,,,Mordenkainen Presents: Monsters of the Multiverse,98,,,,,,,,,,,
Infestation Swarm,Medium,Monstrosity,Swarm,Unaligned,4,,,,,,,,,,ø,,,,,ø,,,,,Monster a Day Compendium 2.0,83,,,Drow Arachnomancer,Medium,Humanoid,elf,Chaotic Evil,13,,x,,,,,,,,,,,,,,x,,,,Mordenkainen Presents: Monsters of the Multiverse,99,,,,,,,,,,,
Infestor,Large,Monstrosity,,Unaligned,3,,,,,,,,,,,,,,ø,,ø,,,,Monster a Day Compendium 2.0,84,,,Drow Favored Consort,Medium,Humanoid,"elf, wizard",Any,18,,x,,,,,,,,,,,,,,x,,,,Mordenkainen Presents: Monsters of the Multiverse,100,,,,,,,,,,,
Initiate of the Elder Elementals,Small,Humanoid,Kobold,Any Evil,2,,x,,,,,,x,x,x,x,x,x,x,x,x,x,x,,Tome of Beasts 2,216,,,Drow House Captain,Medium,Humanoid,elf,Any,9,,x,,,,,,,,,,,,,,x,,,,Mordenkainen Presents: Monsters of the Multiverse,101,,,,,,,,,,,
Ink Devil,Small,Fiend,Devil,Lawful Neutral,2,,x,,,,,,,,,,,,,,,,,ø,Tome of Beasts,108,,,Drow Inquisitor,Medium,Humanoid,"cleric, elf",Neutral Evil,14,,x,,,,,,,,,,,,,,x,,,,Mordenkainen Presents: Monsters of the Multiverse,102,,,,,,,,,,,
Ink Guardian,Large,Ooze,,Unaligned,4,,,,,,,,,,,,,,,,,,x,,Creature Codex,285,,,Drow Matron Mother,Medium,Humanoid,"cleric, elf",Neutral Evil,20,,x,x,x,,,,,,,,,,,,x,,,,Mordenkainen Presents: Monsters of the Multiverse,104,,,,,,,,,,,
Inkling,Tiny,Construct,,Unaligned,1/4,,x,,,,,,,,,,,,,,,,x,,Creature Codex,227,,,Drow Shadowblade,Medium,Humanoid,elf,Any,11,,x,,,,,,,,,,,,,,x,,,,Mordenkainen Presents: Monsters of the Multiverse,105,,,,,,,,,,,
Inkling Mascot,Tiny,Ooze,,Neutral,1/4,,,,,,,,,,,,,,,,,,ø,,Strixhaven: A Cirriculum of Chaos,195,,,Duergar Despot,Medium,Humanoid,dwarf,Any,12,,x,,,,,,,,,,,,x,,x,,,,Mordenkainen Presents: Monsters of the Multiverse,107,,,,,,,,,,,
Inquisitor of the Mind Fire,Medium,Humanoid,,Not Provided,8,,x,,,,,,,,,,,,,,,,ø,ø,Van Richten's Guide to Ravenloft,248,,,Duergar Kavalrachni,Medium,Humanoid,dwarf,Any,2,,,,,,,,,,,,,,x,,x,,,,Mordenkainen Presents: Monsters of the Multiverse,107,"Mordenkainen's Tome of Foes 189, Out of the Abyss 226",,,,,,,,,,
Inquisitor of the Sword,Medium,Humanoid,,Not Provided,8,,x,,,,,,,,,,,,,,,,ø,ø,Van Richten's Guide to Ravenloft,249,,,Duergar Mind Master,Medium,Humanoid,dwarf,Any,2,,,,,,,,,,,,,,x,,x,,,,Mordenkainen Presents: Monsters of the Multiverse,108,"Mordenkainen's Tome of Foes 189, Icewind Dale: Rime of the Frostmaiden 286",,,,,,,,,,
Inquisitor of the Tome,Medium,Humanoid,,Not Provided,8,,x,,,,,,,,,,,,,,,,ø,ø,Van Richten's Guide to Ravenloft,249,,,Duergar Soulblade,Medium,Humanoid,dwarf,Any,1,,,,,,,,,,,,,,x,,x,,,,Mordenkainen Presents: Monsters of the Multiverse,109,,,,,,,,,,,
Inspired,Medium,Humanoid,Human,Lawful Evil,2,,x,,,,,,,,,,,,,,,,ø,,Eberron: Rising from the Last War,294,,,Duergar Stone Guard,Medium,Humanoid,dwarf,Any,2,,,,,,,,,,,,,,x,,x,,,,Mordenkainen Presents: Monsters of the Multiverse,110,,,,,,,,,,,
Intellect Devourer,Tiny,Aberration,,Lawful Neutral,2,,,,,,,,,,,,,,,,x,,,,Monster Manual,191,,,Duergar Warlord,Medium,Humanoid,dwarf,Any,6,,,,,,,,,,,,,,x,,x,,,,Mordenkainen Presents: Monsters of the Multiverse,111,,,,,,,,,,,
Intellect Snare,Small,Aberration,,Neutral Evil,8,,,,,,,,,,,,,,,,,,,,Phandelver and Below: The Shattered Obelisk,208,,,Duergar Xarrorn,Medium,Humanoid,dwarf,Any,2,,,,,,,,,,,,,,x,,x,,,,Mordenkainen Presents: Monsters of the Multiverse,111,,,,,,,,,,,
Invisible Stalker,Medium,Elemental,,Neutral,6,,,,,,,,,,,,,,,,,,x,,Monster Manual,192,,,Duergar Hammerer,Medium,Construct,dwarf,Any,2,,,,,,,,,,,,,,x,,x,,,,Mordenkainen Presents: Monsters of the Multiverse,112,,,,,,,,,,,
Iriad,Medium,Humanoid,"Sidekick, Elf",Chaotic Good,1,,,,,x,,,,,,,,,,,,,,,Dragonlance: Shadow of the Dragon Queen,212,,,Duergar Screamer,Medium,Construct,dwarf,Any,3,,,,,,,,,,,,,,x,,x,,,,Mordenkainen Presents: Monsters of the Multiverse,112,,,,,,,,,,,
Irid,Small,Humanoid,Kobold,Any Evil,2,,x,,,,,,x,x,x,x,x,x,x,x,x,x,x,x,Tome of Beasts 2,216,,,Dybbuk,Medium,Fiend,demon,Chaotic Evil,4,,x,,,,,,,,x,,,,,,,,x,,Mordenkainen Presents: Monsters of the Multiverse,113,,,,,,,,,,,
Iron Cobra,Medium,Construct,,Unaligned,4,,,,,,,,,,,x,x,x,x,,,,,,Mordenkainen's Tome of Foes,125,,,Eidolon,Medium,Undead,,Any,12,,,,,,,,,x,x,x,x,,x,,,,x,,Mordenkainen Presents: Monsters of the Multiverse,114,"Mordenkainen's Tome of Foes 194, Infernal Machine Rebuild 63",,,,,,,,,,
Iron Consul,Medium,Humanoid,Human,Lawful Evil,2,,,,,,,,,,,,,,,,,,x,ø,Baldur's Gate: Descent into Avernus,232,,,Sacred Statue,Large,Construct,,Any,12,,,,,,,,,,x,x,x,,x,,,,x,,Mordenkainen Presents: Monsters of the Multiverse,114,,,,,,,,,,,
Iron Defender,Medium,Construct,,Neutral,1,,,,,,,,,,,,,,,,,,ø,,Eberron: Rising from the Last War,293,,,Autumn Eladrin,Medium,Fey,elf,Chaotic Neutral,10,,x,,,,,,,,,x,,,,,,,,,Mordenkainen Presents: Monsters of the Multiverse,115,,,,,,,,,,,
Iron Ghoul,Medium,Undead,Ghoul,Lawful Neutral,5,,,,,,,,,,,,,,,ø,ø,,ø,,Tome of Beasts,221,,,Spring Eladrin,Medium,Fey,elf,Chaotic Neutral,10,,x,,,,,,,,,x,x,,,,,,,,Mordenkainen Presents: Monsters of the Multiverse,116,,,,,,,,,,,
Iron Golem,Huge,Construct,,Lawful Neutral,11,,,,,,,,,,,,,,,,,,ø,,Monster a Day Compendium 2.0,85,,,Summer Eladrin,Medium,Fey,elf,Chaotic Neutral,10,,x,,,,,,,,x,x,,,,,,,,,Mordenkainen Presents: Monsters of the Multiverse,116,,,,,,,,,,,
Iron Golem,Large,Construct,,Unaligned,16,,,,,,,,ø,ø,ø,ø,ø,ø,ø,,ø,ø,ø,ø,Monster Manual,170,,,Winter Eladrin,Medium,Fey,elf,Chaotic Neutral,10,,x,,,,,,x,,,x,,,,,,,,,Mordenkainen Presents: Monsters of the Multiverse,117,,,,,,,,,,,
Iron Sphere,Small,Construct,,Unaligned,5,,,,,,,,,,,,,,,,,,x,,Creature Codex,228,,,Elder Brain,Large,Aberration,mind flayer,Lawful Evil,14,,x,x,x,,,,,,,,,,,,x,,,,Mordenkainen Presents: Monsters of the Multiverse,120,,,,,,,,,,,
Iron Teeth of Baba Yaga,Tiny,Fey,,Chaotic Neutral,2,,x,,,,,,,,,x,,,,,,,,,Creature Codex,47,,,Elder Tempest,Gargantuan,Elemental,,Neutral,23,,,x,,,,,x,x,,,x,x,x,,,,,,Mordenkainen Presents: Monsters of the Multiverse,121,Mordenkainen's Tome of Foes 200,,,,,,,,,,
Ironscale Hydra,Gargantuan,Monstrosity,,Unaligned,12,,,,,,,,,,,,,,x,x,x,,,,Mythic Odysseys of Theros,231,,,Air Elemental Myrmidon,Medium,Elemental,,Neutral,7,,,,,,,,,,,,,,,,,,,,Mordenkainen Presents: Monsters of the Multiverse,122,,,,,,,,,,,
Irvan Wastewalker (Tier 1),Medium,Humanoid,Human,Chaotic Neutral,3,,,,,,,,,,,,,,,,,,,,Critical Role: Call of the Netherdeep,189,,,Earth Elemental Myrmidon,Medium,Elemental,,Neutral,7,,,,,,,,,,,,,,,,,,,,Mordenkainen Presents: Monsters of the Multiverse,122,,,,,,,,,,,
Irvan Wastewalker (Tier 2),Medium,Humanoid,Human,Chaotic Neutral,5,,,,,,,,,,,,,,,,,,,,Critical Role: Call of the Netherdeep,191,,,Fire Elemental Myrmidon,Medium,Elemental,,Neutral,7,,,,,,,,,,,,,,,,,,,,Mordenkainen Presents: Monsters of the Multiverse,123,,,,,,,,,,,
Irvan Wastewalker (Tier 3),Medium,Humanoid,Human,Chaotic Neutral,8,,,,,,,,,,,,,,,,,,,,Critical Role: Call of the Netherdeep,194,,,Water Elemental Myrmidon,Medium,Elemental,,Neutral,7,,,,,,,,,,,,,,,,,,,,Mordenkainen Presents: Monsters of the Multiverse,123,,,,,,,,,,,
Isolde,Medium,Fey,Elf,Any Evil,5,,x,,,x,,,,,,,,,,,,,,ø,Van Richten's Guide to Ravenloft,86,,,Fire Giant Dreadnought,Huge,Giant,,Lawful Evil,14,,,,,,,,,,,,,,x,,x,,,,Mordenkainen Presents: Monsters of the Multiverse,124,,,,,,,,,,,
Isonade,Gargantuan,Monstrosity,,Chaotic Neutral,14,,x,,,,,,,ø,,,,,,,,ø,,,Tome of Beasts,257,,,Firenewt Warlock of Imix,Medium,Elemental,,Neutral Evil,1,,x,,,,,,,,,,,x,x,,x,,,,Mordenkainen Presents: Monsters of the Multiverse,125,,,,,,,,,,,
Isperia,Gargantuan,Monstrosity,,Lawful Neutral,21,,x,x,,x,,,,,,,,,,,,,ø,,Guildmaster's Guide to Ravnica,227,,,Firenewt Warrior,Medium,Elemental,,Neutral,1/2,,,,,,,,,,x,,,x,x,,x,,,,Mordenkainen Presents: Monsters of the Multiverse,125,,,,,,,,,,,
Issar Kronenstrom,Medium,Humanoid,Human,Chaotic Evil,8,,,,,x,,,,,,,,,,,,,,,Icewind Dale: Rime of the Frostmaiden,307,,,Flail Snail,Large,Elemental,,Unaligned,3,,,,,,,,,,,x,,,,x,x,,,,Mordenkainen Presents: Monsters of the Multiverse,126,,,,,,,,,,,
Istarian Drone,Medium,Construct,,Unaligned,6,,,,,,,,,,,,,,,,,,,,Dragonlance: Shadow of the Dragon Queen,202,,,Flind,Medium,Fiend,gnoll,Chaotic Evil,9,,,,,,,,,x,,x,x,x,,,,,,,Mordenkainen Presents: Monsters of the Multiverse,127,,,,,,,,,,,
Istrid Horn,Medium,Humanoid,Dwarf,Neutral Evil,8,,x,,,x,,,,,,,,,,,,,ø,,Waterdeep: Dragon Heist,199,,,Fraz-Urb'luu,Large,Fiend,demon,Chaotic Evil,23,,x,x,x,x,,,,,,,,,,,,,,ø,Mordenkainen Presents: Monsters of the Multiverse,129,,,,,,,,,,,
Ixitxachitl,Small,Aberration,,Chaotic Evil,1/4,,,,,,,,,,,,,,,,,,,,Out of the Abyss,225,,,Froghemoth,Huge,Monstrosity,,Unaligned,10,,,,,,,,,,,,,,,x,x,,,,Mordenkainen Presents: Monsters of the Multiverse,130,,,,,,,,,,,
Ixitxachitl Cleric,Small,Aberration,,Chaotic Evil,1/4,,x,,,,,,,,,,,,,,,,,,Out of the Abyss,226,,,Frost Giant Everlasting One,Huge,Giant,,Chaotic Evil,12,,,,,,,,,x,,,,,,,,,,,Mordenkainen Presents: Monsters of the Multiverse,131,Volo's Guide to Monsters 148,,,,,,,,,,
Iymrith The Dragon,Gargantuan,Dragon,,Lawful Neutral,23,,x,x,,x,,,,,,,,,,,,,,,Storm King's Thunder,241,,,Frost Salamander,Huge,Elemental,,Unaligned,9,,,,,,,,x,,,,,,,,,,,,Mordenkainen Presents: Monsters of the Multiverse,132,Mordenkainen's Tome of Foes 223,,,,,,,,,,
Izek Strazni,Medium,Humanoid,Human,Neutral Evil,5,,,,,x,,,,,,,,,,,,,ø,,Curse of Strahd,232,,,Gauth,Medium,Aberration,beholder,Lawful Evil,6,,,,,,,,,,,,,,,,x,,,,Mordenkainen Presents: Monsters of the Multiverse,133,Volo's Guide to Monsters 125,,,,,,,,,,
J’ba Fofi,Large,Beast,Spider,Unaligned,3,,,,,,,,,,ø,ø,,ø,,,,,,,Tome of Beasts,362,,,Gazer,Tiny,Aberration,beholder,Neutral Evil,1/2,,,,,,v,,,,,,,,,,x,,,,Mordenkainen Presents: Monsters of the Multiverse,134,"Volo's Guide to Monsters 1256, Waterdeep: Dragon Heist 203",,,,,,,,,,
Jaanavar Jal,Huge,Monstrosity,,Unaligned,7,,,,,,,,,,,x,,,,,,,,,Creature Codex,229,,,Geryon,Huge,Fiend,devil,Lawful Evil,22,,x,x,x,x,,,,,,,,,,,,,,ø,Mordenkainen Presents: Monsters of the Multiverse,136,,,,,,,,,,,
Jabberwock,Huge,Dragon,,Chaotic Evil,13,,,x,,,,,,,,x,,ø,ø,ø,,,,,The Wild Beyond The Witchlight,236,,,Giant Strider,Large,Elemental,,Unaligned,1,,,,,,,,,,,,,x,x,,x,,,,Mordenkainen Presents: Monsters of the Multiverse,137,,,,,,,,,,,
Jack of Strings,Medium,Fey,,Chaotic Neutral,5,,,,,,,,,,,x,x,,,,,,x,x,Tome of Beasts 2,218,,,Giff,Medium,Humanoid,,Any,3,,,,,,,,,,,,,,,,,,x,,Mordenkainen Presents: Monsters of the Multiverse,138,Mordenkainen's Tome of Foes 204,,,,,,,,,,
Jack-in-Irons Giant,Huge,Giant,,Chaotic Evil,7,,,,,,,,,,,x,x,,,,,,,,Fifth Edition Foes,120,,,Girallon,Large,Monstrosity,,Unaligned,4,,,,,,,,,,,x,,,,,,,,,Mordenkainen Presents: Monsters of the Multiverse,139,"Volo's Guide to Monsters 152, Tomb of Annihilation 222",,,,,,,,,,
Jackal,Small,Beast,,Unaligned,0,,,,,,,,,,x,,x,,,,,,,,Monster Manual,331,,,Githyanki Gish,Medium,Humanoid,"gith, wizard",Any,10,,x,,,,,,,,x,,,,x,,,,x,,Mordenkainen Presents: Monsters of the Multiverse,140,,,,,,,,,,,
Jackal of Darkness,Small,Undead,,Neutral Evil,1,,,,,,,,,,x,,,,,,,,,x,Fifth Edition Foes,149,,,Githyanki Kith'rak,Medium,Humanoid,gith,Any,12,,x,,,,,,,,x,,,,x,,,,x,,Mordenkainen Presents: Monsters of the Multiverse,140,,,,,,,,,,,
Jackalwere,Medium,Humanoid,Shapechanger,Chaotic Evil,1/2,,,,,,,,,,x,,x,,,,,,,,Monster Manual,193,,,Githyanki Supreme Commander,Medium,Humanoid,gith,Any,14,,x,x,,,,,,,x,,,,x,,,,x,,Mordenkainen Presents: Monsters of the Multiverse,141,,,,,,,,,,,
Jaculi,Medium,Monstrosity,,Unaligned,1/8,,,,,,,,,,,x,x,x,,,,,,,Fifth Edition Foes,150,,,Githzerai Anarch,Medium,Humanoid,gith,Any,16,,x,x,x,,,,,,,,,,,,,,,,Mordenkainen Presents: Monsters of the Multiverse,142,,,,,,,,,,,
Jaculi,Large,Beast,,Unaligned,1/2,,,,,,,,,,,,,,,,,,,,Tomb of Annihilation,225,,,Githzerai Enlightened,Medium,Humanoid,gith,Any,10,,x,,,,,,,,x,,,,x,,,,x,,Mordenkainen Presents: Monsters of the Multiverse,143,,,,,,,,,,,
Jaculus,Small,Dragon,,Neutral Evil,3,,,,,,,,,,,ø,,,,ø,,,,,Tome of Beasts,258,,,Gnoll Flesh Gnawer,Medium,Monstrosity,,Chaotic Evil,1,,,,,,,,x,,,x,x,x,,,,,,,Mordenkainen Presents: Monsters of the Multiverse,144,,,,,,,,,,,
Jade Tigress,Medium,Humanoid,Human,Lawful Evil,8,,,,,x,,,,,,,,,,,,,ø,,Candlekeep Mysteries,166,,,Gnoll Hunter,Medium,Monstrosity,,Chaotic Evil,1/2,,,,,,,,x,,,x,x,x,,,,,,,Mordenkainen Presents: Monsters of the Multiverse,144,,,,,,,,,,,
Jaheira,Medium,Humanoid,Half-Elf,Neutral,13,,x,,,x,,,,,,,,,,,,,x,,Minsc and Boo's Journal of Villainy,60,,,Gnoll Witherling,Medium,Undead,,Chaotic Evil,1/4,,,,,,,,x,,,x,x,x,,,,,,,Mordenkainen Presents: Monsters of the Multiverse,145,,,,,,,,,,,
Jalester Silvermane,Medium,Humanoid,Human,Lawful Good,4,,,,,x,,,,,,,,,,,,,ø,,Waterdeep: Dragon Heist,205,,,Gray Render,Large,Monstrosity,,Chaotic Neutral,12,,,,,,,,,,,x,,x,,,,,,,Mordenkainen Presents: Monsters of the Multiverse,146,,,,,,,,,,,
Jammer Leech,Tiny,Plant,,Unaligned,1,,,,,,,,,,,,,,,,,,,,Boo's Astral Menagerie,30,,,Graz'zt,Large,Fiend,demon,Chaotic Evil,24,,x,x,x,x,,,,,,,,,,,,,,ø,Mordenkainen Presents: Monsters of the Multiverse,148,,,,,,,,,,,
Jamna Gleamsilver,Small,Humanoid,Gnome,Neutral,1,,x,,,x,,,,,,,,,,,,,,,Hoard of the Dragon Queen,91,,,Grung,Small,Humanoid,,Any,1/4,,,,,,,,,,,x,,,,,,,,,Mordenkainen Presents: Monsters of the Multiverse,149,,,,,,,,,,,
Jarlaxle Baenre,Medium,Humanoid,Elf,Chaotic Neutral,15,,x,x,,x,,,,,,,,,,,,,ø,,Waterdeep: Dragon Heist,206,,,Grung Elite Warrior,Small,Humanoid,,Any,2,,,,,,,,,,,x,,,,,,,,,Mordenkainen Presents: Monsters of the Multiverse,150,,,,,,,,,,,
Jarod Vod Savo,Medium,Undead,,Neutral Evil,22,,x,x,x,x,,,,,,,,,,ø,ø,,ø,,Guildmaster's Guide to Ravnica,235,,,Grung Wildling,Small,Humanoid,,Any,1,,x,,,,,,,,,x,,,,,,,,,Mordenkainen Presents: Monsters of the Multiverse,150,,,,,,,,,,,
Jarund Elkhardt,Medium,Humanoid,Human,Neutral,5,,,,,x,,,,,,,,,,,,,,,Icewind Dale: Rime of the Frostmaiden,305,,,Guard Drake,Medium,Dragon,,Unaligned,2,,,,,,,,x,,x,x,,,x,x,x,,x,,Mordenkainen Presents: Monsters of the Multiverse,151,,,,,,,,,,,
Jermlaine,Tiny,Humanoid,Jermlaine,Neutral Evil,1/8,,,,,,,,,,,,,,,,x,,,,Mordenkainen's Fiendish Folio vol. 1,11,,,Hellfire Engine,Huge,Construct,,Lawful Evil,16,,,,,,,,,,,,,,,,,,,,Mordenkainen Presents: Monsters of the Multiverse,152,,,,,,,,,,,
Jiangshi,Medium,Undead,,Chaotic Evil,6,,,,,,,,,,,,x,,,,,,x,,Creature Codex,230,,,Hobgoblin Devastator,Medium,Fey,goblinoid,Lawful Neutral,4,,x,,,,,,,,,x,x,x,,,,,,,Mordenkainen Presents: Monsters of the Multiverse,153,,,,,,,,,,,
Jiangshi,Medium,Undead,,Not Provided,9,,,,,,,,,,,,,,,,,,ø,,Van Richten's Guide to Ravenloft,236,,,Hobgoblin Iron Shadow,Medium,Fey,goblinoid,Lawful Neutral,2,,x,,,,,,,,,x,x,x,,,,,,,Mordenkainen Presents: Monsters of the Multiverse,154,,,,,,,,,,,
Jim Darkmagic,Medium,Humanoid,Human,Chaotic Neutral,5,,x,,,x,,,,,,,,,,,,,ø,,Acquisitions Incorporated,197,,,Howler,Large,Fiend,,Chaotic Evil,8,,,,,,,,,,x,,x,x,,,x,,,,Mordenkainen Presents: Monsters of the Multiverse,155,,,,,,,,,,,
Jinmenju,Huge,Plant,,Chaotic Neutral,9,,,x,x,,,,,,,x,,,,,,,,,Creature Codex,231,,,Hutijin,Large,Fiend,devil,Lawful Evil,21,,x,x,,x,,,,,,,,,,,,,,ø,Mordenkainen Presents: Monsters of the Multiverse,157,,,,,,,,,,,
Jon Irenicus,Medium,Undead,,Neutral Evil,22,,x,x,,x,,,,,,,,,,,,,ø,,Minsc and Boo's Journal of Villainy,73,,,Hydroloth,Medium,Fiend,yugoloth,Neutral Evil,9,,x,,,,,,,,,,,,,,,,,,Mordenkainen Presents: Monsters of the Multiverse,158,,,,,,,,,,,
Jotun Giant,Gargantuan,Giant,,Chaotic Neutral,22,,x,x,,,,,ø,,,,,,ø,,,,,,Tome of Beasts,226,,,Juiblex,Huge,Fiend,demon,Chaotic Evil,23,,x,x,x,x,,,,,,,,,,,,,,ø,Mordenkainen Presents: Monsters of the Multiverse,160,,,,,,,,,,,
"Jourrael, the Caedogeist",Medium,Fiend,Drow,Not Provided,15,,x,,,x,,,,,,,,,,,,,,,Tal'Dorei Campaign Setting Reborn,245,,,Ki-Rin,Large,Celestial,,Lawful Good,12,,x,x,x,,,,,x,x,,x,,x,,,,,,Mordenkainen Presents: Monsters of the Multiverse,162,,,,,,,,,,,
Juiblex,Huge,Fiend,demon,Chaotic Evil,23,,x,x,x,x,,,,,,,,,,,,,,ø,Mordenkainen Presents: Monsters of the Multiverse,160,,,Kobold Dragonshield,Small,Dragon,,Any,1,,,,,,,,,,,x,,x,x,,x,,,,Mordenkainen Presents: Monsters of the Multiverse,163,,,,,,,,,,,
Juiblex,Huge,Fiend,"Demon, Demon Lord",Chaotic Evil,23,,x,x,x,x,,,,,,,,,,,,,,ø,Mordenkainen's Tome of Foes,151,Out of the Abyss 243,,Kobold Inventor,Small,Humanoid,,Any,1/4,,,,,,,,,,,x,,x,x,,x,,x,,Mordenkainen Presents: Monsters of the Multiverse,164,Volo's Guide to Monsters 166,,,,,,,,,,
Junk Shaman,Small,Humanoid,Kobold,Lawful Neutral,2,,,,,,,,,,,,,,,,x,,x,,Creature Codex,238,,,Kobold Scale Sorcerer,Small,Humanoid,,Any,1,,x,,,,,,,,,x,,x,x,,x,,x,,Mordenkainen Presents: Monsters of the Multiverse,165,,,,,,,,,,,
Jupiter Bloodsucker,Medium,Plant,,Unaligned,1,,,,,,,,,,,x,,,,,,,,,Fifth Edition Foes,152,,,Korred,Small,Fey,,Chaotic Neutral,7,,x,,,,,,,,,x,,,,,,,,,Mordenkainen Presents: Monsters of the Multiverse,166,The Wild Beyond The Witchlight 237,,,,,,,,,,
Juvenile Kraken,Huge,Monstrosity,Titan,Chaotic Evil,14,,,x,,,,,,,,,,,,,,x,,,Ghosts of Saltmarsh,238,,,Kraken Priest,Medium,Monstrosity,,Chaotic Evil,5,,x,,,,,,,x,,,,,,,,x,,,Mordenkainen Presents: Monsters of the Multiverse,167,,,,,,,,,,,
K'thriss Drow'b,Medium,Humanoid,Elf,Chaotic Neutral,3,,x,,,x,,,,,,,,,,,,,ø,,Acquisitions Incorporated,202,,,Young Kruthik,Small,Monstrosity,,Unaligned,1/8,,,,,,,,,,x,,,,x,,x,,,,Mordenkainen Presents: Monsters of the Multiverse,168,Mordenkainen's Tome of Foes 211,,,,,,,,,,
K'Tulah,Medium,Humanoid,Tabaxi,Neutral Good,2,,x,,,x,,,x,,,,,,,,,,,,Candlekeep Mysteries,64,,,Adult Kruthik,Medium,Monstrosity,,Unaligned,2,,,,,,,,,,x,,,,x,,x,,,,Mordenkainen Presents: Monsters of the Multiverse,169,Mordenkainen's Tome of Foes 212,,,,,,,,,,
Kachlian,Huge,Aberration,,Neutral Evil,8,,x,,,,,,,,,,,,,,,,,x,Tome of Beasts 2,219,,,Kruthik Hive Lord,Large,Monstrosity,,Unaligned,5,,,,,,,,,,x,,,,x,,x,,,,Mordenkainen Presents: Monsters of the Multiverse,169,Mordenkainen's Tome of Foes 212,,,,,,,,,,
Kagain,Medium,Humanoid,Dwarf,Neutral Evil,11,,,x,,x,,,,,,,,,,,,,ø,,Minsc and Boo's Journal of Villainy,118,,,Leucrotta,Large,Monstrosity,,Chaotic Evil,3,,,,,,,,,,x,,x,,,,,,,,Mordenkainen Presents: Monsters of the Multiverse,170,,,,,,,,,,,
Kakkuu Spyder-Fiend,Medium,Fiend,Demon,Chaotic Evil,5,,,,,,,,,,,,,,,,,,,,Vecna: Eve of Ruin,234,,,Leviathan,Gargantuan,Elemental,,Neutral,20,,,x,,,,,,x,,,,,,,,x,,,Mordenkainen Presents: Monsters of the Multiverse,171,,,,,,,,,,,
Kalag,Medium,Humanoid,Kalag,Chaotic Neutral,1/2,,,,,,,,,,,,,,,,ø,,,,Monster a Day Compendium 2.0,86,,,Martial Arts Adept,Medium,Humanoid,,Any,3,,,,,,,,,,,,,,,,,,x,,Mordenkainen Presents: Monsters of the Multiverse,172,,,,,,,,,,,
Kalaman Soldier,Small or Medium,Humanoid,,Any,1/2,,,,,,,,,,,,,,,,,,,,Dragonlance: Shadow of the Dragon Queen,202,,,Marut,Large,Construct,inevitable,Lawful Neutral,25,,,,,,,,,,,,,,,,,,,ø,Mordenkainen Presents: Monsters of the Multiverse,173,,,,,,,,,,,
Kalaraq Quori,Medium,Aberration,,Lawful Evil,19,,x,,,,,,,,,,,,,,,,,x,Eberron: Rising from the Last War,306,,,Master Thief,Medium,Humanoid,,Any,5,,,,,,,,,,,,,,,,,,x,,Mordenkainen Presents: Monsters of the Multiverse,174,,,,,,,,,,,
Kalashtar,Medium,Humanoid,Kalashtar,Any,1/4,,,,,,,,,,,,,,,,,,ø,,Eberron: Rising from the Last War,317,,,Maurezhi,Medium,Fiend,demon,Chaotic Evil,7,,,,,,,,,,,,,,,x,,,x,,Mordenkainen Presents: Monsters of the Multiverse,175,Mordenkainen's Tome of Foes 133,,,,,,,,,,
Kalka-Kylla,Large,Monstrosity,,Neutral,3,,,,,,,,,,,,,,,,,,,,Tales from the Yawning Portal,238,,,Maw Demon,Medium,Fiend,demon,Chaotic Evil,1,,,,,,,,,,,,,,,,x,,,,Mordenkainen Presents: Monsters of the Multiverse,176,,,,,,,,,,,
Kalke,Small,Fiend,,Neutral Evil,1/4,,,,,,,,,,,,,,,,,,ø,,Tome of Beasts,259,,,Meazel,Medium,Monstrosity,,Neutral Evil,1,,,,,,,,,,x,x,x,x,x,x,x,,x,,Mordenkainen Presents: Monsters of the Multiverse,177,Mordenkainen's Tome of Foes 214,,,,,,,,,,
Kallikantzaros,Small,Fey,,Chaotic Evil,2,,,,,,,,,,,,,,,,x,,,,Creature Codex,233,,,Meenlock,Small,Fey,,Neutral Evil,2,,,,,,,,,,,x,,,,x,,,x,,Mordenkainen Presents: Monsters of the Multiverse,178,Volo's Guide to Monsters 170,,,,,,,,,,
Kamadan,Large,Monstrosity,,Unaligned,3,,,,,,,,,,x,x,x,x,,x,,,,,Fifth Edition Foes,153,,,Merregon,Medium,Fiend,devil,Lawful Evil,4,,,,,,,,,,,,,,,,,,,,Mordenkainen Presents: Monsters of the Multiverse,179,"Mordenkainen's Tome of Foes 166, Baldur's Gate: Descent into Avernus 238",,,,,,,,,,
Kamadan,Large,Monstrosity,,Unaligned,4,,,,,,,,,,ø,ø,ø,ø,,ø,,,,,Tomb of Annihilation,225,,,Merrenoloth,Medium,Fiend,yugoloth,Neutral Evil,3,,x,,x,,,,,x,,,,,,,,,,,Mordenkainen Presents: Monsters of the Multiverse,180,,,,,,,,,,,
Kamaitachi,Small,Monstrosity,Shapechanger,Chaotic Neutral,5,,,,,,,,x,,,x,,,,,,,,,Tome of Beasts 2,220,,,Mindwitness,Large,Aberration,,Lawful Neutral,5,,,,,,,,,,,,,,,,x,,,,Mordenkainen Presents: Monsters of the Multiverse,181,Volo's Guide to Monsters 176,,,,,,,,,,
Kampfult,Medium,Plant,,Unaligned,2,,,,,,,,,,,,,,,,x,,,,Fifth Edition Foes,154,,,Moloch,Large,Fiend,devil,Lawful Evil,21,,x,x,,x,,,,,,,,,,,,,,ø,Mordenkainen Presents: Monsters of the Multiverse,183,,,,,,,,,,,
Kansaldi Fire-Eyes,Medium,Humanoid,"Human, Cleric",Lawful Evil,11,,x,,,x,,,,,,,,,,,,,,,Dragonlance: Shadow of the Dragon Queen,203,,,Molydues,Huge,Fiend,demon,Chaotic Evil,21,,x,x,,,,,,,,,,,,,,,,ø,Mordenkainen Presents: Monsters of the Multiverse,184,,,,,,,,,,,
Kaorti,Medium,Aberration,,Chaotic Evil,10,,x,,,,,,,,,,,,,,,,,ø,Monster a Day Compendium 2.0,87,,,Morkoth,Large,Aberration,,Chaotic Evil,11,,x,,x,,,,,x,,,,,,,,x,,,Mordenkainen Presents: Monsters of the Multiverse,186,,,,,,,,,,,
Kapak Draconian,Medium,Monstrosity,,Lawful Evil,3,,,,,,,,,,,,,,,,,,,,Dragonlance: Shadow of the Dragon Queen,198,,,Mouth of Grolantor,Huge,Giant,hill giant,Chaotic Evil,6,,,,,,,,,,,,x,x,,,,,,,Mordenkainen Presents: Monsters of the Multiverse,187,Volo's Guide to Monsters 149,,,,,,,,,,
Kapi,Medium,Humanoid,Simian,Chaotic Good,1/2,,,,,,,,,,,x,,,,,,,,,Creature Codex,336,,,Nabassu,Medium,Fiend,demon,Chaotic Evil,15,,,,,,,,,,,,,,,x,x,,x,,Mordenkainen Presents: Monsters of the Multiverse,188,,,,,,,,,,,
Kappa,Small,Fey,,Chaotic Neutral or Chaotic Evil,2,,,,,,,,,,,x,,,,x,,x,,,Creature Codex,234,,,Nagpa,Medium,Monstrosity,wizard,Neutral Evil,17,,x,,,,,,,x,x,x,,,,x,x,,x,,Mordenkainen Presents: Monsters of the Multiverse,189,,,,,,,,,,,
Kapre,Large,Fey,,Chaotic Neutral,5,,x,,,,,,,,,ø,,,,,,,,,Monster a Day Compendium 2.0,88,,,Narzugon,Medium,Fiend,devil,Lawful Evil,13,,,,,,,,,,,,,,,,,,,,Mordenkainen Presents: Monsters of the Multiverse,190,,,,,,,,,,,
Karakura,Medium,Fiend,Shapechanger,Neutral Evil,5,,,,,,,,,,,,,,,,,,,x,Creature Codex,235,,,Neogi Hatchling,Tiny,Aberration,,Lawful Evil,1/8,,,,,,,,,,,,,x,,,x,,,,Mordenkainen Presents: Monsters of the Multiverse,191,Volo's Guide to Monsters 179,,,,,,,,,,
Karrnathi Undead Soldier,Medium,Undead,,Lawful Evil,3,,,,,,,,,,,,,,,,,,,,Eberron: Rising from the Last War,295,,,Neogi,Small,Aberration,,Lawful Evil,3,,,,,,,,,,,,,x,,,x,,,,Mordenkainen Presents: Monsters of the Multiverse,192,Volo's Guide to Monsters 180,,,,,,,,,,
Kas the Betrayer,Medium,Undead,Vampire,Neutral Evil,23,,,x,,x,,,,,,,,,,,,,,,Vecna: Eve of Ruin,244,,,Neogi Master,Medium,Aberration,warlock,Lawful Evil,4,,x,,,,,,,,,,,x,,,x,,,,Mordenkainen Presents: Monsters of the Multiverse,192,,,,,,,,,,,
Kaveph,Huge,Aberration,,Neutral Evil,6,,,,,,,,,,,,,,,,x,,,x,Tome of Beasts 2,225,,,Neothelid,Gargantuan,Aberration,,Chaotic Evil,13,,x,,,,,,,,,,,,,,x,,,,Mordenkainen Presents: Monsters of the Multiverse,193,"Volo's Guide to Monsters 181, Waterdeep: Dungeon of the Mad Mage 315",,,,,,,,,,
Kavu Predator,Large,Beast,,Unaligned,2,,,,,,,,,,,x,,,,,,,,,Planeshift: Dominaria,24,,,Nightwalker,Huge,Undead,,Chaotic Evil,20,,,,,,,,x,,x,,,,,x,x,,,,Mordenkainen Presents: Monsters of the Multiverse,194,,,,,,,,,,,
Kech,Medium,Monstrosity,,Neutral Evil,1/2,,,,,,,,,,,x,,,,x,,,,,Fifth Edition Foes,155,,,Nilbog,Small,Fey,goblinoid,Chaotic Neutral,1,,x,,,,,,,,,x,,x,,,x,,,,Mordenkainen Presents: Monsters of the Multiverse,195,,,,,,,,,,,
Keelbreaker Crab,Huge,Monstrosity,,Unaligned,9,,,,,,,,,x,,,,,,,,x,,,Tome of Beasts 2,226,,,Nupperibo,Medium,Fiend,devil,Lawful Evil,1/2,,,,,,,,,,,,,,,,,,,,Mordenkainen Presents: Monsters of the Multiverse,196,,,,,,,,,,,
Keg Golem,Medium,Construct,,Unaligned,3,,,,,,,,,,,,,,x,,x,,x,,Creature Codex,199,,,Oblex Spawn,Tiny,Ooze,,Lawful Evil,1/4,,,,,,,,,,,,,,,x,x,,x,,Mordenkainen Presents: Monsters of the Multiverse,197,Mordenkainen's Tome of Foes 217,,,,,,,,,,
Keg Robot,Medium,Construct,,Unaligned,2,,,,,,,,,,,,,,,,,,ø,,Acquisitions Incorporated,212,,,Adult Oblex,Medium,Ooze,,Lawful Evil,5,,x,,,,,,,,,,,,,x,x,,x,,Mordenkainen Presents: Monsters of the Multiverse,198,,,,,,,,,,,
Kelek,Medium,Humanoid,"Human, Sorcerer",Chaotic Evil,5,,x,,,x,,,,,,,,,,,,,,,The Wild Beyond The Witchlight,219,,,Elder Oblex,Huge,Ooze,,Lawful Evil,10,,x,,,,,,,,,,,,,x,x,,x,,Mordenkainen Presents: Monsters of the Multiverse,199,,,,,,,,,,,
Kelp Drake,Medium,Dragon,,Neutral Evil,3,,,,,,,,,x,,,,,,,,x,,,Tome of Beasts 2,124,,,Ogre Battering Ram,Large,Giant,,Chaotic Evil,4,,,,,,,,,,,,x,x,x,,,,,,Mordenkainen Presents: Monsters of the Multiverse,200,,,,,,,,,,,
Kelp Eel,Huge,Plant,,Unaligned,10,,,,,,,,,,,,,,,,,x,,,Tome of Beasts 2,227,,,Ogre Bolt Launcher,Large,Giant,,Chaotic Evil,2,,,,,,,,,,,,x,x,x,,,,,,Mordenkainen Presents: Monsters of the Multiverse,200,Mordenkainen's Tome of Foes 220,,,,,,,,,,
Kelpie,Medium,Plant,,Neutral Evil,1,,,,,,,,,x,,,,,,x,,x,,,Fifth Edition Foes,156,,,Ogre Chain Brute,Large,Giant,,Chaotic Evil,3,,,,,,,,,,,,x,x,x,,,,,,Mordenkainen Presents: Monsters of the Multiverse,201,Mordenkainen's Tome of Foes 221,,,,,,,,,,
Kelpie,Medium,Plant,,Neutral Evil,4,,,,,,,,,ø,,,,,,ø,,ø,,,Tales from the Yawning Portal,238,,,Ogre Howdah,Large,Giant,,Chaotic Evil,2,,,,,,,,,,,,x,x,x,,,,,,Mordenkainen Presents: Monsters of the Multiverse,201,,,,,,,,,,,
Kelubar Demodand,Medium,Fiend,,Neutral Evil,13,,x,,,,,,,,,,,,,,,,,x,Morte's Planar Parade,27,,,Oinoloth,Medium,Fiend,yugoloth,Neutral Evil,12,,x,,,,,,,,x,,,,,,x,,,,Mordenkainen Presents: Monsters of the Multiverse,202,,,,,,,,,,,
Kender Skirmisher,Small,Humanoid,,Any,1/4,,,,,,,,,,,,,,,,,,,,Dragonlance: Shadow of the Dragon Queen,204,,,Orcus,Huge,Fiend,demon,Chaotic Evil,26,,x,x,x,x,,,,,,,,,,,,,,ø,Mordenkainen Presents: Monsters of the Multiverse,204,,,,,,,,,,,
Kenku,Medium,Humanoid,Kenku,Chaotic Neutral,1/4,,,,,,,,,,,x,,,,,,,x,,Monster Manual,194,,,Orthon,Large,Fiend,devil,Lawful Evil,10,,,,,,,,,,x,,,,,,x,,x,,Mordenkainen Presents: Monsters of the Multiverse,205,,,,,,,,,,,
Kettlesteam the Kenku,Medium,Humanoid,Warlock,Chaotic Neutral,1,,x,,,x,,,,,,,,,,,,,,,The Wild Beyond The Witchlight,52,,,Phoenix,Gargantuan,Elemental,,Neutral,16,,,x,,,,,,,x,,,,x,,,,,,Mordenkainen Presents: Monsters of the Multiverse,206,,,,,,,,,,,
Keyhole Dragonite,Tiny,Dragon,,Neutral,1/2,,,,,,v,,,,,,,,,,,,x,,Tome of Beasts 2,118,,,Quickling,Tiny,Fey,,Chaotic Evil,1,,,,,,,,,,,x,,,,,,,,,Mordenkainen Presents: Monsters of the Multiverse,207,"Volo's Guide to Monsters 187, The Wild Beyond The Witchlight 239",,,,,,,,,,
"Keyleth, Voice of the Tempest",Medium,Humanoid,half-elf,Not Provided,18,,x,,,x,,,,,,,,,,,,,,,Tal'Dorei Campaign Setting Reborn,263,,,Redcap,Small,Fey,,Chaotic Evil,3,,,,,,,,,,,x,,x,,x,,,,,Mordenkainen Presents: Monsters of the Multiverse,208,"Volo's Guide to Monsters 188, Baldur's Gate: Descent into Avernus 240, Infernal Machine Rebuild 79, The Wild Beyond The Witchlight 240",,,,,,,,,,
Kezai,Medium,Monstrosity,,Unaligned,4,,,,,,,,,,x,,,x,,,,,,,Tome of Beasts 2,228,,,Retriever,Large,Construct,,Lawful Evil,14,,x,,,,,,,,x,x,,,,,x,,,,Mordenkainen Presents: Monsters of the Multiverse,209,Mordenkainen's Tome of Foes 222,,,,,,,,,,
Khargra,Small,Fiend,,Unaligned,2,,,,,,,,,,,,,,,,,,,x,Fifth Edition Foes,157,,,Rutterkin,Medium,Fiend,demon,Chaotic Evil,2,,,,,,,,,,,,,,,,,,,,Mordenkainen Presents: Monsters of the Multiverse,210,Mordenkainen's Tome of Foes 136,,,,,,,,,,
Khargra,Small,Elemental,,Neutral,1/8,,,,,,,,,,,,,ø,ø,,,,,x,Mordenkainen's Fiendish Folio vol. 1,12,,,Sea Spawn,Medium,Monstrosity,,Neutral Evil,1,,,,,,,,,x,,,,,,,,x,,,Mordenkainen Presents: Monsters of the Multiverse,211,Volo's Guide to Monsters 189,,,,,,,,,,
Khodumodumo,Gargantuan,Monstrosity,,Unaligned,14,,,,,,,,,,,,x,x,,,,,,,Tome of Beasts 2,229,,,Shadar-Kai Gloom Weaver,Medium,Humanoid,elf,Neutral Evil,9,,x,,,,,,,,,,,,,,x,,x,,Mordenkainen Presents: Monsters of the Multiverse,213,,,,,,,,,,,
Ki-Rin,Large,Celestial,,Lawful Good,12,,x,x,x,,,,,x,x,,x,,x,,,,,,Mordenkainen Presents: Monsters of the Multiverse,162,,,Shadar-Kai Shadow Dancer,Medium,Humanoid,elf,Any,7,,,,,,,,,,,x,,,,,x,,x,,Mordenkainen Presents: Monsters of the Multiverse,213,Mordenkainen's Tome of Foes 225,,,,,,,,,,
Ki-Rin,Huge,Celestial,,Lawful Good,12,,x,x,x,,,,,x,x,,x,,x,,,,,,Volo's Guide to Monsters,163,,,Shadar-Kai Soul Monger,Medium,Humanoid,elf,Neutral Evil,11,,x,,,,,,,,,,,,,,x,,x,,Mordenkainen Presents: Monsters of the Multiverse,214,,,,,,,,,,,
Kiddywidget,Small,Construct,,Not Provided,1/2,,,,,,,,,,,,,,,,,,ø,,Candlekeep Mysteries,136,,,Shadow Mastiff,Medium,Monstrosity,,Neurtral Evil,2,,,,,,,,,,,x,,x,,x,,,,,Mordenkainen Presents: Monsters of the Multiverse,215,Volo's Guide to Monsters 190,,,,,,,,,,
Kikimora,Medium,Fey,,Chaotic Neutral,5,,x,,,,,,,,,,,,,,,,ø,,Tome of Beasts,260,,,Shadow Mastiff Alpha,Medium,Monstrosity,,Neutral Evil,3,,,,,,,,,,,x,,x,,x,,,,,Mordenkainen Presents: Monsters of the Multiverse,215,,,,,,,,,,,
Killer Whale,Huge,Beast,,Unaligned,3,,,,,,,,,,,,,,,,,x,,,Monster Manual,331,,,Shoosuva,Large,Fiend,demon,Chaotic Evil,8,,,,,,,,,x,,x,x,x,,,,,,,Mordenkainen Presents: Monsters of the Multiverse,216,,,,,,,,,,,
Killmoulis,Tiny,Fey,,Neutral,0,,,,,,,,,,,,,,,,,,,x,Mordenkainen's Fiendish Folio vol. 1,13,,,Sibriex,Huge,Fiend,demon,Chaotic Evil,18,,x,x,,,,,,,,,,,,,x,,,,Mordenkainen Presents: Monsters of the Multiverse,217,,,,,,,,,,,
Kindori,Gargantuan,Celestial,,Unaligned,7,,,,,,,,,,,,,,,,,,,,Boo's Astral Menagerie,31,,,Skulk,Medium,Monstrosity,,Chaotic Neutral,1/2,,,,,,,,,x,,x,,,,x,x,,x,,Mordenkainen Presents: Monsters of the Multiverse,219,,,,,,,,,,,
King Kobold,Small,Humanoid,Kobold,Lawful Neutral,6,,x,,,,,,,,,,,,,,x,,x,,Creature Codex,239,,,Skull Lord,Medium,Undead,sorcerer,Lawful Evil,15,,x,x,,,,,,,x,,,,,x,x,,,,Mordenkainen Presents: Monsters of the Multiverse,220,,,,,,,,,,,
King Paúl,Medium,Humanoid,Elf,Unaligned,7,,,,,x,,,,,,,,,,,,,ø,,Monster a Day Compendium 2.0,100,,,Slithering Tracker,Medium,Ooze,,Chaotic Evil,3,,,,,,,,,,,,,,,,x,,x,,Mordenkainen Presents: Monsters of the Multiverse,221,,,,,,,,,,,
Kinnara,Medium,Celestial,Angel,Lawful Good,3,,x,,,,,,x,x,x,x,x,x,x,x,x,x,x,x,Creature Codex,17,,,Angry Sorrowsworn,Medium,Monstrosity,,Neutral Evil,13,,,,,,,,,,,,,,,,x,,x,,Mordenkainen Presents: Monsters of the Multiverse,222,Mordenkainen's Tome of Foes 231,,,,,,,,,,
Kirikari,Huge,Monstrosity,,Unaligned,9,,,,,,,,,,,,,,,x,,,,,Tome of Beasts 2,230,,,Hungry Sorrowsworn,Medium,Monstrosity,,Neutral Evil,11,,,,,,,,,,,x,,,,,x,,x,,Mordenkainen Presents: Monsters of the Multiverse,223,,,,,,,,,,,
Kishi,Medium,Fiend,Demon,Chaotic Evil,8,,x,,,,,,,,,,,,,,,,ø,ø,Tome of Beasts,77,,,Lonely Sorrowsworn,Medium,Monstrosity,,Neutral Evil,9,,,,,,,,,x,x,,,,x,,x,,x,,Mordenkainen Presents: Monsters of the Multiverse,223,Mordenkainen's Tome of Foes 232,,,,,,,,,,
Kitsune,Small,Fey,Shapechanger,Chaotic Neutral,2,,x,,,,,,,,,,x,,,,,,x,,Creature Codex,236,,,Lost Sorrowsworn,Medium,Monstrosity,,Neutral Evil,7,,,,,,,,x,,x,x,,,x,x,x,,x,,Mordenkainen Presents: Monsters of the Multiverse,224,,,,,,,,,,,
Kivan,Medium,Humanoid,Elf,Chaotic Good,7,,,,,x,,,,,,ø,,,,,,,ø,,Minsc and Boo's Journal of Villainy,48,,,Wretched Sorrowsworn,Small,Monstrosity,,Neutral Evil,1/4,,,,,,,,,,,,,,,x,x,,x,,Mordenkainen Presents: Monsters of the Multiverse,224,Mordenkainen's Tome of Foes 233,,,,,,,,,,
Knight,Medium,Humanoid,Any Race,Any,3,,,,,,,,,,,,,,,,,,x,,Monster Manual,347,Rise of Tiamat Online Supplement 18,,Spawn of Kyuss,Medium,Undead,,Chaotic Evil,5,,,,,,,,,,x,,,,,,x,,,,Mordenkainen Presents: Monsters of the Multiverse,225,Volo's Guide to Monsters 192,,,,,,,,,,
Knight Ab-errant,Large,Humanoid,,Any,5,,,,,,,,,,,,,x,,,,,x,,Tome of Beasts 2,231,,,Star Spawn Grue,Small,Aberration,,Neutral Evil,1/4,,,,,,,,,,,,,,x,x,,,,,Mordenkainen Presents: Monsters of the Multiverse,227,Mordenkainen's Tome of Foes 234,,,,,,,,,,
Knight of the Road,Medium,Humanoid,Elf,Lawful Evil,5,,,,,,,,x,x,x,x,x,x,x,x,x,x,x,x,Creature Codex,146,,,Star Spawn Hulk,Large,Aberration,,Chaotic Evil,10,,,,,,,,,,,,,,,,,,,,Mordenkainen Presents: Monsters of the Multiverse,227,Mordenkainen's Tome of Foes 234,,,,,,,,,,
Knucklehead Trout,Small,Beast,,Unaligned,0,,,,,,,,x,ø,,,,,,,,ø,,,Icewind Dale: Rime of the Frostmaiden,295,,,Star Spawn Larve Mage,Medium,Aberration,,Chaotic Evil,16,,x,x,,,,,,,,,,,x,,,,,,Mordenkainen Presents: Monsters of the Multiverse,228,,,,,,,,,,,
Koalinth,Medium,Humanoid,Goblinoid,Lawful Evil,1/2,,,,,,,,,x,,,,,,,,x,,,Ghosts of Saltmarsh,238,,,Star Spawn Mangler,Medium,Aberration,,Chaotic Evil,5,,,,,,,,,,,,,,,,,,,,Mordenkainen Presents: Monsters of the Multiverse,229,Mordenkainen's Tome of Foes 236,,,,,,,,,,
Koalinth Sergeant,Medium,Humanoid,Goblinoid,Lawful Evil,2,,,,,,,,,x,,,,,,,,x,,,Ghosts of Saltmarsh,239,,,Star Spawn Seer,Medium,Aberration,,Neutral Evil,13,,,,,,,,,,,,,,x,x,,,x,,Mordenkainen Presents: Monsters of the Multiverse,230,,,,,,,,,,,
Kobold,Small,Humanoid,Kobold,Lawful Neutral,1/8,,,,,,,,x,x,x,,,x,x,x,x,,x,,Monster Manual,195,Rise of Tiamat Online Supplement 19,,Female Steeder,Large,Monstrosity,,Unaligned,1,,,,,,,,,,,,,,,,x,,,,Mordenkainen Presents: Monsters of the Multiverse,231,"Mordenkainen's Tome of Foes 238, Out of the Abyss 231",,,,,,,,,,
Kobold Alchemist,Small,Humanoid,Kobold,Lawful Neutral,2,,,,,,,,,,,,,,,,,,,,Tome of Beasts,261,,,Male Steeder,Medium,Monstrosity,,Unaligned,1/4,,,,,,,,,,,,,,,,x,,,,Mordenkainen Presents: Monsters of the Multiverse,231,"Mordenkainen's Tome of Foes 238, Out of the Abyss 231",,,,,,,,,,
Kobold Bully,Small,Humanoid,Kobold,Lawful Neutral,1/2,,,,,,,,ø,ø,ø,,,ø,ø,ø,ø,,ø,,Monster a Day Compendium 2.0,101,,,Steel Predator,Large,Construct,,Lawful Neutral,16,,x,,,,,,,,,,,,,,,,x,,Mordenkainen Presents: Monsters of the Multiverse,232,,,,,,,,,,,
Kobold Bully,Small,Humanoid,Kobold,Lawful Neutral,1,,,,,,,,ø,ø,ø,,,ø,ø,ø,ø,,ø,,Monster a Day Compendium 2.0,101,,,Stone Cursed,Medium,Construct,,Lawful Evil,1,,,,,,,,,,x,,,,x,,,,x,,Mordenkainen Presents: Monsters of the Multiverse,233,,,,,,,,,,,
Kobold Chieftain,Small,Humanoid,Kobold,Lawful Neutral,4,,,,,,,,,,,,,,,,,,,,Tome of Beasts,263,,,Stone Giant Dreamwalker,Huge,Giant,,Chaotic Neutral,10,,,,,,,,,x,,,,x,x,,,,,,Mordenkainen Presents: Monsters of the Multiverse,234,Volo's Guide to Monsters 150,,,,,,,,,,
Kobold Dragonshield,Small,Dragon,,Any,1,,,,,,,,,,,x,,x,x,,x,,,,Mordenkainen Presents: Monsters of the Multiverse,163,,,Storm Giant Quintessent,Huge,Giant,,Chaotic Good,16,,,x,x,,,,,x,x,,,,x,,,x,,,Mordenkainen Presents: Monsters of the Multiverse,235,,,,,,,,,,,
Kobold Dragonshield,Small,Humanoid,Kobold,Lawful Neutral,1,,,,,,,,,,,x,,x,x,,x,,,,Volo's Guide to Monsters,165,,,Swarm of Rot Grubs,Medium,Beast,swarm,Unaligned,1/2,,,,,,,,,,,,,,,x,x,,,,Mordenkainen Presents: Monsters of the Multiverse,237,,,,,,,,,,,
Kobold Hero,Small,Humanoid,Kobold,Lawful Neutral,4,,,,,,,,ø,ø,ø,,,ø,ø,ø,ø,,ø,,Monster a Day Compendium 2.0,102,,,Swashbuckler,Medium,Humanoid,,Any,3,,,,,,,,,x,,,,,,,,,x,,Mordenkainen Presents: Monsters of the Multiverse,238,"Volo's Guide to Monsters 217, Waterdeep: Dragon Heist 216",,,,,,,,,,
Kobold Inventer,Small,Humanoid,Kobold,Lawful Neutral,1/4,,,,,,,,,,,,,,,,,,,,Tomb of Annihilation,226,,,Sword Wraith Commander,Medium,Undead,,Lawful Evil,8,,,,,,,,,,,,x,,,x,,,,,Mordenkainen Presents: Monsters of the Multiverse,239,,,,,,,,,,,
Kobold Inventor,Small,Humanoid,,Any,1/4,,,,,,,,,,,x,,x,x,,x,,x,,Mordenkainen Presents: Monsters of the Multiverse,164,Volo's Guide to Monsters 166,,Sword Wraith Warrior,Medium,Undead,,Lawful Evil,3,,,,,,,,,,,,x,,,x,,,,,Mordenkainen Presents: Monsters of the Multiverse,239,Mordenkainen's Tome of Foes 241,,,,,,,,,,
Kobold Scale Sorcerer,Small,Humanoid,,Any,1,,x,,,,,,,,,x,,x,x,,x,,x,,Mordenkainen Presents: Monsters of the Multiverse,165,,,Tanarukk,Medium,Fiend,demon,Chaotic Evil,5,,,,,,,,,,,,,x,x,,x,,,,Mordenkainen Presents: Monsters of the Multiverse,240,Volo's Guide to Monsters 186,,,,,,,,,,
Kobold Scale Sorcerer,Small,Humanoid,Kobold,Lawful Neutral,1,,,,,,,,,,,,,,,,,,,,Tomb of Annihilation,226,,,Titivilus,Medium,Fiend,devil,Lawful Evil,16,,x,x,,x,,,,,,,,,,,,,,ø,Mordenkainen Presents: Monsters of the Multiverse,242,,,,,,,,,,,
Kobold Scale Sorcerer,Small,Humanoid,Kobold,Lawful Neutral,1,,x,,,,,,,,,x,,x,x,,x,,x,,Volo's Guide to Monsters,167,,,Tlincalli,Large,Monstrosity,,Neutral,5,,,,,,,,,,x,,,,,,,,,,Mordenkainen Presents: Monsters of the Multiverse,243,Volo's Guide to Monsters 193,,,,,,,,,,
Kobold Shaman,Small,Humanoid,Kobold,Lawful Neutral,2,,x,,,,,,ø,ø,ø,,,ø,ø,ø,ø,,ø,,Monster a Day Compendium 2.0,103,,,Tortle,Medium,Humanoid,,Any,1/4,,,,,,,,,x,,,,,,,,,,,Mordenkainen Presents: Monsters of the Multiverse,244,,,,,,,,,,,
Kobold Soldier,Small,Humanoid,Kobold,Lawful Neutral,1/4,,,,,,,,ø,ø,ø,,,ø,ø,ø,ø,,ø,,Monster a Day Compendium 2.0,103,,,Tortle Druid,Medium,Humanoid,,Any,2,,x,,,,,,,x,,,,,,,,,,,Mordenkainen Presents: Monsters of the Multiverse,244,,,,,,,,,,,
Kobold Spellclerk,Small,Humanoid,Kobold,Lawful Neutral,1/2,,x,,,,,,,,,,,,,,,,x,,Tome of Beasts 2,232,,,Trapper,Large,Monstrosity,,Unaligned,3,,,,,,,,,,,,,,,,x,,,,Mordenkainen Presents: Monsters of the Multiverse,245,,,,,,,,,,,
Kobold Tinkerer,Small,Humanoid,,Any,1/4,,,,,,,,,,,,,,,,,,,,Dragons of Stormwreck Isle,43,,,Dire Troll,Huge,Giant,,Chaotic Evil,13,,,,,,,,x,,,x,,x,x,,x,,,,Mordenkainen Presents: Monsters of the Multiverse,246,Mordenkainen's Tome of Foes 243,,,,,,,,,,
Kobold Trapsmith,Small,Humanoid,Kobold,Lawful Neutral,1,,,,,,,,,,,,,,,,,,,,Tome of Beasts,264,,,Rot Troll,Large,Giant,,Chaotic Evil,9,,,,,,,,,,x,x,,,,x,x,,,,Mordenkainen Presents: Monsters of the Multiverse,247,,,,,,,,,,,
Kobold Vampire Spawn,Small,Undead,,Neutral Evil,3,,,,,,,,ø,,,,,,,,ø,,,,Icewind Dale: Rime of the Frostmaiden,297,,,Spirit Troll,Large,Giant,,Chaotic Evil,11,,,,,,,,,x,,x,,,,x,x,,,,Mordenkainen Presents: Monsters of the Multiverse,247,Mordenkainen's Tome of Foes 244,,,,,,,,,,
Kobold War Machine,Large,Construct,,Unaligned,9,,,,,,,,x,x,x,x,x,x,x,x,x,x,x,,Tome of Beasts 2,233,,,Venom Troll,Large,Giant,,Chaotic Evil,7,,,,,,,,,,,x,,,,x,x,,,,Mordenkainen Presents: Monsters of the Multiverse,248,Mordenkainen's Tome of Foes 245,,,,,,,,,,
"Kokabel, Angel of the Stars",Huge,Celestial,,Chaotic Good,23,,,x,,x,,,,,,,,,,,,,,ø,Monster a Day Compendium 2.0,104,,,Ulitharid,Large,Aberration,mind flayer,Lawful Evil,9,,x,,,,,,,,,,,,,,x,,,,Mordenkainen Presents: Monsters of the Multiverse,249,,,,,,,,,,,
Kolyarut,Medium,Construct,Inevitable,Lawful Neutral,20,,,x,,,,,,,,,,,,,,,,x,Morte's Planar Parade,34,,,Vampiric Mist,Medium,Undead,,Chaotic Evil,3,,,,,,,,x,x,,x,x,,x,x,x,,x,,Mordenkainen Presents: Monsters of the Multiverse,250,"Mordenkainen's Tome of Foes 246, Tales from the Yawning Portal 247",,,,,,,,,,
Kongamato,Large,Beast,,Unaligned,5,,,,,,,,,ø,,,,,,,,,,,Tome of Beasts,265,,,Vargouille,Tiny,Fiend,,Chaotic Evil,1,,,,,,,,,,x,,,,,x,x,,,,Mordenkainen Presents: Monsters of the Multiverse,251,,,,,,,,,,,
Koralk (Harvester Devil),Large,Fiend,Devil,Lawful Neutral,11,,,,,,,,,,,,,,,,,,,ø,Tome of Beasts,108,,,Vegepygmy,Small,Plant,,Neutral,1/4,,,,,,,,,,,x,,,,x,,,,,Mordenkainen Presents: Monsters of the Multiverse,252,"Volo's Guide to Monsters 196, Tomb of Annihilation 234",,,,,,,,,,
Korred,Small,Fey,,Chaotic Neutral,1,,x,,,,,,,,,x,,x,,,,,,,Fifth Edition Foes,158,,,Thorny Vegepygmy,Medium,Plant,,Neutral,1,,,,,,,,,,,x,,,,x,,,,,Mordenkainen Presents: Monsters of the Multiverse,253,"Volo's Guide to Monsters 197, Tomb of Annihilation 233",,,,,,,,,,
Korred,Small,Fey,,Chaotic Neutral,7,,x,,,,,,,,,x,,,,,,,,,Mordenkainen Presents: Monsters of the Multiverse,166,The Wild Beyond The Witchlight 237,,Vegepygmy Chief,Small,Plant,,Neutral,2,,,,,,,,,,,x,,,,x,,,,,Mordenkainen Presents: Monsters of the Multiverse,253,"Volo's Guide to Monsters 197, Tomb of Annihilation 235",,,,,,,,,,
Korred,Small,Fey,,Chaotic Neutral,7,,x,,,,,,,,,x,,,,,,,,,Volo's Guide to Monsters,168,,,War Priest,Medium,Humanoid,cleric,Any,9,,x,,,,,,,,x,,,,,,,,x,,Mordenkainen Presents: Monsters of the Multiverse,254,,,,,,,,,,,
Korrigan,Small,Fey,,Chaotic Neutral,3,,x,,,,,,,,,x,,,,,,,,,Creature Codex,242,,,Warlock of the Archfey,Medium,Humanoid,,Any,4,,x,,,,,,x,,,x,,,x,x,,,x,,Mordenkainen Presents: Monsters of the Multiverse,255,,,,,,,,,,,
Koschei,Medium,Fiend,,Neutral Evil,17,,x,x,x,x,,,,,,,,,,,,,,ø,Tome of Beasts,266,,,Warlock of the Fiend,Medium,Humanoid,,Any,7,,x,,,,,,x,,x,,,,,,x,,x,,Mordenkainen Presents: Monsters of the Multiverse,255,,,,,,,,,,,
Kot Bayun,Medium,Monstrosity,,Neutral,2,,x,,,,,,,,,ø,,,,,,,,,Tome of Beasts,268,,,Warlock of the Great Old One,Medium,Humanoid,,Any,6,,x,,,,,,x,,,,,x,x,,x,,x,,Mordenkainen Presents: Monsters of the Multiverse,256,,,,,,,,,,,
"Kozilek, the Butcher of Truth",Gargantuan,Aberration,Titan,Chaotic Evil,30,,x,x,,x,,,,,,,,,,,,,,ø,Monster a Day Compendium 2.0,105,,,Warlord,Medium,Humanoid,,Any,12,,,x,,,,,,,,,,,,,,,x,,Mordenkainen Presents: Monsters of the Multiverse,257,"Volo's Guide to Monsters 220, Infernal Machine Rebuild 58",,,,,,,,,,
Kraghammer Goat-Knight,Medium,Humanoid,dwarf,Neutral Good,3,,x,,,,,,,,,,,,ø,,,,,,Tal'Dorei Campaign Setting Reborn,246,Tal'Dorei Campaign Setting 134,,Wastrilith,Large,Fiend,demon,Chaotic Evil,13,,,,,,,,,x,,,,,,x,x,x,,,Mordenkainen Presents: Monsters of the Multiverse,258,Mordenkainen's Tome of Foes 139,,,,,,,,,,
Krake Spawn,Huge,Monstrosity,,Neutral Evil,9,,x,,,,,,,ø,,,,,,,,ø,,,Tome of Beasts,269,,,Apprentice Wizard,Medium,Humanoid,,Any,1/4,,x,,,,,,,,,,,,,,,,x,,Mordenkainen Presents: Monsters of the Multiverse,259,,,,,,,,,,,
Kraken,Gargantuan,Monstrosity,Titan,Chaotic Evil,23,,,x,x,,,,,,,,,,,,,x,,,Monster Manual,197,,,Abjurer Wizard,Medium,Humanoid,,Any,9,,x,,,,,,,,,,,,,,,,x,,Mordenkainen Presents: Monsters of the Multiverse,260,,,,,,,,,,,
Kraken,Huge,Monstrosity,,Chaotic Evil,13,,x,,,,,,,ø,,,,,,,,x,,,Planeshift: Zendikar,25,,,Conjurer Wizard,Medium,Humanoid,,Any,6,,x,,,,,,,,,,,,,,,,x,,Mordenkainen Presents: Monsters of the Multiverse,260,,,,,,,,,,,
Kraken Hatchling,Huge,Monstrosity,Titan,Chaotic Evil,12,,,x,,,,,,,,,,,,,,ø,,,Monster a Day Compendium 2.0,106,,,Diviner Wizard,Medium,Humanoid,,Any,8,,x,,,,,,,,,,,,,,,,x,,Mordenkainen Presents: Monsters of the Multiverse,261,,,,,,,,,,,
Kraken Priest,Medium,Monstrosity,,Chaotic Evil,5,,x,,,,,,,x,,,,,,,,x,,,Mordenkainen Presents: Monsters of the Multiverse,167,,,Enchanter Wizard,Medium,Humanoid,,Any,5,,x,,,,,,,,,,,,,,,,x,,Mordenkainen Presents: Monsters of the Multiverse,261,,,,,,,,,,,
Kraken Priest,Medium,Humanoid,Any Race,Any Evil,5,,x,,,,,,,x,,,,,,,,x,,,Volo's Guide to Monsters,215,Ghosts of Saltmarsh 240,,Evoker Wizard,Medium,Humanoid,,Any,9,,x,,,,,,,,,,,,,,,,x,,Mordenkainen Presents: Monsters of the Multiverse,262,,,,,,,,,,,
Krampus,Medium,Fiend,Shapechanger,Chaotic Evil,17,,x,x,x,x,,,ø,,,,,,,,,,,,Monster a Day Compendium 2.0,107,,,Illusionist Wizard,Medium,Humanoid,,Any,3,,x,,,,,,,,,,,,,,,,x,,Mordenkainen Presents: Monsters of the Multiverse,263,,,,,,,,,,,
Kraul Death Priest,Medium,Humanoid,Kraul,Neutral Evil,4,,x,,,,,,,,,,,,,,ø,,,,Guildmaster's Guide to Ravnica,214,,,Necromancer Wizard,Medium,Humanoid,,Any,9,,x,,,,,,,,x,,,,,,,,x,,Mordenkainen Presents: Monsters of the Multiverse,264,,,,,,,,,,,
Kraul Warrior,Medium,Humanoid,Kraul,Neutral Evil,1/2,,,,,,,,,,,,,,,,ø,,,,Guildmaster's Guide to Ravnica,213,,,Transmuter Wizard,Medium,Humanoid,,Any,5,,x,,,,,,,,,,,,,,,,x,,Mordenkainen Presents: Monsters of the Multiverse,265,,,,,,,,,,,
Kruthik Hive Lord,Large,Monstrosity,,Unaligned,5,,,,,,,,,,x,,,,x,,x,,,,Mordenkainen Presents: Monsters of the Multiverse,169,Mordenkainen's Tome of Foes 212,,Wood Woad,Medium,Plant,,Lawful Neutral,5,,,,,,,,,,,x,,,,,,,,,Mordenkainen Presents: Monsters of the Multiverse,266,,,,,,,,,,,
Kryt,Medium,Humanoid,Kryt,NeutralEvil,5,,,,,,,,,,,x,,x,x,,,,,,Creature Codex,243,,,Xvart,Small,Monstrosity,,Chaotic Evil,1/8,,,,,,,,,,,,,x,,,x,,,,Mordenkainen Presents: Monsters of the Multiverse,267,,,,,,,,,,,
Kulmking,Large,Undead,,Chaotic Evil,9,,,,,,,,,,,x,x,,,,,,,,Creature Codex,244,,,Xvart Warlock of Raxivort,Small,Monstrosity,,Chaotic Evil,1,,x,,,,,,,,,,,x,,,x,,,,Mordenkainen Presents: Monsters of the Multiverse,267,,,,,,,,,,,
Kuo-toa,Medium,Humanoid,Kuo-Toa,Neutral Evil,1/4,,,,,,,,,,,,,,,,x,,,,Monster Manual,199,,,Yagnoloth,Large,Fiend,yugoloth,Neutral Evil,11,,x,,,,,,,,,,,,,,,,x,,Mordenkainen Presents: Monsters of the Multiverse,268,Mordenkainen's Tome of Foes 252,,,,,,,,,,
Kuo-toa Archpriest,Medium,Humanoid,Kuo-Toa,Neutral Evil,6,,x,,,,,,,,,,,,,,x,,,,Monster Manual,200,,,Yeenoghu,Huge,Fiend,demon,Chaotic Evil,24,,x,x,x,x,,,,,,,,,,,,,,ø,Mordenkainen Presents: Monsters of the Multiverse,270,,,,,,,,,,,
Kuo-toa Dreamseer,Medium,Humanoid,Kuo-toa,Any,3,,,,,,,,,,,,,,,,,,,,DM's Guild: Chronicles of Eberron,111,,,Yeth Hound,Large,Fey,,Neutral Evil,4,,,,,,,,,,,x,x,x,,,,,,,Mordenkainen Presents: Monsters of the Multiverse,271,Volo's Guide to Monsters 201,,,,,,,,,,
Kuo-toa Godshaper,Medium,Humanoid,Kuo-toa,Any,5,,,,,,,,,,,,,,,,,,,,DM's Guild: Chronicles of Eberron,111,,,Yuan-Ti Anathema,Huge,Monstrosity,,Neutral Evil,12,,x,,,,,,,,x,x,,,,,x,,,,Mordenkainen Presents: Monsters of the Multiverse,272,,,,,,,,,,,
Kuo-toa Whip,Medium,Humanoid,Kuo-Toa,Neutral Evil,1,,x,,,,,,,,,,,,,,x,,,,Monster Manual,200,,,Yuan-Ti Broodguard,Medium,Monstrosity,,Neutral Evil,2,,,,,,,,,,x,x,,,,,x,,,,Mordenkainen Presents: Monsters of the Multiverse,273,,,,,,,,,,,
Kurok-Spirit,Large,Fiend,,Chaotic Neutral,1,,,,,,,,x,x,x,x,x,x,x,x,x,,x,,Fifth Edition Foes,159,,,Yuan-Ti Mind Whisperer,Medium,Monstrosity,warlock,Neutral Evil,4,,x,,,,,,,,x,x,,,,,x,,,,Mordenkainen Presents: Monsters of the Multiverse,274,,,,,,,,,,,
Kuunganisha,Small,Fiend,,Any Evil,2,,,,,,v,,x,x,x,x,x,x,x,x,x,x,x,x,Creature Codex,245,,,Yuan-Ti Nightmare Speaker,Medium,Monstrosity,warlock,Neutral Evil,4,,x,,,,,,,,x,x,,,,,x,,,,Mordenkainen Presents: Monsters of the Multiverse,275,,,,,,,,,,,
Kysh,Medium,Humanoid,Triton,Lawful Good,1,,x,,,x,,,,,,,,,,,,,,,Ghosts of Saltmarsh,240,,,Yuan-Ti Pit Master,Medium,Monstrosity,warlock,Neutral Evil,5,,x,,,,,,,,x,x,,,,,x,,,,Mordenkainen Presents: Monsters of the Multiverse,276,,,,,,,,,,,
Labyrinth Keeper,Large,Monstrosity,,Chaotic Evil,5,,x,,,,,,,,,,,,,,x,,,,Creature Codex,267,,,Zaratan,Gargantuan,Elemental,,Neutral,22,,,x,,,,,,,x,x,x,x,x,,x,,,,Mordenkainen Presents: Monsters of the Multiverse,278,,,,,,,,,,,
Lady Illmarrow,Medium,Undead,,Neutral Evil,22,,x,x,,x,,,x,,,,,,,,,,,,Eberron: Rising from the Last War,297,,,Zariel,Large,Fiend,devil,Lawful Evil,26,,x,x,x,x,,,,,,,,,,,,,,ø,Mordenkainen Presents: Monsters of the Multiverse,280,,,,,,,,,,,
Lady in White,Medium,Undead,,Any,2,,,,,,,,x,x,x,x,x,x,x,x,x,x,x,x,Creature Codex,246,,,Zuggtmoy,Large,Fiend,demon,Chaotic Evil,23,,x,x,x,x,,,,,,,,,,,,,,ø,Mordenkainen Presents: Monsters of the Multiverse,282,,,,,,,,,,,
Laeral Silverhand,Medium,Humanoid,Human,Chaotic Good,17,,x,,,x,,,,,,,,,,,,,ø,,Waterdeep: Dragon Heist,207,,,Assassin Bug,Medium,Monstrosity,,Neutral,3,,,,,,,,ø,ø,ø,ø,ø,ø,ø,ø,ø,,,,Mordenkainen's Fiendish Folio vol. 1,4,,,,,,,,,,,
Laestrigonian Giant,Large,Giant,,Chaotic Evil,4,,,,,,,,,x,,,,,,,,,,,Creature Codex,184,,,Blindhelm,Medium,Humanoid,Blindhelm,Chaotic Neutral,2,,,,,,,,,,,,,,,,x,,,,Mordenkainen's Fiendish Folio vol. 1,5,,,,,,,,,,,
Lake Troll,Large,Giant,,Chaotic Evil,7,,,,,,,,,,,ø,ø,ø,,,,,,,Tome of Beasts,389,,,Crab Folk,Large,Giant,,Neutral,3,,,,,,,,,x,,,,,,,,,,,Mordenkainen's Fiendish Folio vol. 1,6,,,,,,,,,,,
Lamassu,Large,Celestial,,Lawful Good,10,,x,x,,,,,,,x,,,x,,,,,,,Creature Codex,247,,,Dire Corby,Medium,Humanoid,Dire Corby,Neutral Evil,1/2,,,,,,,,,,,,,,,,x,,,,Mordenkainen's Fiendish Folio vol. 1,7,,,,,,,,,,,
Lambent Witchfyre,Large,Aberration,,Unaligned,7,,,,,,,,x,x,x,x,x,x,x,x,x,x,x,,Tome of Beasts 2,234,,,Eye of Fear and Flame,Medium,Undead,,Chaotic Evil,9,,x,,,,,,,,,,,,,,,,x,,Mordenkainen's Fiendish Folio vol. 1,8,Infernal Machine Rebuild 64,,,,,,,,,,
Lamia,Large,Monstrosity,,Chaotic Evil,4,,x,,,,,,,,x,,,,,,,,,,Monster Manual,201,,,Forlarren,Medium,Fey,,Chaotic Neutral,3,,x,,,,,,,,,,,,,,,,,x,Mordenkainen's Fiendish Folio vol. 1,9,,,,,,,,,,,
Lampad,Medium,Fey,,Neutral Evil,3,,x,,,,,,,,,,,,,,x,,,x,Mythic Odysseys of Theros,235,,,Fog Giant,Huge,Giant,,Neutral Evil,11,,x,,,,,,,,,ø,ø,ø,ø,,,,ø,,Mordenkainen's Fiendish Folio vol. 1,10,,,,,,,,,,,
Land Lamprey,Small,Beast,,Unaligned,1/4,,,,,,,,,,,x,x,x,,,x,,,,Fifth Edition Foes,160,,,Jermlaine,Tiny,Humanoid,Jermlaine,Neutral Evil,1/8,,,,,,,,,,,,,,,,x,,,,Mordenkainen's Fiendish Folio vol. 1,11,,,,,,,,,,,
Langdedrosa Cyanwrath,Medium,Humanoid,Half-Dragon,Lawful Neutral,4,,,,,x,,,,,,,,,,,,,,,Hoard of the Dragon Queen,91,,,Khargra,Small,Elemental,,Neutral,1/8,,,,,,,,,,,,,ø,ø,,,,,x,Mordenkainen's Fiendish Folio vol. 1,12,,,,,,,,,,,
Lantern Archon,Small,Celestial,,Lawful Good,2,,x,,,,,,,,,,,,,,,,,x,Morte's Planar Parade,17,,,Killmoulis,Tiny,Fey,,Neutral,0,,,,,,,,,,,,,,,,,,,x,Mordenkainen's Fiendish Folio vol. 1,13,,,,,,,,,,,
Lantern Beetle,Tiny,Beast,,Unaligned,0,,,,,,v,,,,,,,,,,x,,,,Tome of Beasts 2,40,,,Mite,Small,Fey,,Lawful Evil,1/4,,,,,,,,,,,,,,,,,,,x,Mordenkainen's Fiendish Folio vol. 1,14,,,,,,,,,,,
Lantern Dragonette,Tiny,Dragon,,Lawful Neutral,1/2,,x,,,,,,,,,,,,,,,,ø,,Tome of Beasts,270,,,Needle Lord,Large,Plant,,Chaotic Evil,3,,,,,,,,,,,x,,,,,,,,x,Mordenkainen's Fiendish Folio vol. 1,16,,,,,,,,,,,
Larval Starspawn,Large,Aberration,,Chaotic Evil,12,,x,,,,,,,x,,,,,,,,x,,x,Sandy Petersen's Cthulhu Mythos,381,,,Needle Spawn,Medium,Plant,,Chaotic Evil,1/2,,,,,,,,,,,x,,,,,,,,ø,Mordenkainen's Fiendish Folio vol. 1,16,,,,,,,,,,,
Latrian Flayer,Medium,Aberration,,Lawful Neutral,7,,,,,,,,,,,,,,,,ø,,,,Monster a Day Compendium 2.0,108,,,Norker,Small,Humanoid,Goblinoid,Chaotic Evil,1/2,,,,,,,,,,,,,,,,ø,,,,Mordenkainen's Fiendish Folio vol. 1,17,,,,,,,,,,,
Lava Child,Medium,Humanoid,Elemental,Neutral,1,,,,,,,,,,,,,,,,x,,,x,Fifth Edition Foes,161,,,Norker War Leader,Small,Humanoid,Goblinoid,Chaotic Evil,3,,,,,,,,,,,,,,,,ø,,,,Mordenkainen's Fiendish Folio vol. 1,17,,,,,,,,,,,
Lava Child,Medium,Humanoid,Lava Child,Neutral,3,,,,,,,,,,,,,,,,ø,,,,Waterdeep: Dungeon of the Mad Mage,313,,,Screaming Devilkin,Small,Fey,,Lawful Evil,1,,,,,,,,,,,,,,,,,,,x,Mordenkainen's Fiendish Folio vol. 1,19,,,,,,,,,,,
Lava Keeper,Huge,Elemental,,Lawful Neutral,18,,x,,,,,,,,,,,x,x,,,,,x,Tome of Beasts 2,235,,,"Ygorl, Lord of Entropy",Large,Aberration,,Chaotic Neutral,23,,x,x,,x,,,,,,,,,,,,,,ø,Mordenkainen's Fiendish Folio vol. 1,20,,,,,,,,,,,
Lava Weird,Large,Elemental,,Chaotic Evil,4,,,,,,,,,,,,,,,,,,,x,Fifth Edition Foes,244,,,Xill,Medium,Monstrosity,,Lawful Evil,3,,,,,,,,ø,ø,ø,ø,ø,ø,ø,ø,ø,ø,ø,x,Mordenkainen's Fiendish Folio vol. 1,21,,,,,,,,,,,
Lawmage,Medium,Humanoid,Any Race,Lawful Neutral,6,,x,,,,,,,,,,,,,,,,ø,,Guildmaster's Guide to Ravnica,228,,,Allip,Medium,Undead,,Neutral Evil,5,,,,,,,,,,,,,,,x,,,x,,Mordenkainen's Tome of Foes,116,,,,,,,,,,,
Lazav,Medium,Monstrosity,Shapechanger,Neutral Evil,17,,x,x,,x,,,,,,,,,,,ø,,ø,,Guildmaster's Guide to Ravnica,232,,,Astral Dreadnought,Gargantuan,Monstrosity,Titan,Unaligned,21,,,x,,,,,,,,,,,,,,,,ø,Mordenkainen's Tome of Foes,117,,,,,,,,,,,
Lazivik,Tiny,Fey,,Neutral Good,3,,,,,,,,,,,,,,,x,,,,,Tome of Beasts 2,236,,,Boneclaw,Large,Undead,,Chaotic Evil,12,,,,,,,,x,,x,,,,,,,,x,,Mordenkainen's Tome of Foes,121,,,,,,,,,,,
Leech Swarm,Medium,Beast,Swarm,Unaligned,2,,,,,,,,,,,,,,,x,,,,,Tome of Beasts 2,396,,,Choker,Small,Aberration,,Chaotic Evil,1,,,,,,,,,,,x,,,x,,x,,,,Mordenkainen's Tome of Foes,123,Tales from the Yawning Portal 232,,,,,,,,,,
Lemure,Medium,Fiend,Devil,Lawful Neutral,0,,,,,,,,,,,,,,,,,,,ø,Monster Manual,76,,,Bronze Scout,Medium,Construct,,Unaligned,1,,,,,,,,,,,x,x,x,x,,,,,,Mordenkainen's Tome of Foes,125,,,,,,,,,,,
Lemurfolk,Small,Humanoid,,Neutral,1/4,,,,,,,,,,,ø,,,,ø,,,,,Tome of Beasts,271,,,Iron Cobra,Medium,Construct,,Unaligned,4,,,,,,,,,,,x,x,x,x,,,,,,Mordenkainen's Tome of Foes,125,,,,,,,,,,,
Lemurfolk Greyfur,Small,Humanoid,,Neutral,4,,x,,,,,,,,,ø,,,,ø,,,,,Tome of Beasts,271,,,Oaken Bolter,Medium,Construct,,Unaligned,5,,,,,,,,,,,x,x,x,x,,,,,,Mordenkainen's Tome of Foes,126,,,,,,,,,,,
Leng Folk Thief,Medium,Humanoid,human,Chaotic Evil,1/4,,,,,,,,,x,,,,,ø,,,x,,x,Sandy Petersen's Cthulhu Mythos,339,,,Stone Defender,Medium,Construct,,Unaligned,4,,,,,,,,,,,x,x,x,x,,,,,,Mordenkainen's Tome of Foes,126,,,,,,,,,,,
Leng Necromancer,Medium,Humanoid,human,Chaotic Evil,6,,x,,,,,,,x,,,,,ø,,,x,,x,Sandy Petersen's Cthulhu Mythos,339,,,Corpse Flower,Large,Plant,,Chaotic Evil,8,,,,,,,,,,,x,,,,x,,,,,Mordenkainen's Tome of Foes,127,,,,,,,,,,,
Leng Spider,Huge,Aberration,,Chaotic Evil,6,,x,,,,,,x,x,x,x,x,x,x,x,x,,x,,Fifth Edition Foes,162,,,Deathlock,Medium,Undead,,Neutral Evil,4,,x,,,,,,,,,,,,,,,,x,,Mordenkainen's Tome of Foes,128,,,,,,,,,,,
Leng Spider,Large,Monstrosity,,Lawful Evil,6,,,,,,,,,,,,,,ø,,,,,x,Sandy Petersen's Cthulhu Mythos,342,,,Deathlock Mastermind,Medium,Undead,,Neutral Evil,8,,x,,,,,,,,,,,,,,,,x,,Mordenkainen's Tome of Foes,129,,,,,,,,,,,
Leonin,Medium,Humanoid,Leonin,Any,1/4,,,,,,,,,ø,ø,,ø,,,,,,,,Monster a Day Compendium 2.0,110,,,Deathlock Wight,Medium,Undead,,Neutral Evil,3,,x,,,,,,,,,,,,,,,,x,,Mordenkainen's Tome of Foes,129,Tales from the Yawning Portal 233,,,,,,,,,,
Leonin Iconoclast,Medium,Humanoid,Leonin,Any,5,,x,,,,,,,,,,x,,,,,,x,,Mythic Odysseys of Theros,232,,,Alkilith,Medium,Fiend,Demon,Chaotic Evil,11,,,,,,,,,,,,,,,,x,,x,ø,Mordenkainen's Tome of Foes,130,,,,,,,,,,,
Leonino,Tiny,Beast,,Unaligned,1/8,,,,,,v,,,x,,x,,,,,,,x,,Creature Codex,250,,,Armanite,Medium,Fiend,Demon,Chaotic Evil,7,,,,,,,,,,,,,,,,x,,,ø,Mordenkainen's Tome of Foes,131,,,,,,,,,,,
Leprechaun,Small,Fey,,Neutral,4,,x,,,,,,,,,,,,,,,,,,Quests from the Infinite Staircase,205,,,Bulezau,Medium,Fiend,Demon,Chaotic Evil,3,,,,,,,,,,,,,,,,,,,ø,Mordenkainen's Tome of Foes,131,Baldur's Gate: Descent into Avernus 230,,,,,,,,,,
Leshen,Large,Plant,,Lawful Neutral,10,,,,,,,,,,,ø,,,,,,,,,Monster a Day Compendium 2.0,109,,,Dybbuk,Medium,Fiend,Demon,Chaotic Evil,4,,x,,,,,,,,x,,,,,,,,x,ø,Mordenkainen's Tome of Foes,132,,,,,,,,,,,
Leshy,Medium,Monstrosity,,Chaotic Neutral,1,,x,,,,,,,,,ø,,,,,,,,,Tome of Beasts,272,,,Molydeus,Huge,Fiend,Demon,Chaotic Evil,21,,x,x,,,,,,,,,,,,,,,,ø,Mordenkainen's Tome of Foes,134,,,,,,,,,,,
Lesser Air Elemental,Medium,Elemental,,Neutral,2,,,,,,,,,,ø,,,,ø,,,,,,Monster a Day Compendium 2.0,37,,,Nabassu,Medium,Fiend,Demon,Chaotic Evil,15,,,,,,,,,,,,,,,x,x,,x,ø,Mordenkainen's Tome of Foes,135,,,,,,,,,,,
Lesser Ash Elemental,Medium,Elemental,,Neutral,2,,,,,,,,,,,,,,ø,,,,,,Monster a Day Compendium 2.0,43,,,Abyssal Wretch,Medium,Fiend,Demon,Chaotic Evil,1/4,,,,,,,,,,,,,,,,,,,ø,Mordenkainen's Tome of Foes,136,,,,,,,,,,,
Lesser Boneneedle,Small,Beast,,Unaligned,1/4,,,,,,,,,,,,,,,,x,,,,Fifth Edition Foes,34,,,Sibriex,Huge,Fiend,Demon,Chaotic Evil,18,,x,x,,,,,,,,,,,,,x,,,ø,Mordenkainen's Tome of Foes,137,,,,,,,,,,,
Lesser Death Dog,Medium,Monstrosity,,Neutral Evil,1/2,,,,,,,,,,x,,,,,,,,,,Fifth Edition Foes,77,,,Baphomet,Huge,Fiend,"Demon, Demon Lord",Chaotic Evil,23,,x,x,x,x,,,,,,,,,,,,,,ø,Mordenkainen's Tome of Foes,143,"Baldur's Gate: Descent into Avernus 229, Out of the Abyss 235",,,,,,,,,,
Lesser Death Dragon,Large,Undead,,Chaotic Evil,10,,,,,,,,,,,,,,,,,,,,Dragonlance: Shadow of the Dragon Queen,195,,,Demogorgon,Huge,Fiend,"Demon, Demon Lord",Chaotic Evil,26,,x,x,x,x,,,,,,,,,,,,,,ø,Mordenkainen's Tome of Foes,144,Out of the Abyss 236,,,,,,,,,,
Lesser Dust Elemental,Medium,Elemental,,Neutral,2,,,,,,,,,,ø,,,,,,,,,,Monster a Day Compendium 2.0,43,,,Fraz-Urb'luu,Large,Fiend,"Demon, Demon Lord",Chaotic Evil,23,,x,x,x,x,,,,,,,,,,,,,,ø,Mordenkainen's Tome of Foes,146,Out of the Abyss 238,,,,,,,,,,
Lesser Earth Elemental,Medium,Elemental,,Neutral,2,,,,,,,,,,,,,,ø,,,,,,Monster a Day Compendium 2.0,37,,,Graz'zt,Large,Fiend,"Demon, Demon Lord, Shapechanger",Chaotic Evil,24,,x,x,x,x,,,,,,,,,,,,,,ø,Mordenkainen's Tome of Foes,149,Out of the Abyss 241,,,,,,,,,,
Lesser Fire Crab,Small,Monstrosity,,Unaligned,1/8,,,,,,,,,,,,,,,,,,,x,Fifth Edition Foes,101,,,Juiblex,Huge,Fiend,"Demon, Demon Lord",Chaotic Evil,23,,x,x,x,x,,,,,,,,,,,,,,ø,Mordenkainen's Tome of Foes,151,Out of the Abyss 243,,,,,,,,,,
Lesser Fire Elemental,Medium,Elemental,,Neutral,2,,,,,,,,,,ø,,,,,,,,,,Monster a Day Compendium 2.0,38,,,Orcus,Huge,Fiend,"Demon, Demon Lord",Chaotic Evil,26,,x,x,x,x,,,,,,,,,,,,,,ø,Mordenkainen's Tome of Foes,153,Out of the Abyss 245,,,,,,,,,,
Lesser Ice Elemental,Medium,Elemental,,Neutral,2,,,,,,,,ø,,,,,,,,,,,,Monster a Day Compendium 2.0,39,,,Yeenoghu,Huge,Fiend,"Demon, Demon Lord",Chaotic Evil,24,,x,x,x,x,,,,,,,,,,,,,,ø,Mordenkainen's Tome of Foes,155,"Baldur's Gate: Descent into Avernus 242, Out of the Abyss 247",,,,,,,,,,
Lesser Lightning Elemental,Medium,Elemental,,Neutral,2,,,,,,,,,,ø,,ø,,,,,,,,Monster a Day Compendium 2.0,41,,,Zuggtmoy,Large,Fiend,"Demon, Demon Lord",Chaotic Evil,23,,x,x,x,x,,,,,,,,,,,,,,ø,Mordenkainen's Tome of Foes,156,Out of the Abyss 249,,,,,,,,,,
Lesser Lunarchidna,Medium,Aberration,,Neutral Evil,2,,,,,,,,,,,x,,,,,,,,,Tome of Beasts 2,242,,,Derro,Small,Humanoid,Derro,Chaotic Evil,1/4,,,,,,,,,,,,,,x,,x,,,ø,Mordenkainen's Tome of Foes,158,Out of the Abyss 224,,,,,,,,,,
Lesser Magma Elemental,Medium,Elemental,,Neutral,2,,,,,,,,,,,,,,ø,,ø,,,,Monster a Day Compendium 2.0,39,,,Derro Servant,Small,Humanoid,Derro,Chaotic Evil,3,,x,,,,,,,,,,,,x,,x,,,ø,Mordenkainen's Tome of Foes,159,,,,,,,,,,,
Lesser Metal Elemental,Medium,Elemental,,Neutral,2,,,,,,,,,,,,,,,,ø,,,,Monster a Day Compendium 2.0,45,,,Black Abishai,Medium,Fiend,Devil,Lawful Neutral,7,,,,,,,,,,,,,,,,,,x,ø,Mordenkainen's Tome of Foes,160,,,,,,,,,,,
Lesser Mineral Elemental,Medium,Elemental,,Neutral,2,,,,,,,,,,,,,,ø,,ø,,,,Monster a Day Compendium 2.0,41,,,Blue Abishai,Medium,Fiend,Devil,Lawful Neutral,17,,x,,,,,,,x,,,,,,,,,x,ø,Mordenkainen's Tome of Foes,161,,,,,,,,,,,
Lesser Mud Elemental,Medium,Elemental,,Neutral,2,,,,,,,,,,,,,,,ø,,,,,Monster a Day Compendium 2.0,40,,,Green Abishai,Medium,Fiend,Devil,Lawful Neutral,15,,x,,,,,,,,,,,,,,,,x,ø,Mordenkainen's Tome of Foes,162,,,,,,,,,,,
Lesser Negativ Energy Elemental,Medium,Elemental,,Neutral,2,,,,,,,,,,,,,,,,,,,ø,Monster a Day Compendium 2.0,45,,,Red Abishai,Medium,Fiend,Devil,Lawful Neutral,19,,,,,,,,,,,,,,x,,,,x,ø,Mordenkainen's Tome of Foes,162,,,,,,,,,,,
Lesser Positiv Energy Elemental,Medium,Elemental,,Neutral,2,,,,,,,,,,,,,,,,,,,ø,Monster a Day Compendium 2.0,46,,,White Abishai,Medium,Fiend,Devil,Lawful Neutral,6,,,,,,,,,,,,,,,,,,x,ø,Mordenkainen's Tome of Foes,163,Baldur's Gate: Descent into Avernus 241,,,,,,,,,,
Lesser Radiance Elemental,Medium,Elemental,,Neutral,2,,,,,,,,,,,,,,,,,,,ø,Monster a Day Compendium 2.0,42,,,Amnizu,Medium,Fiend,Devil,Lawful Neutral,18,,x,,,,,,,,,,,,,,,,,ø,Mordenkainen's Tome of Foes,164,Baldur's Gate: Descent into Avernus 228,,,,,,,,,,
Lesser Salt Elemental,Medium,Elemental,,Neutral,2,,,,,,,,,,,,,,ø,,ø,,,,Monster a Day Compendium 2.0,44,,,Hellfire Engine,Huge,Construct,,Lawful Neutral,16,,,,,,,,,,,,,,,,,,,ø,Mordenkainen's Tome of Foes,165,,,,,,,,,,,
Lesser Scrag,Medium,Monstrosity,,Chaotic Evil,2,,,,,,,,,x,,,,,,x,,x,,,Creature Codex,322,,,Narzugon,Medium,Fiend,Devil,Lawful Neutral,13,,,,,,,,,,,,,,,,,,,ø,Mordenkainen's Tome of Foes,167,Baldur's Gate: Descent into Avernus 239,,,,,,,,,,
Lesser Shadow,Medium,Undead,,Chaotic Evil,1/8,,,,,,,,x,x,x,x,x,x,x,x,x,,x,,Fifth Edition Foes,208,,,Nupperibo,Medium,Fiend,Devil,Lawful Neutral,1/2,,,,,,,,,,,,,,,,,,,ø,Mordenkainen's Tome of Foes,168,Baldur's Gate: Descent into Avernus 239,,,,,,,,,,
Lesser Smoke Elemental,Medium,Elemental,,Neutral,2,,,,,,,,,,,,,,ø,,,,,,Monster a Day Compendium 2.0,40,,,Orthon,Large,Fiend,Devil,Lawful Neutral,10,,,,,,,,,,x,,,,,,x,,x,ø,Mordenkainen's Tome of Foes,169,,,,,,,,,,,
Lesser Star Spawn Emissary,Medium,Aberration,,Not Provided,19,,,x,,,,,ø,ø,ø,ø,ø,ø,ø,ø,ø,ø,ø,ø,Van Richten's Guide to Ravenloft,245,,,Bael,Large,Fiend,"Devil, Archdevil",Lawful Neutral,19,,x,x,,x,,,,,,,,,,,,,,ø,Mordenkainen's Tome of Foes,170,,,,,,,,,,,
Lesser Steam Elemental,Medium,Elemental,,Neutral,2,,,,,,,,,ø,,,,,,,,,,,Monster a Day Compendium 2.0,42,,,Geryon,Huge,Fiend,"Devil, Archdevil",Lawful Neutral,22,,x,x,x,x,,,,,,,,,,,,,,ø,Mordenkainen's Tome of Foes,173,,,,,,,,,,,
Lesser Void Elemental,Medium,Elemental,,Neutral,2,,,,,,,,,,,,,,,,,,,ø,Monster a Day Compendium 2.0,44,,,Hutijin,Large,Fiend,"Devil, Archdevil",Lawful Neutral,21,,x,x,,x,,,,,,,,,,,,,,ø,Mordenkainen's Tome of Foes,175,,,,,,,,,,,
Lesser Water Elemental,Medium,Elemental,,Neutral,2,,,,,,,,,ø,,,,,,,,ø,,,Monster a Day Compendium 2.0,38,,,Moloch,Large,Fiend,"Devil, Archdevil",Lawful Neutral,21,,x,x,,x,,,,,,,,,,,,,,ø,Mordenkainen's Tome of Foes,177,,,,,,,,,,,
Lesser Wood Elemental,Medium,Elemental,,Neutral,2,,,,,,,,,,,ø,,,,,,,,,Monster a Day Compendium 2.0,46,,,Titivilus,Medium,Fiend,"Devil, Archdevil",Lawful Neutral,16,,x,x,,x,,,,,,,,,,,,,,ø,Mordenkainen's Tome of Foes,179,,,,,,,,,,,
Leucrotta,Large,Monstrosity,,Chaotic Evil,3,,,,,,,,,,x,,x,,,,,,,,Mordenkainen Presents: Monsters of the Multiverse,170,,,Zariel,Large,Fiend,"Devil, Archdevil",Lawful Neutral,26,,x,x,x,x,,,,,,,,,,,,,,ø,Mordenkainen's Tome of Foes,180,,,,,,,,,,,
Leucrotta,Large,Monstrosity,,Chaotic Evil,3,,,,,,,,,,x,,x,,,,,,,,Volo's Guide to Monsters,169,Tales from the Yawning Portal 239,,Drow Arachnomancer,Medium,Humanoid,"Elf, drow",Chaotic Evil,13,,x,,,,,,,,,,,,,,x,,,,Mordenkainen's Tome of Foes,182,,,,,,,,,,,
"Leucrotta, Adult",Large,Monstrosity,,Chaotic Evil,2,,,,,,,,,,x,x,x,x,,x,,,,,Fifth Edition Foes,164,,,Drow Favored Consort,Medium,Humanoid,"Elf, drow",Chaotic Evil,18,,x,,,,,,,,,,,,,,x,,,,Mordenkainen's Tome of Foes,183,,,,,,,,,,,
"Leucrotta, Young",Medium,Monstrosity,,Chaotic Evil,1/4,,,,,,,,,,x,x,x,x,,x,,,,,Fifth Edition Foes,164,,,Drow House Captain,Medium,Humanoid,"Elf, drow",Chaotic Evil,9,,x,,,,,,,,,,,,,,x,,,,Mordenkainen's Tome of Foes,184,,,,,,,,,,,
Leviathan,Gargantuan,Elemental,,Neutral,20,,,x,,,,,,x,,,,,,,,x,,,Mordenkainen Presents: Monsters of the Multiverse,171,,,Drow Inquisitor,Medium,Humanoid,"Elf, drow",Chaotic Evil,14,,x,,,,,,,,,,,,,,x,,,,Mordenkainen's Tome of Foes,184,,,,,,,,,,,
Leviathan,Gargantuan,Elemental,Elder elemental,Neutral,20,,,x,,,,,,x,,,,,,,,x,,,Mordenkainen's Tome of Foes,198,,,Drow Matron Mother,Medium,Humanoid,"Elf, drow",Chaotic Evil,20,,x,x,,,,,,,,,,,,,x,,,,Mordenkainen's Tome of Foes,186,,,,,,,,,,,
"Leviathan, Maw of the Seas",Gargantuan,Beast,,Neutral,30,,,x,,x,,,,,,,,,,,,,,ø,Monster a Day Compendium 2.0,125,,,Drow Shadowblade,Medium,Humanoid,"Elf, drow",Chaotic Evil,11,,x,,,,,,,,,,,,,,x,,,,Mordenkainen's Tome of Foes,187,,,,,,,,,,,
Levna Drakehorn,Medium,Humanoid,"Sidekick, Human",Lawful Good,1,,,,,x,,,,,,,,,,,,,,,Dragonlance: Shadow of the Dragon Queen,213,,,Duergar Despot,Medium,Humanoid,Dwarf,Lawful Neutral,12,,x,,,,,,,,,,,,x,,x,,,,Mordenkainen's Tome of Foes,188,,,,,,,,,,,
Liara Portyr,Medium,Humanoid,Human,Lawful Neutral,4,,,,,x,,,,,,,,,,,,,,,Tomb of Annihilation,227,,,Duergar Hammerer,Medium,Humanoid,Dwarf,Lawful Neutral,2,,,,,,,,,,,,,,x,,x,,,,Mordenkainen's Tome of Foes,188,Icewind Dale: Rime of the Frostmaiden 286,,,,,,,,,,
Library Automaton,Small,Construct,,Lawful Neutral,1/2,,,,,,v,,,,,,,,,,,,ø,,Tome of Beasts,273,,,Duergar Screamer,Medium,Humanoid,Dwarf,Lawful Neutral,3,,,,,,,,,,,,,,x,,x,,,,Mordenkainen's Tome of Foes,190,,,,,,,,,,,
Lich,Medium,Undead,,Any Evil,21,,x,x,,,,,ø,ø,ø,ø,ø,ø,ø,ø,ø,ø,ø,,Monster Manual,202,,,Duergar Soulblade,Medium,Humanoid,Dwarf,Lawful Neutral,1,,x,,,,,,,,,,,,x,,x,,,,Mordenkainen's Tome of Foes,190,Out of the Abyss 227,,,,,,,,,,
Lich (in lair),Medium,Undead,,Any Evil,22,,x,x,x,,,,ø,ø,ø,ø,ø,ø,ø,ø,ø,ø,ø,,Monster Manual,202,,,Duergar Stone Guard,Medium,Humanoid,Dwarf,Lawful Neutral,2,,,,,,,,,,,,,,x,,x,,,,Mordenkainen's Tome of Foes,191,Out of the Abyss 227,,,,,,,,,,
Lich Hound,Medium,Undead,,Neutral Evil,4,,,,,,,,,,,,,,,,,,,ø,Tome of Beasts,274,,,Duergar Warlord,Medium,Humanoid,Dwarf,Lawful Neutral,6,,,,,,,,,,,,,,x,,x,,,,Mordenkainen's Tome of Foes,192,,,,,,,,,,,
Lichen Lich,Medium,Undead,,Not Provided,18,,x,x,x,,,,ø,ø,ø,ø,ø,ø,ø,ø,,,,,Candlekeep Mysteries,223,,,Duergar Xarrorn,Medium,Humanoid,Dwarf,Lawful Neutral,2,,,,,,,,,,,,,,x,,x,,,,Mordenkainen's Tome of Foes,193,Out of the Abyss 228,,,,,,,,,,
Light Cavalry,Medium,Humanoid,Dragonborn,Lawful Neutral,1,,,,,,,,x,x,x,x,x,x,x,x,x,x,x,x,Creature Codex,124,,,Sacred Statue,Large,Construct,Eidolon,Unaligned,12,,,,,,,,,x,x,x,x,,x,,,,x,,Mordenkainen's Tome of Foes,194,Infernal Machine Rebuild 79,,,,,,,,,,
Light Devourer,Medium,Aberration,,Unaligned,6,,,,,,,,,,,,,,,,,,,,Critical Role: Call of the Netherdeep,200,,,Autumn Eladrin,Medium,Fey,Elf,Chaotic Neutral,10,,x,,,,,,,,,x,,,,,,,,,Mordenkainen's Tome of Foes,195,,,,,,,,,,,
Light Dragon Wyrmling,Medium,Dragon,,Neutral Good,2,,,,,,,,x,x,x,x,x,x,x,x,x,x,x,x,Creature Codex,113,,,Spring Eladrin,Medium,Fey,Elf,Chaotic Neutral,10,,x,,,,,,,,,x,x,,,,,,,,Mordenkainen's Tome of Foes,196,,,,,,,,,,,
Light Drake,Tiny,Dragon,,Neutral Good,1/2,,x,,,,v,,,,,,,,,,x,,,,Tome of Beasts 2,125,,,Summer Eladrin,Medium,Fey,Elf,Chaotic Neutral,10,,,,,,,,,,x,x,,,,,,,,,Mordenkainen's Tome of Foes,196,,,,,,,,,,,
Lightning Golem,Medium,Construct,,Neutral,5,,,,,,,,,,,,,,,,,,,,Candlekeep Mysteries,129,,,Winter Eladrin,Medium,Fey,Elf,Chaotic Neutral,10,,x,,,,,,x,,,x,,,,,,,,,Mordenkainen's Tome of Foes,197,,,,,,,,,,,
Lightning Hulk,Large,Elemental,,Chaotic Neutral,9,,,,,,,,,,,,,,,,,,,,Bigby Presents: Glory of the Giants,158,,,Leviathan,Gargantuan,Elemental,Elder elemental,Neutral,20,,,x,,,,,,x,,,,,,,,x,,,Mordenkainen's Tome of Foes,198,,,,,,,,,,,
Lightning Treant,Huge,Plant,,Neutral Evil,6,,x,,,,,,,,,x,,,,x,,,,,Fifth Edition Foes,231,,,Phoenix,Gargantuan,Elemental,Elder elemental,Neutral,16,,,x,,,,,,,x,,,,x,,,,,,Mordenkainen's Tome of Foes,199,,,,,,,,,,,
Likho,Medium,Monstrosity,,Chaotic Evil,6,,x,,,,,,,,,,,,,,,,,,Tome of Beasts,275,,,Zaratan,Gargantuan,Elemental,Elder elemental,Neutral,22,,,x,,,,,,,x,x,,,x,,x,,,,Mordenkainen's Tome of Foes,201,,,,,,,,,,,
Liminal Drake,Large,Dragon,,Neutral Evil,14,,,,,,,,,,,,,,,,,,,x,Tome of Beasts 2,126,,,Air Elemental Myrmidon,Medium,Elemental,,Neutral,7,,,,,,,,,,ø,,,,ø,,,,,,Mordenkainen's Tome of Foes,202,Princes of the Apocalypse 212,,,,,,,,,,
Lindwurm,Large,Dragon,,Neutral Evil,5,,,,,,,,ø,ø,,,,,,,,,,,Tome of Beasts,276,,,Earth Elemental Myrmidon,Medium,Elemental,,Neutral,7,,,,,,,,,,,,,,,,ø,,,,Mordenkainen's Tome of Foes,202,Princes of the Apocalypse 212,,,,,,,,,,
Lion,Large,Beast,,Unaligned,1,,,,,,,,,,x,,x,x,x,,,,,,Monster Manual,331,Player's Handbook 307,,Fire Elemental Myrmidon,Medium,Elemental,,Neutral,7,,,,,,,,,,ø,,,,,,,,,,Mordenkainen's Tome of Foes,203,Princes of the Apocalypse 213,,,,,,,,,,
Liondrake,Large,Monstrosity,,Neutral,7,,,,,,,,,,,,,,,,,,,,Fizban's Treasury of Dragons,207,,,Water Elemental Myrmidon,Medium,Elemental,,Neutral,7,,,,,,,,ø,ø,,ø,ø,,,ø,ø,ø,ø,ø,Mordenkainen's Tome of Foes,203,Princes of the Apocalypse 213,,,,,,,,,,
Lionwere,Large,Monstrosity,Shapechanger,Chaotic Evil,2,,,,,,,,,,x,,x,,,,x,,,,Fifth Edition Foes,228,,,Githyanki Gish,Medium,Humanoid,Gith,Lawful Neutral,10,,x,,,,,,,,x,,,,x,,,,x,,Mordenkainen's Tome of Foes,205,Waterdeep: Dungeon of the Mad Mage 312,,,,,,,,,,
Liosalfar,Large,Elemental,,Neutral,8,,x,,,,,,,,,,,,,,,,,ø,Tome of Beasts,277,,,Githyanki Kith'rak,Medium,Humanoid,Gith,Lawful Neutral,12,,x,,,,,,,,x,,,,x,,,,x,,Mordenkainen's Tome of Foes,205,,,,,,,,,,,
Lithonnite,Large,Monstrosity,,Unaligned,4,,,,,,,,,x,,,,,,x,x,x,,,Fifth Edition Foes,165,,,Githyanki Supreme Commander,Medium,Humanoid,Gith,Lawful Neutral,14,,x,x,,,,,,,x,,,,x,,,,x,,Mordenkainen's Tome of Foes,206,,,,,,,,,,,
Living Bigby's Hand,Large,Construct,,Unaligned,4,,,,,,,,,,,,,,,,,,,,Icewind Dale: Rime of the Frostmaiden,298,,,Githyanki Anarch,Medium,Humanoid,Gith,Lawful Neutral,16,,x,x,x,,,,,,x,,,,x,,,,x,,Mordenkainen's Tome of Foes,207,,,,,,,,,,,
Living Blade of Disaster,Small,Construct,,Chaotic Evil,8,,,,,,,,,,,,,,,,,,,,Icewind Dale: Rime of the Frostmaiden,299,,,Githyanki Enlightened,Medium,Humanoid,Gith,Lawful Neutral,10,,x,,,,,,,,x,,,,x,,,,x,,Mordenkainen's Tome of Foes,208,,,,,,,,,,,
Living Burning Hands,Medium,Construct,,Unaligned,1,,,,,,,,,,,,,,,,,,,,Eberron: Rising from the Last War,298,,,Gray Render,Large,Monstrosity,,Chaotic Neutral,12,,,,,,,,,,,x,,x,,,,,,,Mordenkainen's Tome of Foes,209,,,,,,,,,,,
Living Cloudkill,Large,Construct,,Unaligned,7,,,,,,,,,,,,,,,,,,,,Eberron: Rising from the Last War,299,,,Howler,Large,Fiend,,Chaotic Evil,8,,,,,,,,,,x,,x,x,,,x,,,,Mordenkainen's Tome of Foes,210,,,,,,,,,,,
Living Demiplane,Medium,Construct,,Unaligned,0,,,,,,,,,,,,,,,,,,,,Icewind Dale: Rime of the Frostmaiden,299,,,Marut,Large,Construct,Inevitable,Lawful Neutral,25,,x,,,,,,,,,,,,,,,,,ø,Mordenkainen's Tome of Foes,213,,,,,,,,,,,
Living Doll,Tiny,Construct,,Neutral Evil,2,,,,,,,,,,,,,,,,,,ø,,The Wild Beyond The Witchlight,237,,,Nagpa,Medium,Humanoid,Nagpa,Neutral Evil,17,,x,,,,,,,x,x,x,,,,x,x,,x,,Mordenkainen's Tome of Foes,215,,,,,,,,,,,
Living Inseen Servant,Medium,Construct,,Unaligned,0,,,,,,,,,,,,,,,,ø,,,,Waterdeep: Dungeon of the Mad Mage,313,,,Nightwalker,Huge,Undead,,Chaotic Evil,20,,,,,,,,x,,x,,,,,x,x,,,,Mordenkainen's Tome of Foes,216,,,,,,,,,,,
Living Iron Statue,Medium,Construct,,Unaligned,5,,,,,,,,,,,,,,,,,,,,Ghosts of Saltmarsh,241,,,Adult Oblex,Medium,Ooze,Oblex,Lawful Neutral,5,,x,,,,,,,,,,,,,x,x,,x,,Mordenkainen's Tome of Foes,218,Infernal Machine Rebuild 59,,,,,,,,,,
Living Lightning Bolt,Large,Construct,,Unaligned,5,,,,,,,,,,,,,,,,,,,,Eberron: Rising from the Last War,299,,,Elder Oblex,Huge,Ooze,Oblex,Lawful Neutral,10,,x,,,,,,,,,,,,,x,x,,x,,Mordenkainen's Tome of Foes,219,,,,,,,,,,,
Living Shade,Medium,Fey,,Neutral,1/4,,,,,,v,,x,x,x,x,x,x,x,x,x,x,x,x,Creature Codex,255,,,Ogre Battering Ram,Large,Giant,Ogre,Chaotic Evil,4,,,,,,,,,,,,x,x,,,,,,,Mordenkainen's Tome of Foes,220,,,,,,,,,,,
Living Spellbook,Large,Construct,,Unaligned,10,,x,,,,,,,,,,,,,,,,ø,,Monster a Day Compendium 2.0,111,,,Ogre Howdah,Large,Giant,Ogre,Chaotic Evil,2,,,,,,,,,,,,x,x,,,,,,,Mordenkainen's Tome of Foes,221,,,,,,,,,,,
Living Star,Huge,Celestial,,Any,19,,,,,,,,x,x,x,x,x,x,x,x,x,x,x,x,Creature Codex,256,,,Gloom Weaver,Medium,Humanoid,"Elf, Shadar-Kai",Neutral,9,,x,,,,,,,,,,,,,,x,,x,,Mordenkainen's Tome of Foes,224,,,,,,,,,,,
Living Wick,Small,Construct,,Unaligned,1/4,,,,,,,,,,,,,,,,,,ø,,Tome of Beasts,278,,,Soul Monger,Medium,Humanoid,"Elf, Shadar-Kai",Neutral,11,,,,,,,,,,,,,,,,x,,x,,Mordenkainen's Tome of Foes,226,,,,,,,,,,,
Lizard,Tiny,Beast,,Unaligned,0,,,,,,x,,,ø,,ø,ø,ø,,ø,ø,,,,Monster Manual,332,,,Skulk,Medium,Humanoid,,Chaotic Neutral,1/2,,,,,,,,,x,,x,,,,x,,,,,Mordenkainen's Tome of Foes,227,,,,,,,,,,,
Lizard King/Queen,Medium,Humanoid,Lizardfolk,Chaotic Evil,4,,,,,,,,,,,x,,,,x,,,,,Monster Manual,205,,,Skull Lord,Medium,Undead,,Lawful Neutral,15,,x,x,,,,,,,x,,,,,x,x,,,,Mordenkainen's Tome of Foes,230,,,,,,,,,,,
Lizardfolk,Medium,Humanoid,Lizardfolk,Neutral,1/2,,,,,,,,,,,x,,,,x,,,,,Monster Manual,204,"Infernal Machine Rebuild 70, Rise of Tiamat Online Supplement 19",,The Hungry,Medium,Monstrosity,Sorrowsworn,Neutral Evil,11,,,,,,,,,,,x,,,,,x,,x,,Mordenkainen's Tome of Foes,232,,,,,,,,,,,
Lizardfolk Commoner,Medium,Humanoid,Lizardfolk,Neutral,1/4,,,,,,,,,,,x,,,,x,,,,,Ghosts of Saltmarsh,241,,,The Lost,Medium,Monstrosity,Sorrowsworn,Neutral Evil,7,,,,,,,,x,,x,x,,,x,x,x,,x,,Mordenkainen's Tome of Foes,233,,,,,,,,,,,
Lizardfolk Monk,Medium,Humanoid,Lizardfolk,Neutral,2,,,,,,,,,,,ø,,,,ø,,,,,Monster a Day Compendium 2.0,112,,,Star Spawn Larva Mage,Medium,Aberration,,Neutral Evil,16,,x,x,,,,,,,,,,,x,,x,,,,Mordenkainen's Tome of Foes,235,,,,,,,,,,,
Lizardfolk Render,Large,Humanoid,Lizardfolk,Neutral,3,,,,,,,,,,,x,,,,x,,,,,Ghosts of Saltmarsh,241,Infernal Machine Rebuild 71,,Star Spawn Seer,Medium,Aberration,,Neutral Evil,13,,,,,,,,,,,,,,x,,x,,,,Mordenkainen's Tome of Foes,236,,,,,,,,,,,
Lizardfolk Scaleshield,Medium,Humanoid,Lizardfolk,Neutral,1,,,,,,,,,,,x,,,,x,,,,,Ghosts of Saltmarsh,242,,,Steel Predator,Large,Construct,,Lawful Neutral,16,,x,,,,,,,,,,,,,,,,x,,Mordenkainen's Tome of Foes,239,,,,,,,,,,,
Lizardfolk Shaman,Medium,Humanoid,Lizardfolk,Neutral,2,,x,,,,,,,,,x,,,,x,,,,,Monster Manual,205,Infernal Machine Rebuild 72,,Stone Cursed,Medium,Construct,,Lawful Neutral,1,,,,,,,,,,x,,,,x,,,,x,,Mordenkainen's Tome of Foes,240,,,,,,,,,,,
Lizardfolk Subchief,Medium,Humanoid,Lizardfolk,Neutral,3,,x,,,,,,,,,x,,,,x,,,,,Ghosts of Saltmarsh,242,,,Sword Wraith Commander,Medium,Undead,,Lawful Neutral,8,,,,,,,,,,,,x,,,x,,,,,Mordenkainen's Tome of Foes,241,,,,,,,,,,,
Locathah,Medium,Humanoid,Locathah,Neutral,1/2,,,,,,,,,x,,,,,,,,x,,,Ghosts of Saltmarsh,243,Infernal Machine Rebuild 72,,Tortle,Medium,Humanoid,Tortle,Lawful Good,1/4,,,,,,,,,x,,,,,,,,,,,Mordenkainen's Tome of Foes,242,The Tortle Package 23,,,,,,,,,,
Locathah Hunter,Medium,Humanoid,Locathah,Neutral,2,,,,,,,,,x,,,,,,,,x,,,Ghosts of Saltmarsh,243,,,Tortle Druid,Medium,Humanoid,Tortle,Lawful Good,2,,,,,,,,,x,,,,,,,,,,,Mordenkainen's Tome of Foes,242,The Tortle Package 23,,,,,,,,,,
Locksmith,Medium,Construct,,Unaligned,8,,x,,,,,,,,,,,,,,,,x,,Tome of Beasts 2,240,,,Rot Troll,Large,Giant,,Chaotic Evil,9,,,,,,,,,,x,x,,,,x,x,,,,Mordenkainen's Tome of Foes,244,,,,,,,,,,,
Lohezet,Medium,Humanoid,"Human, Wizard",Neutral Evil,12,,x,,,x,,,,,,,,,,,,,,,Dragonlance: Shadow of the Dragon Queen,205,,,Canoloth,Medium,Fiend,Yugoloth,Neutral Evil,8,,,,,,,,,x,,,,,,,x,,x,ø,Mordenkainen's Tome of Foes,247,,,,,,,,,,,
Lonely Sorrowsworn,Medium,Monstrosity,,Neutral Evil,9,,,,,,,,,x,x,,,,x,,x,,x,,Mordenkainen Presents: Monsters of the Multiverse,223,Mordenkainen's Tome of Foes 232,,Dhergoloth,Medium,Fiend,Yugoloth,Neutral Evil,7,,x,,,,,,,,,,,,,,x,,,ø,Mordenkainen's Tome of Foes,248,,,,,,,,,,,
Lord of Vultures,Large,Fey,"Animal Lord, Shapechanger",Neutral Good,12,,x,x,,x,,,,,,,,,x,,,,,,Creature Codex,26,,,Hydroloth,Medium,Fiend,Yugoloth,Neutral Evil,9,,x,,,,,,,,,,,,,,,,,ø,Mordenkainen's Tome of Foes,249,,,,,,,,,,,
Lord Soth,Medium,Undead,Paladin,Lawful Evil,19,,x,x,,x,,,,,,,,,,,,,,,Dragonlance: Shadow of the Dragon Queen,206,Vecna: Eve of Ruin 246,,Merrenoloth,Medium,Fiend,Yugoloth,Neutral Evil,3,,x,,x,,,,,x,,,,,,,,,,ø,Mordenkainen's Tome of Foes,250,,,,,,,,,,,
Lord Varonaen,Medium,Undead,,Neutral Evil,10,,x,,,x,,,,,,,,,,,,,,,DM's Guild: Chronicles of Eberron,157,,,Oinoloth,Medium,Fiend,Yugoloth,Neutral Evil,12,,x,,,,,,,,x,,,,,,x,,,ø,Mordenkainen's Tome of Foes,251,,,,,,,,,,,
Lord Zombie,Medium,Undead,,Neutral Evil,5,,,x,,,,,,,,,,,,,,,,,Creature Codex,394,,,Amphisbaena,Medium,Monstrosity,,Unaligned,1/2,,,,,,,,,,,,,,,,,,,,Mythic Odysseys of Theros,208,Ghosts of Saltmarsh 230,,,,,,,,,,
Lorehold Apprentice,Medium,Humanoid,Wizard,Any,2,,x,,,,,,,,,,,,,,,,ø,,Strixhaven: A Cirriculum of Chaos,197,,,Anvilwrought Raptor,Tiny,Construct,,Unaligned,1/2,,,,,,v,,,,,x,x,x,,,,,x,,Mythic Odysseys of Theros,209,,,,,,,,,,,
Lorehold Apprentice,Small,Humanoid,Wizard,Any,2,,x,,,,,,,,,,,,,,,,ø,,Strixhaven: A Cirriculum of Chaos,197,,,Bronze Sable,Medium,Construct,,Unaligned,1,,,,,,,,,,,,,,,,,,x,,Mythic Odysseys of Theros,210,,,,,,,,,,,
Lorehold Pledgemage,Medium,Humanoid,Wizard,Any,4,,x,,,,,,,,,,,,,,,,ø,,Strixhaven: A Cirriculum of Chaos,197,,,Burnished Hart,Medium,Construct,,Unaligned,2,,,,,,,,,,,x,x,,,,,,,x,Mythic Odysseys of Theros,211,,,,,,,,,,,
Lorehold Pledgemage,Small,Humanoid,Wizard,Any,4,,x,,,,,,,,,,,,,,,,ø,,Strixhaven: A Cirriculum of Chaos,197,,,Gold-Forged Sentinel,Large,Construct,,Unaligned,5,,,,,,,,,,,,,,x,,,,ø,,Mythic Odysseys of Theros,211,,,,,,,,,,,
Lorehold Professor of Chaos,Medium,Humanoid,Wizard,Any,7,,x,,,,,,,,,,,,,,,,ø,,Strixhaven: A Cirriculum of Chaos,198,,,Archon of Falling Stars,Medium,Celestial,,Lawful Good,12,,x,x,,x,,,,,,,,,,,,,,,Mythic Odysseys of Theros,212,,,,,,,,,,,
Lorehold Professor of Chaos,Small,Humanoid,Wizard,Any,7,,x,,,,,,,,,,,,,,,,ø,,Strixhaven: A Cirriculum of Chaos,198,,,Ashen Rider,Medium,Celestial,,Lawful Evil,16,,x,x,,,,,,,,,,,,,,,,x,Mythic Odysseys of Theros,213,,,,,,,,,,,
Lorehold Professor of Order,Medium,Humanoid,Wizard,Any,7,,x,,,,,,,,,,,,,,,,ø,,Strixhaven: A Cirriculum of Chaos,198,,,Winged Bull,Large,Celestial,,Unaligned,4,,,,,,,,,,,,,,,,,,,x,Mythic Odysseys of Theros,214,,,,,,,,,,,
Lorehold Professor of Order,Small,Humanoid,Wizard,Any,7,,x,,,,,,,,,,,,,,,,ø,,Strixhaven: A Cirriculum of Chaos,198,,,Winged Lion,Large,Celestial,,Unaligned,4,,,,,,,,,,,,,,,,,,,x,Mythic Odysseys of Theros,214,,,,,,,,,,,
Lorelei,Medium,Fey,,Chaotic Evil,5,,x,,,,,,,,,ø,,,,,,,,,Tome of Beasts,279,,,Two-Headed Cerberus,Medium,Monstrosity,,Lawful Evil,2,,,,,,,,,,,,,,,,ø,,,x,Mythic Odysseys of Theros,215,,,,,,,,,,,
Lorghalan Cannonball,Small,Elemental,,Neutral,1,,,,,,,,,,,,,,,,,,,,DM's Guild: Chronicles of Eberron,56,,,Underworld Cerberus,Large,Monstrosity,,Lawful Evil,6,,,,,,,,,,,,,,,,ø,,,x,Mythic Odysseys of Theros,215,,,,,,,,,,,
Lost Minotaur,Large,Undead,,Neutral Evil,8,,,,,,,,,,,,,,,,x,,,,Creature Codex,268,,,Theran Chimera,Large,Monstrosity,,Unaligned,7,,,,,,,,x,x,x,x,x,x,x,x,x,x,,,Mythic Odysseys of Theros,216,,,,,,,,,,,
Lost Sorrowsworn,Medium,Monstrosity,,Neutral Evil,7,,,,,,,,x,,x,x,,,x,x,x,,x,,Mordenkainen Presents: Monsters of the Multiverse,224,,,Colossus of Akros,Gargantuan,Construct,,Unaligned,23,,,,,x,,,,,,,,,,,,,x,,Mythic Odysseys of Theros,218,,,,,,,,,,,
Lost Soul,Medium,Undead,,Any,5,,,,,,,,ø,ø,ø,ø,ø,ø,ø,ø,ø,ø,ø,,Dark Arts Player's Companion,43,,,Abhorrent Overlord,Large,Fiend,,Lawful Evil,9,,x,,,,,,,,,,,,,,,,,x,Mythic Odysseys of Theros,219,,,,,,,,,,,
Lothar,Medium,Humanoid,Human,Lawful Neutral,9,,x,,,x,,,,,,,,,,,,,ø,,Minsc and Boo's Journal of Villainy,80,,,Eater of Hope,Large,Fiend,,Lawful Evil,6,,,,,,,,,,,,,,,,,,,x,Mythic Odysseys of Theros,220,,,,,,,,,,,
Lotus Golem,Large,Construct,,Unaligned,9,,,,,,,,x,x,x,x,x,x,x,x,x,x,x,x,Creature Codex,202,,,Nightmare Shepherd,Large,Fiend,,Lawful Evil,11,,x,,,,,,,,,,,,,,,,,x,Mythic Odysseys of Theros,221,,,,,,,,,,,
Lou Carcolh,Medium,Monstrosity,,Unaligned,2,,,,,,,,,,,,,,,x,,,,,Creature Codex,257,,,Flitterstep Eidolon,Medium,Undead,,Any,3,,,,,,,,ø,ø,ø,ø,ø,ø,ø,ø,ø,,,,Mythic Odysseys of Theros,222,,,,,,,,,,,
Loup Garou,Medium,Monstrosity,Shapechanger,Not Provided,13,,,x,,,,,,,,ø,,ø,,,,,,,Van Richten's Guide to Ravenloft,237,,,Ghostblade Eidolon,Medium,Undead,,Any,5,,,,,,,,ø,ø,ø,ø,ø,ø,ø,ø,ø,,,,Mythic Odysseys of Theros,222,,,,,,,,,,,
Lowarnizel,Large,Dragon,Young Gem,Neutral,9,,x,,,x,,,,,,,,,,,,,,,Phandelver and Below: The Shattered Obelisk,181,,,Fleecemane Lion,Large,Monstrosity,,Unaligned,3,,,x,,,,,,,,,,,,,,,,,Mythic Odysseys of Theros,223,,,,,,,,,,,
Loxoda,Huge,Monstrosity,,Neutral Evil,6,,,,,,,,,,,,ø,ø,,,,,,,Tome of Beasts,280,,,Doomwake Giant,Huge,Giant,,Lawful Evil,11,,,,,,,,,,,,,,,,,,,,Mythic Odysseys of Theros,224,,,,,,,,,,,
Luck Dragon,Tiny,Dragon,,Unaligned,1/4,,,,,,v,,,,,ø,,ø,,,,,ø,,Monster a Day Compendium 2.0,113,,,Hundred-Handed One,Huge,Giant,,Lawful Neutral,15,,,,,,,,,x,,,,,x,,,,,,Mythic Odysseys of Theros,225,,,,,,,,,,,
Luck Leech,Medium,Fey,,Neutral Evil,10,,,,,,,,,,,,,,,,,,x,,Tome of Beasts 2,241,,,Aphemia,Medium,Monstrosity,,Chaotic Evil,5,,,,,x,,,,,,,,,,,,,,,Mythic Odysseys of Theros,226,,,,,,,,,,,
Lunar Devil,Large,Fiend,Devil,Lawful Neutral,8,,x,,,,,,,,,,,,,,,,,ø,Tome of Beasts,110,,,Blood-Toll Harpy,Medium,Monstrosity,,Chaotic Evil,1/8,,,,,,,,,ø,,,,,ø,ø,,,,,Mythic Odysseys of Theros,227,,,,,,,,,,,
Lunar Dragon Wyrmling,Medium,Dragon,,Neutral Evil,2,,,,,,,,,,,,,,,,,,,,Boo's Astral Menagerie,35,,,Hippocamp,Large,Monstrosity,,Chaotic Good,1/2,,,,,,,,,,,,,,,x,,,,,Mythic Odysseys of Theros,227,,,,,,,,,,,
Lunarian,Medium,Fey,,Neutral,5,,,,,,,,,,,,,,,,x,,,,Tome of Beasts 2,245,,,Akroan Hoplite,Medium,Humanoid,Any Race,Any,3,,,,,,,,,,,,,,,,,,ø,,Mythic Odysseys of Theros,228,,,,,,,,,,,
Lurker,Medium,Monstrosity,,Unaligned,5,,,,,,,,,,,,,,ø,,ø,,,,Monster a Day Compendium 2.0,114,,,Meletian Hoplite,Medium,Humanoid,Any Race,Any,3,,x,,,,,,,,,,,,,,,,ø,,Mythic Odysseys of Theros,229,,,,,,,,,,,
Lymarien,Tiny,Fey,,Neutral Good,1/8,,,,,,v,,,,,x,x,,,,,,,,Tome of Beasts 2,248,,,Setessan Hoplite,Medium,Humanoid,Any Race,Any,4,,,,,,,,,,,,,,,,,,ø,,Mythic Odysseys of Theros,229,,,,,,,,,,,
Lymarien Swarm,Large,Fey,Swarm,Neutral Good,5,,x,,,,,,,,,x,x,,,,,,,,Tome of Beasts 2,248,,,Ironscale Hydra,Gargantuan,Monstrosity,,Unaligned,12,,,,,,,,,,,,,,x,x,x,,,,Mythic Odysseys of Theros,231,,,,,,,,,,,
Lynx Creatlach,Medium,Undead,Tiefling,Lawful Evil,5,,,,,x,,,,,,,,,,,,,,,Infernal Machine Rebuild,54,,,Polukranos,Gargantuan,Monstrosity,,Unaligned,19,,,x,,x,,,,,,,,,,,,,,,Mythic Odysseys of Theros,231,,,,,,,,,,,
Lystrosaurus,Medium,Beast,Dinosaur,Unaligned,2,,,,,,,,,,,,x,,,,,,,,Creature Codex,108,,,Leonin Iconoclast,Medium,Humanoid,Leonin,Any,5,,x,,,,,,,,,,x,,,,,,x,,Mythic Odysseys of Theros,232,,,,,,,,,,,
Mad Piper,Large,Construct,,Neutral,2,,,,,,,,,,,,,x,,,,,x,,Tome of Beasts 2,250,,,Nyx-Fleece Ram,Medium,Monstrosity,,Unaligned,1,,,,,,,,,,,,,,x,,,,,,Mythic Odysseys of Theros,233,,,,,,,,,,,
Madam Eva,Medium,Humanoid,Human,Chaotic Neutral,10,,x,,,x,,,,,,,,,,,,,ø,,Curse of Strahd,233,,,Alseid,Medium,Fey,,Chaotic Good,1,,x,,,,,,,,,,x,,,,,,,,Mythic Odysseys of Theros,235,,,,,,,,,,,
Maegera The Dawn Titan,Gargantuan,Elemental,,Chaotic Neutral,23,,x,x,,x,,,,,,,,,,,,,,,Storm King's Thunder,241,,,Lampad,Medium,Fey,,Neutral Evil,3,,x,,,,,,,,,,,,,,x,,,x,Mythic Odysseys of Theros,235,,,,,,,,,,,
Maelephant,Large,Fiend,,Lawful Evil,10,,,,,,,,,,,,,,,,,,,x,Morte's Planar Parade,35,,,Naiad,Medium,Fey,,Chaotic Neutral,2,,x,,,,,,,x,,,,,,,,x,,,Mythic Odysseys of Theros,236,,,,,,,,,,,
Mage,Medium,Humanoid,Any Race,Any,6,,x,,,,,,,,,,,,,,,,x,,Monster Manual,347,Rise of Tiamat Online Supplement 19,,Oread,Medium,Fey,,Chaotic Evil,4,,x,,,,,,,,,,,,x,,ø,,,,Mythic Odysseys of Theros,237,,,,,,,,,,,
Mage Hunter,Large,Monstrosity,,Lawful Evil,5,,,,,,,,ø,ø,ø,ø,ø,ø,ø,ø,ø,,ø,,Strixhaven: A Cirriculum of Chaos,199,,,Oracle,Medium,Humanoid,Any Race,Any,4,,x,,,,,,,,,,,,,,,,ø,,Mythic Odysseys of Theros,238,,,,,,,,,,,
Mage Hunter Golem,Large,Construct,,Not Provided,15,,,,,,,,,,,,,,,,,,ø,,Tal'Dorei Campaign Setting Reborn,242,,,Phylaskia,Large,Undead,,Lawful Neutral,9,,,,,,,,,,,,,,,,ø,,,ø,Mythic Odysseys of Theros,239,,,,,,,,,,,
Mage of Usamigaras,Medium,Humanoid,,Chaotic Neutral,1/8,,x,,,,,,,,,,,,,,,,,,Quests from the Infinite Staircase,206,,,Returned Drifter,Medium,Undead,,Lawful Neutral,1/4,,,,,,,,,,,,,,,,,,,,Mythic Odysseys of Theros,240,,,,,,,,,,,
Magewright,Medium,Humanoid,Any Race,Any,0,,x,,,,,,,,,,,,,,,,,,Eberron: Rising from the Last War,318,,,Returned Palamnite,Medium,Undead,,Chaotic Evil,4,,,,,,,,,,,,,,,,,,,,Mythic Odysseys of Theros,241,,,,,,,,,,,
Maggie Keeneyes (Tier 1),Large,Giant,Ogre,Lawful Neutral,3,,,,,,,,,,,,,,,,,,,,Critical Role: Call of the Netherdeep,189,,,Returned Sentry,Medium,Undead,,Lawful Evil,1,,,,,,,,,,,,,,,,,,,,Mythic Odysseys of Theros,241,,,,,,,,,,,
Maggie Keeneyes (Tier 2),Large,Giant,Ogre,Lawful Neutral,5,,,,,,,,,,,,,,,,,,,,Critical Role: Call of the Netherdeep,191,,,Satyr Reveler,Medium,Fey,,Chaotic Neutral,1,,,,,,,,,,,,,,,,,,x,,Mythic Odysseys of Theros,242,,,,,,,,,,,
Maggie Keeneyes (Tier 3),Large,Giant,Ogre,Lawful Neutral,8,,,,,,,,,,,,,,,,,,,,Critical Role: Call of the Netherdeep,194,,,Satyr Thornbearer,Medium,Fey,,Chaotic Neutral,2,,,,,,,,,,,x,,,,,,,,,Mythic Odysseys of Theros,243,,,,,,,,,,,
Magma Bear,Large,Elemental,,Neutral,3,,,,,,,,,,,,,,ø,,ø,,,,Monster a Day Compendium 2.0,115,,,Triton Shorestalker,Medium,Humanoid,Triton,Neutral Evil,2,,x,,,,,,,x,,,,,,,,x,,,Mythic Odysseys of Theros,244,,,,,,,,,,,
Magma Landshark,Huge,Elemental,,Not Provided,14,,,,,,,,,,,,,,ø,,ø,,,ø,Tal'Dorei Campaign Setting Reborn,247,,,Triton Master of Waves,Medium,Humanoid,Triton,Neutral,8,,x,,,,,,,x,,,,,,,,x,,,Mythic Odysseys of Theros,245,,,,,,,,,,,
Magma Mephit,Small,Elemental,,Neutral Evil,1/2,,x,,,,,,,,,,,,,,x,,,,Monster Manual,216,,,Typhon,Huge,Monstrosity,,Chaotic Evil,15,,,,,,,,,,,,,,,,,,,x,Mythic Odysseys of Theros,246,,,,,,,,,,,
Magma Octopus,Large,Elemental,,Neutral,8,,,,,,,,,,,,,,x,,x,,,x,Tome of Beasts 2,251,,,Woe Strider,Large,Aberration,,Chaotic Evil,7,,,,,,,,,,,,,,,,,,,,Mythic Odysseys of Theros,247,,,,,,,,,,,
Magma Ooze,Large,Ooze,,Unaligned,5,,,,,,,,,,,,,,x,,x,,,,Fifth Edition Foes,179,,,Arasta,Huge,Monstrosity,Mythic,Neutral Evil,21,,,x,x,x,,,,,,x,,,,,,,,,Mythic Odysseys of Theros,248,,,,,,,,,,,
Magmin,Small,Elemental,,Chaotic Neutral,1/2,,,,,,,,,,,,,,,,,,,ø,Monster Manual,212,,,Hythonia,Large,Monstrosity,Mythic,Lawful Evil,17,,x,x,x,x,,,,,,,,,,,,,,,Mythic Odysseys of Theros,252,,,,,,,,,,,
Magmoid,Large,Elemental,,Unaligned,4,,,,,,,,,,,,,,,,,,,x,Fifth Edition Foes,166,,,Tromokratis,Gargantuan,Monstrosity,"Mythic, Titan",Any,26,,,x,,x,,,,x,,,,,,,,x,,,Mythic Odysseys of Theros,254,,,,,,,,,,,
Magnetic Elemental,Large,Elemental,,Neutral,6,,,,,,,,,,,,,x,x,,,,,x,Tome of Beasts 2,133,,,Derro Savant,Small,Humanoid,Derro,Chaotic Evil,3,,x,,,,,,,,,,,,,,,,,,Out of the Abyss,225,,,,,,,,,,,
Mahoru,Large,Monstrosity,,Unaligned,3,,,,,,,,ø,ø,,,,,,,,ø,,,Tome of Beasts,281,,,Ixitxachitl,Small,Aberration,,Chaotic Evil,1/4,,,,,,,,,,,,,,,,,,,,Out of the Abyss,225,,,,,,,,,,,
Major Malleable,Huge,Aberration,,Chaotic Evil,10,,,,,,,,x,x,x,x,x,x,x,x,x,x,x,,Tome of Beasts 2,254,,,Duergar Darkhaft,Medium,Humanoid,Dwarf,Lawful Neutral,2,,x,,,,,,,,,,,,,,,,,,Out of the Abyss,226,,,,,,,,,,,
Malakbel,Medium,Fiend,Demon,Chaotic Evil,9,,,,,,,,,,,,,,,,,,ø,ø,Tome of Beasts,78,,,Duergar Keeper Of The Flame,Medium,Humanoid,Dwarf,Lawful Neutral,2,,,,,,,,,,,,,,,,,,,,Out of the Abyss,226,,,,,,,,,,,
Male Steeder,Medium,Monstrosity,,Unaligned,1/4,,,,,,,,,,,,,,,,x,,,,Mordenkainen Presents: Monsters of the Multiverse,231,"Mordenkainen's Tome of Foes 238, Out of the Abyss 231",,Ixitxachitl Cleric,Small,Aberration,,Chaotic Evil,1/4,,x,,,,,,,,,,,,,,,,,,Out of the Abyss,226,,,,,,,,,,,
Malformed Kraken,Huge,Monstrosity,,Chaotic Evil,10,,,,,,,,,ø,,,,,,,,ø,,,Tales from the Yawning Portal,239,,,Vampiric Ixitxachitl,Medium,Aberration,,Chaotic Evil,2,,,,,,,,,,,,,,,,,,ø,,Out of the Abyss,226,,,,,,,,,,,
Mallqui,Medium,Undead,,Lawful Neutral,8,,x,,,,,,,,ø,,,,ø,,,,,,Tome of Beasts,282,,,Vampiric Ixitxachitl Cleric,Medium,Aberration,,Chaotic Evil,2,,x,,,,,,,,,,,,,,,,ø,,Out of the Abyss,226,,,,,,,,,,,
Malphas,Medium,Fey,,Neutral Evil,6,,x,,,,,,,,,,,,,,,,,ø,Tome of Beasts,283,,,Chuul Spore Servant,Large,Plant,,Unaligned,4,,,,,,,,,,,,,,,,,,,,Out of the Abyss,228,,,,,,,,,,,
Mammon,Huge,Fiend,Devil,Lawful Neutral,25,,x,x,x,x,,,,,,,,,,,,,,ø,Tome of Beasts,99,,,Drow Spore Servant,Medium,Plant,,Unaligned,1/8,,,,,,,,,,,,,,,,ø,,,,Out of the Abyss,229,,,,,,,,,,,
Mammoth,Huge,Beast,,Unaligned,6,,,,,,,,x,,,,,,,,,,,,Monster Manual,332,,,Duergar Spore Servant,Medium,Plant,,Unaligned,1/2,,,,,,,,,,,,,,,,ø,,,,Out of the Abyss,229,,,,,,,,,,,
Mamura,Small,Aberration,Fey,Neutral Evil,6,,,,,,,,,,ø,,ø,,,,,,,,Tome of Beasts,284,,,Hook Horror Spore Servant,Medium,Plant,,Unaligned,3,,,,,,,,,,,,,,,,ø,,,,Out of the Abyss,229,,,,,,,,,,,
Manabane Scarab Swarm,Medium,Beast,Swarm,Unaligned,4,,,,,,,,,,ø,,,,,,,,,,Tome of Beasts,374,,,Troglodyte Champion of Laogzed,Medium,Humanoid,Troglodyte,Chaotic Evil,3,,,,,,,,,,,,,,,,,,,,Out of the Abyss,229,,,,,,,,,,,
Manastorm Golem,Medium,Construct,,Unaligned,8,,,,,,,,x,x,x,x,x,x,x,x,x,x,x,x,Creature Codex,203,,,Awakened Zurkhwood,Huge,Plant,,Unaligned,2,,,,,,,,,,,ø,,,,,,,,,Out of the Abyss,230,,,,,,,,,,,
Mandragora,Small,Plant,Fungus,Neutral Evil,1/8,,,,,,,,,,,x,,,,,,,,,Fifth Edition Foes,167,,,Bridesmaid of Zuggtmoy,Medium,Plant,,Chaotic Evil,1/8,,,,,,,,,,,,,,,,,,,,Out of the Abyss,230,,,,,,,,,,,
Mandrake,Tiny,Plant,,Unaligned,1/2,,,,,,,,,,,,,,,,,,x,,Creature Codex,260,,,Chamberlain of Zuggtmoy,Large,Plant,,Chaotic Evil,2,,,,,,,,,,,,,,,,,,,,Out of the Abyss,230,,,,,,,,,,,
"Mandrake, Great",Tiny,Plant,,Unaligned,1,,,,,,,,,,,,,,,,,,x,,Creature Codex,260,,,Droki,Small,Humanoid,Derro,Chaotic Evil,2,,x,,,,,,,,,,,,,,,,,,Out of the Abyss,231,,,,,,,,,,,
Mandriano,Large,Plant,,Lawful Evil,5,,,,,,,,,,,x,,x,,,,,,,Creature Codex,261,,,Grisha,Medium,Humanoid,Human,Chaotic Evil,2,,x,,,x,,,,,,,,,,,,,,,Out of the Abyss,232,,,,,,,,,,,
Mandrill,Small,Beast,,Unaligned,1/8,,,,,,,,,,,x,,,,x,,,,,Fifth Edition Foes,168,,,Narrak,Medium,Humanoid,Derro,Chaotic Evil,2,,x,,,x,,,,,,,,,,,,,,,Out of the Abyss,232,,,,,,,,,,,
Manes,Small,Fiend,Demon,Chaotic Evil,1/8,,,,,,,,,,,,,,,,,,,ø,Monster Manual,60,,,The Pudding King,Small,Humanoid,"Gnome, Shapechanger",Chaotic Evil,4,,x,,,x,,,,,,,,,,,,,,,Out of the Abyss,233,,,,,,,,,,,
Manggus,Large,Giant,Shapechanger,Chaotic Evil,5,,,,,,,,,,,x,,,,x,,,,,Tome of Beasts 2,256,,,Yestabrod,Large,Monstrosity,,Chaotic Evil,4,,,x,,,,,,,,,,,,,,,,,Out of the Abyss,233,,,,,,,,,,,
Mangrove Treant,Huge,Plant,,Neutral,7,,,,,,,,,,,,,,,x,,,,,Tome of Beasts 2,350,,,Criosphinx,Large,Monstrosity,,Neutral,13,,,x,,,,,,,x,,,,,,,,,,Planeshift: Amonkhet,32,,,,,,,,,,,
Manshoon,Medium,Humanoid,Human,Lawful Neutral,13,,x,,,x,,,,,,,,,,,,,ø,,Waterdeep: Dragon Heist,209,,,"Manticore, Heart-Piercer",Large,Monstrosity,,Chaotic Evil,5,,,,,,,,,,x,,,,,,,,,,Planeshift: Amonkhet,36,,,,,,,,,,,
Mantari,Medium,Monstrosity,,Neutral Evil,1/8,,,,,,,,,,,,,,,,x,,,,Fifth Edition Foes,169,,,Serpopard,Large,Beast,,Unaligned,3,,,,,,,,,,x,,,,,,,,,,Planeshift: Amonkhet,37,,,,,,,,,,,
Manticore,Large,Monstrosity,,Lawful Neutral,3,,,,,,,,x,x,,,x,x,x,,,,,,Monster Manual,213,,,Homarid,Medium,Monstrosity,,Chaotic Evil,1,,,,,,,,,x,,,,,,,,x,,,Planeshift: Dominaria,15,,,,,,,,,,,
"Manticore, Heart-Piercer",Large,Monstrosity,,Chaotic Evil,5,,,,,,,,,,x,,,,,,,,,,Planeshift: Amonkhet,36,,,Kavu Predator,Large,Beast,,Unaligned,2,,,,,,,,,,,x,,,,,,,,,Planeshift: Dominaria,24,,,,,,,,,,,
Mantik,Huge,Monstrosity,,Lawful Evil,9,,,x,,x,,,,,,,,x,,,,,,,Creature Codex,262,,,Steel Leaf Kavu,Large,Beast,,Unaligned,4,,,,,,,,,,,x,,,,,,,,,Planeshift: Dominaria,24,,,,,,,,,,,
Mantik's Barbed,Small,Humanoid,Kobold,Lawful Evil,1,,,,,,,,,,,,,x,,,,,,,Creature Codex,263,,,Werewolf (Krallenhorde),Medium,Humanoid,"human, shapechanger",Chaotic Evil,3,,,,,,,,,,,x,,,,,,,x,,Planeshift: Innistrad,15,,,,,,,,,,,
Mantrap,Large,Plant,,Unaligned,1,,,,,,,,,,,,,,,,,,,,Tomb of Annihilation,227,,,Vampire Neonate,Medium,Undead,,Neutral Evil,5,,,,,,,,,,,,,,,,,,ø,,Planeshift: Innistrad,17,,,,,,,,,,,
Margoyle,Medium,Monstrosity,,Chaotic Evil,5,,,,,,,,x,x,x,x,x,x,x,x,x,,x,,Fifth Edition Foes,116,,,Geist,Medium,Undead,,Any,4,,,,,,,,,,,,,,,,,,ø,,Planeshift: Innistrad,19,,,,,,,,,,,
Mari Lwyd,Large,Undead,,Neutral,4,,x,,,,,,x,x,x,x,x,x,x,x,x,x,x,,Tome of Beasts 2,257,,,Creepy Doll,Tiny,Construct,,Lawful Evil,2,,,,,,,,,,,,,,,,,,ø,,Planeshift: Innistrad,25,,,,,,,,,,,
Marid,Large,Elemental,,Chaotic Neutral,11,,x,,,,,,,x,,,,,,,,x,,,Monster Manual,146,,,Frilled Deathspitter,Small,Beast,,Unaligned,1/2,,,,,,,,,ø,,ø,,,,,,,,,Planeshift: Ixalan,30,,,,,,,,,,,
Marilith,Large,Fiend,Demon,Chaotic Evil,16,,,,,,,,,,,,,,,,,,,ø,Monster Manual,61,,,"Gishath, Sun's Avatar",Gargantuan,Beast,,Unaligned,10,,,x,,x,,,,ø,,ø,,,,,,,,,Planeshift: Ixalan,32,,,,,,,,,,,
Markos Delphi,Medium,Humanoid,"Human, Warlock",Chaotic Neutral,3,,x,,,x,,,,,,,,,,,,,,,Keys from the Golden Vault,53,,,"Zetalpa, Primal Dawn",Gargantuan,Monstrosity,"titan, elder dinosaur",Unaligned,30,,,x,,,,,,ø,,ø,,,,,,,,,Planeshift: Ixalan,33,,,,,,,,,,,
Marlos Urnrayle,Medium,Monstrosity,,Neutral Evil,8,,,,,x,,,,,,,,,,,,,,,Princes of the Apocalypse,199,,,"Nezahal, Primal Tide",Gargantuan,Monstrosity,"titan, elder dinosaur",Unaligned,30,,,x,,,,,,ø,,ø,,,,,,,,,Planeshift: Ixalan,33,,,,,,,,,,,
Marlos Urnrayle (with Lair Actions),Medium,Monstrosity,,Neutral Evil,12,,,,x,x,,,,,,,,,,,,,,,Princes of the Apocalypse,199,,,"Etali, Primal Storm",Gargantuan,Monstrosity,"titan, elder dinosaur",Unaligned,30,,,x,,,,,,ø,,ø,,,,,,,,,Planeshift: Ixalan,33,,,,,,,,,,,
Marsh Dire,Medium,Undead,,Neutral Evil,8,,,,,,,,,,,,,,,x,,,,,Tome of Beasts 2,258,,,"Tetzimoc, Primal Death",Gargantuan,Monstrosity,"titan, elder dinosaur",Unaligned,30,,,x,,,,,,ø,,ø,,,,,,,,,Planeshift: Ixalan,33,,,,,,,,,,,
Martial Arts Adept,Medium,Humanoid,,Any,3,,,,,,,,,,,,,,,,,,x,,Mordenkainen Presents: Monsters of the Multiverse,172,,,"Ghalta, Primal Hunger",Gargantuan,Monstrosity,"titan, elder dinosaur",Unaligned,30,,,x,,,,,,ø,,ø,,,,,,,,,Planeshift: Ixalan,33,,,,,,,,,,,
Martial Arts Adept,Medium,Humanoid,Any Race,Any,3,,,,,,,,,,,,,,,,,,x,,Volo's Guide to Monsters,216,"Tales from the Yawning Portal 240, Waterdeep: Dragon Heist 209",,"Zacama, Primal Calamity",Gargantuan,Monstrosity,"titan, elder dinosaur",Unaligned,30,,,x,,,,,,ø,,ø,,,,,,,,,Planeshift: Ixalan,33,,,,,,,,,,,
Marut,Large,Construct,inevitable,Lawful Neutral,25,,,,,,,,,,,,,,,,,,,ø,Mordenkainen Presents: Monsters of the Multiverse,173,,,Sunbird,Gargantuan,Monstrosity,,Unaligned,13,,,,,,,,,,,,,,x,,,,,,Planeshift: Ixalan,35,,,,,,,,,,,
Marut,Large,Construct,Inevitable,Lawful Neutral,25,,x,,,,,,,,,,,,,,,,,ø,Mordenkainen's Tome of Foes,213,,,Chupacabra,Medium,Monstrosity,,Neutral Evil,3,,,,,,,,,,,ø,,,,,,,ø,,Planeshift: Ixalan,37,,,,,,,,,,,
Mary Greymalkin,Medium,Humanoid,Eladrin,Neutral,2,,x,,,x,,,,,,,,,ø,,,,ø,,Lost Laboratory of Kwalish,43,,,Gremlin,Small,Beast,,Unaligned,1/2,,,,,,,,,,,,,,,,,,x,,Planeshift: Kaladesh,26,,,,,,,,,,,
Mashin-i-bozorg,Large,Construct,,Unaligned,8,,,,,,,,,,,,,,,,,,,,Quests from the Infinite Staircase,207,,,Sky Leviathan,Gargantuan,Beast,,Unaligned,10,,,,,,,,ø,ø,ø,ø,ø,ø,ø,ø,ø,,ø,,Planeshift: Kaladesh,28,,,,,,,,,,,
Mask Wight,Medium,Undead,,Neutral Evil,13,,x,,,,,,,,ø,,,,,ø,ø,,ø,,Tome of Beasts,285,,,Servo,Tiny,Construct,,Unaligned,0,,,,,,,,,,,,,,,,,,x,,Planeshift: Kaladesh,32,,,,,,,,,,,
Masked Killer,Medium,Humanoid,Any Race,Chaotic Evil,5,,,,,,,,,,,ø,ø,ø,ø,ø,,,ø,,Monster a Day Compendium 2.0,116,,,Archon of Redemption,Large,Celestial,,Lawful Neutral,10,,x,,,,,,,,,,,,,,,,,ø,Planeshift: Zendikar,22,,,,,,,,,,,
Masked Okkator,Medium,Humanoid,human,Neutral Evil,6,,,,,,,,,,,,,x,,,,,,,Sandy Petersen's Cthulhu Mythos,385,,,Felidar,Large,Celestial,,Lawful Good,5,,x,x,,,,,,,,,,,,,,,,ø,Planeshift: Zendikar,23,,,,,,,,,,,
Massive Malleable,Gargantuan,Aberration,,Chaotic Evil,16,,,,,,,,x,x,x,x,x,x,x,x,x,x,x,,Tome of Beasts 2,255,,,Kraken,Huge,Monstrosity,,Chaotic Evil,13,,x,,,,,,,ø,,,,,,,,x,,,Planeshift: Zendikar,25,,,,,,,,,,,
Master Adranach,Gargantuan,Construct,,Not Provided,21,,,x,,,,,,,,,,,,,,,ø,ø,Tal'Dorei Campaign Setting Reborn,225,,,Feathergale Knight,Medium,Humanoid,Human,Lawful Neutral,1,,x,,,,,,,,,,,,,,,,,,Princes of the Apocalypse,189,,,,,,,,,,,
Master Ferrius Ironback,Medium,Humanoid,Human,Lawful Neutral,20,,,x,,x,,,,,,,,,,,,,ø,,Monster a Day Compendium 2.0,117,,,Howling Hatred Initiate,Medium,Humanoid,Human,Neutral Evil,1/8,,,,,,,,,,,,,,,,,,,,Princes of the Apocalypse,190,,,,,,,,,,,
Master of Cruelties,Large,Fiend,Demon,Chaotic Evil,9,,x,,,,,,,,,,,,,,ø,,ø,ø,Guildmaster's Guide to Ravnica,196,,,Howling Hatred Priest,Medium,Humanoid,Human,Neutral Evil,2,,x,,,,,,,,,,,,,,,,,,Princes of the Apocalypse,190,,,,,,,,,,,
Master of Demon Mountain,Medium,Humanoid,Tiefling,Lawful Evil,17,,x,x,,x,,,,,,,,,x,,,,,,Creature Codex,264,,,Hurricane,Medium,Humanoid,Human,Lawful Neutral,2,,x,,,,,,,,,,,,,,,,,,Princes of the Apocalypse,191,,,,,,,,,,,
Master of Souls,Medium,Humanoid,Human,Neutral Evil,4,,x,,,,,,,,,,,,,,,,x,ø,Baldur's Gate: Descent into Avernus,234,,,Skyweaver,Medium,Humanoid,Human,Chaotic Evil,3,,x,,,,,,,,,,,,,,,,,,Princes of the Apocalypse,191,,,,,,,,,,,
Master of the Five Spires,Medium,Humanoid,,Any Lawful,8,,,,,,,,,,ø,,,,,,,,ø,,Monster a Day Compendium 2.0,123,,,Thurl Merosska,Medium,Humanoid,Human,Lawful Neutral,3,,x,,,x,,,,,,,,,,,,,,,Princes of the Apocalypse,192,,,,,,,,,,,
Master Sage,Medium,Humanoid,Any Race,Not Provided,5,,x,,,,,,,,,,,,,,,,ø,,Candlekeep Mysteries,9,,,Windharrow,Medium,Humanoid,Half-Elf,Neutral Evil,3,,x,,,x,,,,,,,,,,,,,,,Princes of the Apocalypse,192,,,,,,,,,,,
Master Thief,Medium,Humanoid,,Any,5,,,,,,,,,,,,,,,,,,x,,Mordenkainen Presents: Monsters of the Multiverse,174,,,Aerisi Kalinoth,Medium,Humanoid,Elf,Neutral Evil,7,,x,,,x,,,,,,,,,,,,,,,Princes of the Apocalypse,193,,,,,,,,,,,
Master Thief,Medium,Humanoid,Any Race,Any,5,,,,,,,,,,,,,,,,,,x,,Volo's Guide to Monsters,216,Infernal Machine Rebuild 54,,Aerisi Kalinoth (with Lair Actions),Medium,Humanoid,Elf,Neutral Evil,9,,x,,x,x,,,,,,,,,,,,,,,Princes of the Apocalypse,193,,,,,,,,,,,
Mastiff,Medium,Beast,,Unaligned,1/8,,,,,,,,,,,x,,x,,,,,x,,Monster Manual,332,Player's Handbook 307,,Black Earth Guard,Medium,Humanoid,Human,Neutral Evil,2,,,,,,,,,,,,,,,,,,,,Princes of the Apocalypse,195,,,,,,,,,,,
Mastodon,Huge,Beast,,Unaligned,4,,,,,,,,x,,,x,x,x,,,,,,,Fifth Edition Foes,185,,,Black Earth Priest,Medium,Humanoid,Human,Neutral Evil,3,,x,,,,,,,,,,,,,,,,,,Princes of the Apocalypse,195,,,,,,,,,,,
Matriarch Serpentine Lamia,Large,Monstrosity,,Neutral Evil,5,,x,,,,,,,,,x,,,x,,,,x,,Creature Codex,249,,,Burrowshark,Medium,Humanoid,Human,Neutral Evil,4,,,,,,,,,,,,,,,,,,,,Princes of the Apocalypse,196,,,,,,,,,,,
Mature Dark Young,Large,Aberration,,Chaotic Evil,15,,x,,,,,,,,,,,x,,,,,,,Sandy Petersen's Cthulhu Mythos,295,,,Sacred Stone Monk,Medium,Humanoid,Human,Lawful Neutral,1/2,,,,,,,,,,,,,,,,,,,,Princes of the Apocalypse,196,,,,,,,,,,,
Maurezhi,Medium,Fiend,demon,Chaotic Evil,7,,,,,,,,,,,,,,,x,,,x,,Mordenkainen Presents: Monsters of the Multiverse,175,Mordenkainen's Tome of Foes 133,,Stonemelder,Medium,Humanoid,Human,Neutral Evil,4,,x,,,,,,,,,,,,,,,,,,Princes of the Apocalypse,197,,,,,,,,,,,
Mavka,Medium,Undead,Fey,Chaotic Evil,12,,x,,,,,,,,,,,,,ø,ø,,ø,,Tome of Beasts,286,,,Hellenrae,Medium,Humanoid,Human,Lawful Neutral,5,,,,,,,,,,,,,,,,,,,,Princes of the Apocalypse,198,,,,,,,,,,,
Maw Demon,Medium,Fiend,demon,Chaotic Evil,1,,,,,,,,,,,,,,,,x,,,,Mordenkainen Presents: Monsters of the Multiverse,176,,,Miraj Vizann,Medium,Humanoid,Earth Genasi,Neutral Evil,6,,x,,,x,,,,,,,,,,,,,,,Princes of the Apocalypse,198,,,,,,,,,,,
Maw Demon,Medium,Fiend,Demon,Chaotic Evil,1,,,,,,,,,,,,,,,,x,,,,Volo's Guide to Monsters,137,Ghosts of Saltmarsh 243,,Marlos Urnrayle,Medium,Monstrosity,,Neutral Evil,8,,,,,x,,,,,,,,,,,,,,,Princes of the Apocalypse,199,,,,,,,,,,,
Maw of Sekolah,Huge,Monstrosity,,Neutral Evil,7,,,x,,x,,,,,,,,,,,,x,,,Ghosts of Saltmarsh,244,,,Marlos Urnrayle (with Lair Actions),Medium,Monstrosity,,Neutral Evil,12,,,,x,x,,,,,,,,,,,,,,,Princes of the Apocalypse,199,,,,,,,,,,,
Maw of Yeenoghu,Huge,Fiend,Demon,Chaotic Evil,10,,,,,,,,,,,,,,,,,,,,Bigby Presents: Glory of the Giants,159,,,Eternal Flame Guardian,Medium,Humanoid,Human,Chaotic Evil,2,,,,,,,,,,,,,,,,,,,,Princes of the Apocalypse,200,,,,,,,,,,,
Mbielu,Huge,Beast,Dinosaur,Unaligned,3,,,,,,,,,ø,,,,,,ø,,ø,,,Tome of Beasts,114,,,Eternal Flame Priest,Medium,Humanoid,Human,Neutral Evil,3,,x,,,,,,,,,,,,,,,,,,Princes of the Apocalypse,200,,,,,,,,,,,
Mead Archon,Medium,Celestial,,Chaotic Good,4,,x,,,,,,,,,,,,,,,,,x,Tome of Beasts 2,18,,,Bastian Thermandar,Medium,Humanoid,Fire Genasi,Neutral Evil,8,,x,,,x,,,,,,,,,,,,,,,Princes of the Apocalypse,201,,,,,,,,,,,
Meazel,Medium,Monstrosity,,Neutral Evil,1,,,,,,,,,,x,x,x,x,x,x,x,,x,,Mordenkainen Presents: Monsters of the Multiverse,177,Mordenkainen's Tome of Foes 214,,Flamewrath,Medium,Humanoid,Human,Chaotic Evil,6,,x,,,,,,,,,,,,,,,,,,Princes of the Apocalypse,201,,,,,,,,,,,
Medusa,Medium,Monstrosity,,Lawful Neutral,6,,,,,,,,,,x,,,,,,,,,,Monster Manual,214,Infernal Machine Rebuild 73,,Razerblast,Medium,Humanoid,Human,Chaotic Evil,5,,,,,,,,,,,,,,,,,,,,Princes of the Apocalypse,201,,,,,,,,,,,
Meenlock,Small,Fey,,Neutral Evil,2,,,,,,,,,,,x,,,,x,,,x,,Mordenkainen Presents: Monsters of the Multiverse,178,Volo's Guide to Monsters 170,,Elizar Dryflagon,Medium,Humanoid,Human,Neutral Evil,5,,x,,,x,,,,,,,,,,,,,,,Princes of the Apocalypse,202,,,,,,,,,,,
Megaloceros,Huge,Beast,,Unaligned,4,,,,,,,,x,,,x,,,,,,,,,Tome of Beasts 2,396,,,Vanifer,Medium,Humanoid,Tiefling,Neutral Evil,9,,x,,,x,,,,,,,,,,,,,,,Princes of the Apocalypse,203,,,,,,,,,,,
Megapede,Large,Monstrosity,,Unaligned,3,,,,,,,,,,,,,,x,,x,,,,Creature Codex,266,,,Vanifer (with Lair Actions),Medium,Humanoid,Tiefling,Neutral Evil,12,,x,,x,x,,,,,,,,,,,,,ø,,Princes of the Apocalypse,203,,,,,,,,,,,
Megapede,Gargantuan,Monstrosity,,Unaligned,11,,,,,,,,,,,,,,,,,,,,Boo's Astral Menagerie,36,,,Crushing Wave Priest,Medium,Humanoid,Human,Neutral Evil,2,,x,,,,,,,,,,,,,,,,,,Princes of the Apocalypse,205,,,,,,,,,,,
Mei Jiao Shou,Gargantuan,Beast,,Unaligned,7,,,,,,,,,,,,x,x,,,,,,,Tome of Beasts 2,259,,,Crushing Wave Reaver,Medium,Humanoid,Human,Neutral Evil,1/2,,,,,,,,,,,,,,,,,,,,Princes of the Apocalypse,205,,,,,,,,,,,
Meld,Large,Undead,,Any,6,,,,,,,,,,,,,,,,ø,,ø,x,DM's Guild: Exploring Eberron,242,,,Dark Tide Knight,Medium,Humanoid,Human,Lawful Neutral,3,,,,,,,,,,,,,,,,,,,,Princes of the Apocalypse,205,,,,,,,,,,,
Meletian Hoplite,Medium,Humanoid,Any Race,Any,3,,x,,,,,,,,,,,,,,,,ø,,Mythic Odysseys of Theros,229,,,One-Eyed Shiver,Medium,Humanoid,Human,Chaotic Evil,3,,x,,,,,,,,,,,,,,,,,,Princes of the Apocalypse,207,,,,,,,,,,,
Meloon Wardragon,Medium,Humanoid,Human,Neutral Evil,9,,,,,x,,,,,,,,,,,,,ø,,Waterdeep: Dragon Heist,210,,,Gar Shatterkeel,Medium,Humanoid,Human,Neutral Evil,9,,x,,,x,,,,,,,,,,,,,,,Princes of the Apocalypse,208,,,,,,,,,,,
Memory Web,Large,Aberration,,Neutral Evil,4,,,,,,,,,,,,,,,,,,,,Quests from the Infinite Staircase,208,,,Gar Shatterkeel (with Lair Actions),Medium,Humanoid,Human,Neutral Evil,13,,x,,x,x,,,,,,,,,,,,,ø,,Princes of the Apocalypse,208,,,,,,,,,,,
Mephistopheles,Large,Fiend,Devil,Lawful Evil,27,,x,x,x,x,,,,,,,,,,,,,,ø,Minsc and Boo's Journal of Villainy,101,,,Shoalar Quanderil,Medium,Humanoid,Water Genasi,Lawful Neutral,4,,x,,,x,,,,,,,,,,,,,,,Princes of the Apocalypse,208,,,,,,,,,,,
Mercane,Large,Giant,,Lawful Neutral,5,,x,,,,,,,,,,,,,,,,,,Boo's Astral Menagerie,37,,,Drannin Splithelm,Medium,Humanoid,Shield Dwarf,Neutral Evil,7,,,,,x,,,,,,,,,,,,,,,Princes of the Apocalypse,209,,,,,,,,,,,
Mercion,Medium,Humanoid,"Cleric, Human",Lawful Good,3,,x,,,x,,,,,,,,,,,,,,,The Wild Beyond The Witchlight,225,,,Ghald,Large,Humanoid,Sahuagin,Lawful Neutral,7,,,,,x,,,,,,,,,,,,,,,Princes of the Apocalypse,209,,,,,,,,,,,
Mercykiller Bloodhound,Small or Medium,Humanoid,,Any,7,,,,,,,,,,,,,,,,,,,x,Morte's Planar Parade,60,,,Oreioth,Medium,Humanoid,Human,Chaotic Evil,2,,x,,,x,,,,,,,,,,,,,,,Princes of the Apocalypse,211,,,,,,,,,,,
Merfolk,Medium,Humanoid,Merfolk,Neutral,1/8,,,,,,,,,x,,,,,,,,x,,,Monster Manual,218,,,Wiggan Nettlebee,Small,Humanoid,Halfling,Neutral Evil,2,,x,,,x,,,,,,,,,,,,,,,Princes of the Apocalypse,211,,,,,,,,,,,
Merfolk Salvager,Medium,Humanoid,Merfolk,Neutral,1,,,,,,,,,ø,,,,,,,,x,,,Ghosts of Saltmarsh,244,,,Imix,Huge,Elemental,,Neutral Evil,19,,x,x,x,,,,,,,,,,,,,,,,Princes of the Apocalypse,214,,,,,,,,,,,
Merfolk Stormcaller,Medium,Humanoid,Merfolk,Neutral,8,,x,,,,,,,ø,,,,,,,,x,,,DM's Guild: Exploring Eberron,243,,,Ogrémoch,Gargantuan,Elemental,,Neutral Evil,20,,x,x,x,,,,,,,,,,,,,,,,Princes of the Apocalypse,216,,,,,,,,,,,
Merregon,Medium,Fiend,devil,Lawful Evil,4,,,,,,,,,,,,,,,,,,,,Mordenkainen Presents: Monsters of the Multiverse,179,"Mordenkainen's Tome of Foes 166, Baldur's Gate: Descent into Avernus 238",,Olhydra,Huge,Elemental,,Neutral Evil,18,,x,x,x,,,,,,,,,,,,,,,,Princes of the Apocalypse,218,,,,,,,,,,,
Merrenoloth,Medium,Fiend,yugoloth,Neutral Evil,3,,x,,x,,,,,x,,,,,,,,,,,Mordenkainen Presents: Monsters of the Multiverse,180,,,Yan-C-Bin,Huge,Elemental,,Neutral Evil,18,,x,x,x,x,,,,,,,,,,,,,,ø,Princes of the Apocalypse,220,,,,,,,,,,,
Merrenoloth,Medium,Fiend,Yugoloth,Neutral Evil,3,,x,,x,,,,,x,,,,,,,,,,ø,Mordenkainen's Tome of Foes,250,,,Dirt-Under-Nails,Medium,Plant,,Neutral Evil,7,,x,,,x,,,,,,,,,,,,,,,Return to the Glory,32,,,,,,,,,,,
Merrow,Large,Monstrosity,,Chaotic Evil,2,,,,,,,,,x,,,,,,,,x,,,Monster Manual,219,Rise of Tiamat Online Supplement 19,,Rotter,Medium,Construct,,Unaligned,5,,,,,,,,,,,,,,,,,,,,Return to the Glory,34,,,,,,,,,,,
Merrow Shallowpriest,Large,Monstrosity,,Chaotic Evil,4,,x,,,,,,,x,,,,,,,ø,x,,,Explorer's Guide to Wildemount,294,,,Dragonfang,Medium,Humanoid,Human,Neutral Evil,5,,,,,,,,,,,,,,,,,,,,Rise of Tiamat,89,,,,,,,,,,,
Metallic Greatwyrm,Gargantuan,Dragon,Metallic,Lawful Good,28,,,x,,,,,,,,,,,,,,,,,Fizban's Treasury of Dragons,209,,,Dragonsoul,Medium,Humanoid,Human,Neutral Evil,7,,,,,,,,,,,,,,,,,,,,Rise of Tiamat,89,,,,,,,,,,,
Metallic Peacekeeper,Medium,Construct,,Neutral Good,4,,,,,,,,,,,,,,,,,,,,Fizban's Treasury of Dragons,210,,,Ice Toad,Medium,Monstrosity,,Neutral,1,,,,,,,,ø,,,,,,,,,,,,Rise of Tiamat,90,,,,,,,,,,,
Metallic Warbler,Tiny,Construct,,Neutral Good,1/4,,,,,,,,,,,,,,,,,,,,Fizban's Treasury of Dragons,210,,,Naergoth Bladelord,Medium,Undead,,Neutral Evil,11,,,,,,,,,,,,,,,,,,,,Rise of Tiamat,90,,,,,,,,,,,
Metee-Kolen-Ol,Medium,Humanoid,Any Race,Chaotic Evil,2,,x,,,,,,x,,,,,,,,,,,,Creature Codex,404,,,Neronvain,Medium,Humanoid,Elf,Neutral Evil,9,,,,,x,,,,,,,,,,,,,,,Rise of Tiamat,91,,,,,,,,,,,
Mezzoloth,Medium,Fiend,Yugoloth,Neutral Evil,5,,x,,,,,,,,,,,,,,,,,ø,Monster Manual,313,,,Severin,Medium,Humanoid,Human,Neutral Evil,11,,,x,,x,,,,,,,,,,,,,,,Rise of Tiamat,92,,,,,,,,,,,
Mi-Go,Medium,Plant,,Neutral Evil,5,,,,,,,,,,,ø,ø,ø,,,,,,,Tome of Beasts,287,,,The Filth,Medium,Aberration,,Chaotic Evil,7,,x,,,,,,,,,,,,,,,,,,Sandy Petersen's Cthulhu Mythos,167,,,,,,,,,,,
Mi-Go Dimension Walker,Medium,Plant,,Neutral Evil,14,,x,,,,,,,,,,,,,,,,,x,Sandy Petersen's Cthulhu Mythos,346,,,Avatar of Atlach-Nacha,Huge,Aberration,proxy,Neutral Evil,22,,x,x,,,,,,,,,,,,,,,,,Sandy Petersen's Cthulhu Mythos,170,,,,,,,,,,,
Mi-Go Lord,Large,Aberration,Mi-Go,Lawful Neutral,14,,,,,,,,,,,,,,,,,,ø,ø,Monster a Day Compendium 2.0,121,,,Ghost of Ib,Medium,Undead,,Chaotic Neutral,5,,x,,,,,,,,,,,x,,,,,,,Sandy Petersen's Cthulhu Mythos,176,,,,,,,,,,,
Mi-Go Scientist,Medium,Aberration,Mi-Go,Lawful Neutral,6,,,,,,,,,,,,,,,,,,ø,ø,Monster a Day Compendium 2.0,120,,,Avatar of Bokrug,Large,Monstrosity,proxy,Chaotic Neutral,19,,x,x,,,,,,,,,,,,,,,,,Sandy Petersen's Cthulhu Mythos,177,,,,,,,,,,,
Mi-Go Scout,Medium,Plant,,Neutral Evil,5,,,,,,,,,,,,,,,,,,,x,Sandy Petersen's Cthulhu Mythos,345,,,Avatar of Byatis,Huge,Aberration,proxy,Chaotic Evil,20,,x,x,,,,,,,,,,,,,,,,,Sandy Petersen's Cthulhu Mythos,180,,,,,,,,,,,
Mi-Go Soldier,Medium,Aberration,Mi-Go,Lawful Neutral,9,,,,,,,,,,,,,,,,,,ø,ø,Monster a Day Compendium 2.0,120,,,Avatar of Chaugnar Faugn,Large,Monstrosity,,Chaotic Evil,19,,x,x,,,,,,,,,,,,,,,,,Sandy Petersen's Cthulhu Mythos,182,,,,,,,,,,,
Mi-Go Spawnling,Small,Aberration,Mi-Go,Lawful Neutral,2,,,,,,,,,,,,,,,,,,ø,ø,Monster a Day Compendium 2.0,119,,,Scion of Chaugnar Faugn,Large,Monstrosity,,Chaotic Evil,7,,,,,,,,,,,,,x,,,,,x,,Sandy Petersen's Cthulhu Mythos,183,,,,,,,,,,,
Mi-Go Warrior,Large,Plant,,Neutral Evil,8,,,,,,,,,,,,,,,,,,,x,Sandy Petersen's Cthulhu Mythos,345,,,Father Dagon,Huge,Aberration,deep one,Chaotic Evil,17,,x,x,,,,,,,,,,,,,,,,,Sandy Petersen's Cthulhu Mythos,190,,,,,,,,,,,
Mi-Go Worker,Medium,Aberration,Mi-Go,Lawful Neutral,5,,,,,,,,,,,,,,,,,,ø,ø,Monster a Day Compendium 2.0,119,,,Rootling,Huge,Aberration,,Neutral Evil,10,,,,,,,,,,,,,,,,,,,,Sandy Petersen's Cthulhu Mythos,195,,,,,,,,,,,
Michael McHowlett,Medium,Humanoid,"Maraish, shapechanger",Unaligned,4,,,,,x,,,,,,ø,ø,ø,,ø,,,,,Monster a Day Compendium 2.0,118,,,Worm of Ghroth,Huge,Monstrosity,,Unaligned,13,,,,,,,,,,,,,,,,x,,,,Sandy Petersen's Cthulhu Mythos,199,,,,,,,,,,,
Midnight Peddler,Medium,Fey,,Neutral,1/2,,,,,,,,x,x,x,x,x,x,x,x,x,,x,,Fifth Edition Foes,170,,,The King in Yellow,Medium,Fiend,"human, proxy",Chaotic Evil,22,,x,x,,,,x,,,,,,,,,,,,,Sandy Petersen's Cthulhu Mythos,224,,,,,,,,,,,
Might Sliver,Large,Monstrosity,Sliver,Unaligned,2,,,,,,,,,ø,,ø,ø,ø,ø,ø,ø,,,,Monster a Day Compendium 2.0,183,,,Mother Hydra,Huge,Aberration,deep one,Chaotic Evil,17,,x,x,,,,,,,,,,,,,,,,,Sandy Petersen's Cthulhu Mythos,227,,,,,,,,,,,
Miirym,Large,Undead,,Not Provided,22,,x,x,,x,,,,,,,,,,,,,x,,Candlekeep Mysteries,16,,,The Bloated Woman,Large,Aberration,,Chaotic Evil,24,,x,x,,,,,,,,,,,,,,,,,Sandy Petersen's Cthulhu Mythos,230,,,,,,,,,,,
Millitaur,Large,Monstrosity,,Neutral,3,,,,,,,,,,,ø,,,,ø,,,,,Tome of Beasts,288,,,The Dark Demon,Large,Monstrosity,proxy,Chaotic Evil,21,,x,x,,,,,,,,,,,,,,,,,Sandy Petersen's Cthulhu Mythos,232,,,,,,,,,,,
Mimic,Medium,Monstrosity,Shapechanger,Neutral,2,,,,,,,,,,,,,,,,x,,x,,Monster Manual,220,"Infernal Machine Rebuild 73, The Lost Dungeon of Rickedness: Big Rick Energy 39",,The Haunter,Huge,Aberration,proxy,Chaotic Evil,22,,x,x,,,,,,,,,,,,,,,,,Sandy Petersen's Cthulhu Mythos,234,,,,,,,,,,,
Mimic Chair,Medium,Monstrosity,Shapechanger,Neutral,2,,,,,,,,,,,,,,,,x,,ø,,Candlekeep Mysteries,22,,,The Holwer,Huge,Aberration,proxy,Chaotic Evil,25,,x,x,,,,,,,,,,,,,,,,,Sandy Petersen's Cthulhu Mythos,237,,,,,,,,,,,
"Mimic, Map",Tiny,Aberration,,Neutral,1/4,,,,,,,,,,,,,,,,,,ø,,Tome of Beasts,289,,,The Shadow Pharaoh,Huge,Aberration,proxy,Chaotic Evil,23,,x,x,,,,,,,,,,,,,,,,,Sandy Petersen's Cthulhu Mythos,238,,,,,,,,,,,
Mind Drinker Vampire,Medium,Undead,,Neutral Evil,4,,x,,,,,,,,,,,,,,,,ø,,Guildmaster's Guide to Ravnica,224,,,Nyogtha Body,Huge,Ooze,,Chaotic Evil,20,,x,x,,,,,,,,,,,,,,,,,Sandy Petersen's Cthulhu Mythos,242,,,,,,,,,,,
Mind Flayer,Medium,Aberration,,Lawful Neutral,7,,x,,,,,,,,,,,,,,x,,,,Monster Manual,222,,,Rhan-Tegoth,Huge,Aberration,titan,Chaotic Evil,19,,x,x,,,,,,,,,,,,,,,,,Sandy Petersen's Cthulhu Mythos,252,,,,,,,,,,,
Mind Flayer Arcanist,Medium,Aberration,,Lawful Neutral,8,,,,,,,,,,,,,,,,x,,,,Monster Manual,222,Lost Laboratory of Kwalish 45,,Avatar of Tsathoggua,Huge,Aberration,proxy,Chaotic Evil,18,,x,x,,,,,,,,,,,,,,,,,Sandy Petersen's Cthulhu Mythos,261,,,,,,,,,,,
Mind Flayer Clairvoyant,Medium,Aberration,,Lawful Evil,11,,x,x,,,,,,,,,,,,,,,,,Phandelver and Below: The Shattered Obelisk,209,,,Avatar of Yig,Huge,Aberration,proxy,Chaotic Neutral,21,,x,x,,,,,,,,,,,,,,,,,Sandy Petersen's Cthulhu Mythos,271,,,,,,,,,,,
Mind Flayer Lich (Illithilich),Medium,Undead,Mindflayer,Any Evil,22,,x,x,,,,,,,,,,,,,,,,,Volo's Guide to Monsters,172,,,Abyssal Custodian,Gargantuan,Aberration,,Chaotic Evil,20,,,x,,,,,,,,,,,,,,,,x,Sandy Petersen's Cthulhu Mythos,279,,,,,,,,,,,
Mind Flayer Prophet,Medium,Aberration,,Lawful Evil,8,,x,,,,,,,,,,,,,,,,,,Phandelver and Below: The Shattered Obelisk,210,,,Bhole Hatchling,Huge,Monstrosity,,Unaligned,13,,,,,,,,,,,,,,ø,,,,,x,Sandy Petersen's Cthulhu Mythos,281,,,,,,,,,,,
Mind Mage,Medium,Humanoid,Any Race,Neutral Evil,5,,x,,,,,,,,,,,,,,ø,,ø,,Guildmaster's Guide to Ravnica,233,,,Adult Bhole,Gargantuan,Monstrosity,,Unaligned,18,,,,,,,,,,,,,,,,,,,,Sandy Petersen's Cthulhu Mythos,282,,,,,,,,,,,
Mind's Eye Matter Smith,Small or Medium,Humanoid,,Any,4,,x,,,,,,,,,,,,,,,,,x,Morte's Planar Parade,60,,,Scholar Brain Cylinder,Tiny,Construct,human,Any,0,,,,,,,,,,,,,,,,,,,x,Sandy Petersen's Cthulhu Mythos,284,,,,,,,,,,,
Mindrot Thrall,Medium,Plant,,Neutral,3,,,,,,,,,,,,,,,ø,ø,,ø,,Tome of Beasts,290,,,Sorcerer Brain Cylinder,Tiny,Construct,human,Any,1,,x,,,,,,,,,,,,,,,,,x,Sandy Petersen's Cthulhu Mythos,284,,,,,,,,,,,
Mindwitness,Large,Aberration,,Lawful Neutral,5,,,,,,,,,,,,,,,,x,,,,Mordenkainen Presents: Monsters of the Multiverse,181,Volo's Guide to Monsters 176,,Control Drone,Gargantuan,Construct,,Unaligned,11,,,,,,,,,,,,,,,,,,,x,Sandy Petersen's Cthulhu Mythos,286,,,,,,,,,,,
Mineral Ooze,Large,Ooze,,Neutral,3,,,,,,,,,,,,,,,,x,,,,Tome of Beasts 2,280,,,Byakhee,Large,Aberration,,Chaotic Evil,4,,,,,,,,,,,,,,,,,,,x,Sandy Petersen's Cthulhu Mythos,287,,,,,,,,,,,
Minor Malleable,Medium,Aberration,,Chaotic Evil,1,,,,,,,,x,x,x,x,x,x,x,x,x,x,x,,Tome of Beasts 2,252,,,"Dreamlands Cat, Saturnian",Medium,Beast,,Any,1/8,,,,,,,,,,,,,,ø,,,,,x,Sandy Petersen's Cthulhu Mythos,288,,,,,,,,,,,
Minotaur,Large,Monstrosity,,Chaotic Evil,3,,,,,,,,,,,,,,,,x,,,,Monster Manual,223,,,Dreamlands Cat,Tiny,Beast,,Any,0,,,,,,,,,,,,,,ø,,,,x,x,Sandy Petersen's Cthulhu Mythos,289,,,,,,,,,,,
Minotaur Living Crystal Statue,Large,Construct,,Unaligned,6,,,,,x,,,,,,,,,,,,,,,Ghosts of Saltmarsh,245,,,"Dreamlands Cat, Uranian",Medium,Beast,,Any,1/8,,,,,,,,,,,,,,ø,,,,,x,Sandy Petersen's Cthulhu Mythos,289,,,,,,,,,,,
Minotaur Skeleton,Large,Undead,,Lawful Neutral,2,,,,,,,,,,,,,,,,x,,,,Monster Manual,273,Infernal Machine Rebuild 74,,Ulthar Champion,Tiny,Beast,,Any,5,,x,,,,,,,,,,,,ø,,,,x,x,Sandy Petersen's Cthulhu Mythos,290,,,,,,,,,,,
Minsc and Boo!,Medium,Humanoid,Human,Neutral Good,10,,,,,x,,,,,,,,,,,,,ø,,Minsc and Boo's Journal of Villainy,68,,,Colour out of Space,Gargantuan,Ooze,,Unaligned,8,,,x,,,,,,,,,,,,,,,,x,Sandy Petersen's Cthulhu Mythos,292,,,,,,,,,,,
Mirager,Medium,Fey,,Neutral Evil,3,,x,,,,,,,,ø,,,,,,,,,,Tome of Beasts,291,,,Adolescent Dark Young,Large,Aberration,,Chaotic Evil,5,,,,,,,,,,,,,x,,,,,,,Sandy Petersen's Cthulhu Mythos,293,,,,,,,,,,,
Miraj Vizann,Medium,Humanoid,Earth Genasi,Neutral Evil,6,,x,,,x,,,,,,,,,,,,,,,Princes of the Apocalypse,198,,,Adult Dark Young,Large,Aberration,,Chaotic Evil,10,,x,,,,,,,,,,,x,,,,,,,Sandy Petersen's Cthulhu Mythos,294,,,,,,,,,,,
Miremal,Small,Fey,,Chaotic Evil,1/2,,,,,,,,,,,ø,,,,ø,,,,,Tome of Beasts,292,,,Mature Dark Young,Large,Aberration,,Chaotic Evil,15,,x,,,,,,,,,,,x,,,,,,,Sandy Petersen's Cthulhu Mythos,295,,,,,,,,,,,
Mirror Hag,Medium,Fey,Hag,Chaotic Neutral,6,,x,,,,,,,,,ø,,,ø,ø,,,,,Tome of Beasts,243,,,Deep One,Medium,Humanoid,deep one,Chaotic Evil,1,,,,,,,,,x,,,,,,,,x,,,Sandy Petersen's Cthulhu Mythos,296,,,,,,,,,,,
Mirror Shade,Medium,Undead,,Chaotic Evil,10,,,,,,,,,,,,,,,,,,,,Vecna: Eve of Ruin,226,,,Deep One Bishop,Medium,Aberration,deep one,Chaotic Evil,11,,x,,,,,,,x,,,,,,,,x,,,Sandy Petersen's Cthulhu Mythos,297,,,,,,,,,,,
Mirrorman,Medium,Aberration,,Chaotic Neutral,6,,x,,,,,,,,ø,,,,,,,,,,Monster a Day Compendium 2.0,122,,,Deep One Hybrid Cultist,Medium,Humanoid,"deep one, human",Chaotic Evil,1/8,,,,,,,x,,x,,,,,,,,x,,,Sandy Petersen's Cthulhu Mythos,298,,,,,,,,,,,
Mirt,Medium,Humanoid,Human,Chaotic Good,9,,,,,x,,,,,,,,,,,,,ø,,Waterdeep: Dragon Heist,211,,,Deep One Scion Priest of Cthulhu,Medium,Humanoid,deep one,Chaotic Evil,5,,x,,,,,x,,x,,,,,,,,x,,,Sandy Petersen's Cthulhu Mythos,299,,,,,,,,,,,
Miska the Wolf-Spider,Huge,Fiend,Demon,Chaotic Evil,24,,x,x,,x,,,,,,,,,,,,,,,Vecna: Eve of Ruin,247,,,Dhole Hatchling,Huge,Monstrosity,,Unaligned,16,,,,,,,,,,,,,,,,x,,,,Sandy Petersen's Cthulhu Mythos,301,,,,,,,,,,,
Mist Hulk,Large,Elemental,,Chaotic Neutral,6,,,,,,,,,,,,,,,,,,,,Bigby Presents: Glory of the Giants,160,,,Dhole Adult,Gargantuan,Monstrosity,,Unaligned,25,,,x,x,,,,,,,,,,,,x,,,,Sandy Petersen's Cthulhu Mythos,302,,,,,,,,,,,
Mister Light,Medium,Humanoid,"Elf, Shadar-kai",Chaotic Good,3,,x,,,x,,,,,,,,,,,,,,x,The Wild Beyond The Witchlight,26,,,Dimensional Shambler,Large,Fiend,,Neutral Evil,10,,,,,,,,,,,,,,,,,,,x,Sandy Petersen's Cthulhu Mythos,305,,,,,,,,,,,
Mister Witch,Medium,Humanoid,"Elf, Shadar-kai",Chaotic Good,3,,x,,,x,,,,,,,,,,,,,,x,The Wild Beyond The Witchlight,25,,,Elder Thing,Medium,Aberration,,Lawful Neutral,9,,x,,,,,,x,x,,,,,,,x,x,,x,Sandy Petersen's Cthulhu Mythos,307,,,,,,,,,,,
Mistress of Midnight Teeth,Small,Fey,,Neutral Evil,15,,,x,x,x,,,,,,x,,,,,,,x,x,Tome of Beasts 2,147,,,Eremite,Large,Aberration,,Chaotic Evil,13,,x,x,,,,,,,,,,,,,,,,x,Sandy Petersen's Cthulhu Mythos,309,,,,,,,,,,,
Mite,Small,Fey,,Lawful Neutral,1/8,,x,,,,,,,,,,,,,,x,,,,Fifth Edition Foes,171,,,Dracoform Eremite Symbiont,Large,Aberration,,Chaotic Evil,12,,,,,,,,,,,,,,,,,,,x,Sandy Petersen's Cthulhu Mythos,310,,,,,,,,,,,
Mite,Small,Fey,,Lawful Evil,1/4,,,,,,,,,,,,,,,,,,,x,Mordenkainen's Fiendish Folio vol. 1,14,,,Eremite Symbiont,Large,Aberration,,Chaotic Evil,7,,,,,,,,,,,,,,,,,,,x,Sandy Petersen's Cthulhu Mythos,310,,,,,,,,,,,
Mithril Guard,Medium,Humanoid,Human,Unaligned,7,,,,,,,,,,,,,,,,,,ø,,Monster a Day Compendium 2.0,94,,,Dracoform-Bound Eremite,Large,Aberration,,Chaotic Evil,19,,x,x,,,,,,,,,,,,,,,,,Sandy Petersen's Cthulhu Mythos,311,,,,,,,,,,,
Mngwa,Medium,Aberration,,Neutral Evil,4,,,,,,,,,,,,,ø,ø,,,,,,Tome of Beasts,293,,,Eye of the Watcher,Large,Construct,,Chaotic Evil,18,,,,,,,,,,,,,,,,,,,x,Sandy Petersen's Cthulhu Mythos,313,,,,,,,,,,,
Moderate Malleable,Large,Aberration,,Chaotic Evil,5,,,,,,,,x,x,x,x,x,x,x,x,x,x,x,,Tome of Beasts 2,253,,,Favored One of Nyarlathotep,Medium,Undead,,Chaotic Evil,2,,,,,,,,,,,,,,,,,,,x,Sandy Petersen's Cthulhu Mythos,314,,,,,,,,,,,
Moghadam,Medium,Humanoid,Human,Neutral Evil,12,,x,,,x,,,,,,,,,,,,,,,Infernal Machine Rebuild,55,,,Fire Vampire,Large,Ooze,,Chaotic Evil,7,,,,,,,,,,,,,,,,,,,x,Sandy Petersen's Cthulhu Mythos,316,,,,,,,,,,,
Mold Zombie,Medium,Undead,,Chaotic Evil,3,,,,,,,,,,,,,,,x,,,,,Creature Codex,395,,,Flying Polyp Body,Huge,Aberration,,Chaotic Evil,10,,x,,,,,,,,,,,,,,x,,,,Sandy Petersen's Cthulhu Mythos,318,,,,,,,,,,,
Molliver,Medium,Humanoid,Human,Chaotic Good,3,,,,,x,,,,,,,,,,,,,,,The Wild Beyond The Witchlight,226,,,Formless Spawn,Large,Ooze,,Chaotic Evil,6,,,,,,,,,,,,,,,,x,,,,Sandy Petersen's Cthulhu Mythos,321,,,,,,,,,,,
Moloch,Large,Fiend,devil,Lawful Evil,21,,x,x,,x,,,,,,,,,,,,,,ø,Mordenkainen Presents: Monsters of the Multiverse,183,,,Mythos Ghast,Medium,Monstrosity,,Chaotic Evil,2,,,,,,,,,,,,,,ø,,x,,x,x,Sandy Petersen's Cthulhu Mythos,323,,,,,,,,,,,
Moloch,Large,Fiend,"Devil, Archdevil",Lawful Neutral,21,,x,x,,x,,,,,,,,,,,,,,ø,Mordenkainen's Tome of Foes,177,,,Crypt Lurker,Medium,Monstrosity,,Chaotic Evil,3,,,,,,,,,,,,,,ø,,x,,x,x,Sandy Petersen's Cthulhu Mythos,325,,,,,,,,,,,
Molydeus,Huge,Fiend,Demon,Chaotic Evil,21,,x,x,,,,,,,,,,,,,,,,ø,Mordenkainen's Tome of Foes,134,,,Mythos Ghoul,Medium,Monstrosity,,Chaotic Neutral,1/4,,,,,,,,,,,,,,ø,,x,,x,x,Sandy Petersen's Cthulhu Mythos,325,,,,,,,,,,,
Molydues,Huge,Fiend,demon,Chaotic Evil,21,,x,x,,,,,,,,,,,,,,,,ø,Mordenkainen Presents: Monsters of the Multiverse,184,,,Charnel Whisperer,Medium,Monstrosity,,Chaotic Evil,5,,x,,,,,,,,,,,,ø,,x,,x,x,Sandy Petersen's Cthulhu Mythos,326,,,,,,,,,,,
Monarch Skeleton,Medium,Undead,,Neutral Evil,9,,,,,,,,x,x,x,x,x,x,x,x,x,x,x,x,Creature Codex,341,,,Grave Sage,Medium,Monstrosity,,Chaotic Evil,11,,x,,,,,,,,,,,,ø,,x,,x,x,Sandy Petersen's Cthulhu Mythos,327,,,,,,,,,,,
Monastic High Curator,Small or Medium,Humanoid,"Monk, Wizard",Any,10,,x,,,,,,,,,,,,,,,,,,Critical Role: Call of the Netherdeep,201,,,Gnoph-Keh,Large,Monstrosity,,Neutral Evil,11,,,,,,,,x,,,,,,,,,,,,Sandy Petersen's Cthulhu Mythos,329,,,,,,,,,,,
Monastic Infiltrator,Small or Medium,Humanoid,Monk,Any,6,,x,,,,,,,,,,,,,,,,,,Critical Role: Call of the Netherdeep,202,,,Gnorri Hunter,Large,Monstrosity,,Neutral,1/2,,,,,,,,,x,,,,,,,,x,,,Sandy Petersen's Cthulhu Mythos,330,,,,,,,,,,,
Monastic Operative,Small or Medium,Humanoid,Monk,Any,5,,,,,,,,,,,,,,,,,,,,Critical Role: Call of the Netherdeep,202,,,Gug,Large,Giant,,Chaotic Evil,8,,x,,,,,,,,,,,,ø,,x,,,x,Sandy Petersen's Cthulhu Mythos,332,,,,,,,,,,,
Mongrelfolk,Medium,Humanoid,Mongrelfolk,Any,1/4,,,,,,,,,,,ø,,ø,ø,ø,ø,,,,Curse of Strahd,234,,,Hound of Tindalos,Large,Fiend,,Neutral Evil,6,,x,,,,,,,,,,,,,,,,,,Sandy Petersen's Cthulhu Mythos,334,,,,,,,,,,,
Monkey King,Medium,Celestial,,Chaotic Good,21,,,x,,,,,,,,x,x,,,,,,x,,Creature Codex,337,,,Hunting Horror,Huge,Aberration,,Chaotic Evil,14,,x,,,,,,,,,,,,,,,,,x,Sandy Petersen's Cthulhu Mythos,337,,,,,,,,,,,
Monodrone,Medium,Construct,Modron,Lawful Neutral,1/8,,,,,,,,,,,,,,,,,,,ø,Monster Manual,224,,,Leng Folk Thief,Medium,Humanoid,human,Chaotic Evil,1/4,,,,,,,,,x,,,,,ø,,,x,,x,Sandy Petersen's Cthulhu Mythos,339,,,,,,,,,,,
Monolith Champion,Large,Construct,,Unaligned,8,,,,,,,,ø,,,,,,ø,,,,ø,,Tome of Beasts,294,,,Leng Necromancer,Medium,Humanoid,human,Chaotic Evil,6,,x,,,,,,,x,,,,,ø,,,x,,x,Sandy Petersen's Cthulhu Mythos,339,,,,,,,,,,,
Monolith Footman,Large,Construct,,Unaligned,3,,,,,,,,ø,,,,,,ø,,,,ø,,Tome of Beasts,295,,,Leng Spider,Large,Monstrosity,,Lawful Evil,6,,,,,,,,,,,,,,ø,,,,,x,Sandy Petersen's Cthulhu Mythos,342,,,,,,,,,,,
Monstrous Crayfish,Large,Beast,Aquatic,Unaligned,2,,,,,,,,,x,,,,,,x,,x,,,Fifth Edition Foes,70,,,Old Leng Spider,Huge,Monstrosity,,Lawful Evil,9,,,,,,,,,,,,,,,,,,,,Sandy Petersen's Cthulhu Mythos,343,,,,,,,,,,,
Monstrous Peryton,Large,Monstrosity,,Chaotic Evil,11,,,x,,,,,,x,,,,x,x,,,,,,Ghosts of Saltmarsh,245,,,Mi-Go Scout,Medium,Plant,,Neutral Evil,5,,,,,,,,,,,,,,,,,,,x,Sandy Petersen's Cthulhu Mythos,345,,,,,,,,,,,
Montaron and the Laughing Skull,Small,Humanoid,Halfling,Neutral Evil,11,,,,,x,,,,,,,,,,,,,ø,,Minsc and Boo's Journal of Villainy,86,,,Mi-Go Warrior,Large,Plant,,Neutral Evil,8,,,,,,,,,,,,,,,,,,,x,Sandy Petersen's Cthulhu Mythos,345,,,,,,,,,,,
Moon Drake,Medium,Dragon,,Neutral,5,,,,,,,,,,,x,,,,,,,,,Creature Codex,129,,,Mi-Go Dimension Walker,Medium,Plant,,Neutral Evil,14,,x,,,,,,,,,,,,,,,,,x,Sandy Petersen's Cthulhu Mythos,346,,,,,,,,,,,
Moon Nymph,Medium,Aberration,,Chaotic Neural,8,,,,,,,,,,,,x,,,,,,x,,Creature Codex,269,,,Moon-Beast ,Medium,Aberration,,Chaotic Evil,1,,x,,,,,,,,,,,,ø,,,,,x,Sandy Petersen's Cthulhu Mythos,348,,,,,,,,,,,
Moon Priestess,Large,Monstrosity,,Chaotic Evil,7,,x,,,,,,,,,,,,,,x,,,,Creature Codex,267,,,Moon-Priest of Nyarlathotep,Medium,Aberration,,Chaotic Evil,7,,x,,,,,,,,,,,,ø,,,,,x,Sandy Petersen's Cthulhu Mythos,348,,,,,,,,,,,
Moon-Beast ,Medium,Aberration,,Chaotic Evil,1,,x,,,,,,,,,,,,ø,,,,,x,Sandy Petersen's Cthulhu Mythos,348,,,Moon-Vassal of Nyarlathotep,Medium,Aberration,,Chaotic Evil,11,,x,,,,,,,,,,,,ø,,,,,x,Sandy Petersen's Cthulhu Mythos,349,,,,,,,,,,,
Moon-Priest of Nyarlathotep,Medium,Aberration,,Chaotic Evil,7,,x,,,,,,,,,,,,ø,,,,,x,Sandy Petersen's Cthulhu Mythos,348,,,Nightgaunt,Medium,Monstrosity,,Chaotic Neutral,2,,,,,,,,,,,,,,ø,,,,,x,Sandy Petersen's Cthulhu Mythos,350,,,,,,,,,,,
Moon-Vassal of Nyarlathotep,Medium,Aberration,,Chaotic Evil,11,,x,,,,,,,,,,,,ø,,,,,x,Sandy Petersen's Cthulhu Mythos,349,,,Outer Mutant Scout,Medium,Humanoid,Any race,Neutral Evil,1,,,,,,,x,x,,,,,x,,,,,x,,Sandy Petersen's Cthulhu Mythos,352,,,,,,,,,,,
Moonchild Naga,Large,Monstrosity,,Neutral Evil,6,,x,,,,,,x,x,x,x,x,x,x,x,x,x,x,x,Creature Codex,273,,,Outer Mutant Priest of Yog-Sothoth,Medium,Humanoid,Any race,Chaotic Neutral,3,,x,,,,,,x,,,,,x,,,,,x,,Sandy Petersen's Cthulhu Mythos,353,,,,,,,,,,,
Moonkite,Large,Celestial,,Lawful Good,5,,,,,,,,,,,,,,,,,,,x,Tome of Beasts 2,260,,,Thrall of Yog-Sothoth,Medium,Humanoid,Any race,Chaotic Neutral,12,,x,,,,,,x,,,,,x,,,,,x,,Sandy Petersen's Cthulhu Mythos,353,,,,,,,,,,,
Moonlight Guardian,Medium,Construct,,Unaligned,6,,,,,,,,,,,,,,,,,,,,Vecna: Eve of Ruin,227,,,Outer Abomination,Large,Aberration,,Chaotic Evil,10,,x,,,,,,x,,,,,x,,,,,x,,Sandy Petersen's Cthulhu Mythos,354,,,,,,,,,,,
Moonstone Dragon Wyrmling,Medium,Dragon,,Neutral,2,,,,,,,,,,,ø,ø,,ø,,,,,ø,Fizban's Treasury of Dragons,213,,,Outer Spawn,Huge,Aberration,,Chaotic Evil,15,,x,x,,,,,x,,,,,x,,,,,x,,Sandy Petersen's Cthulhu Mythos,356,,,,,,,,,,,
Moorbounder,Large,Beast,,Unaligned,1,,,,,,,,,,,,,x,,x,,,,,Explorer's Guide to Wildemount,295,,,Re-Animated Laborer,Medium,Construct,,Unaligned,1/2,,,,,,,,,,,,,,,,x,,,,Sandy Petersen's Cthulhu Mythos,359,,,,,,,,,,,
Mordain the Fleshweaver,Medium,Aberration,,Neutral Evil,18,,x,x,x,x,,,,,,,,,,,,,,,DM's Guild: Chronicles of Eberron,169,,,Re-Animated Guard,Medium,Construct,,Unaligned,2,,,,,,,,,,,,,,,,x,,,,Sandy Petersen's Cthulhu Mythos,360,,,,,,,,,,,
Mordakhesh,Medium,Fiend,,Lawful Evil,15,,x,x,,x,,,,,,,,,,,,,,ø,Eberron: Rising from the Last War,301,,,Re-Animated Soldier,Medium,Construct,,Unaligned,4,,,,,,,,,,,,,,,,x,,,,Sandy Petersen's Cthulhu Mythos,360,,,,,,,,,,,
Mordant Snare,Gargantuan,Aberration,,Chaotic Evil,15,,,,,,,,,,,,,,,,,,,,Tome of Beasts,296,,,Mythos Satyr,Medium,Aberration,,Neutral Evil,1/2,,x,,,,,,,,,,,x,,,,,,,Sandy Petersen's Cthulhu Mythos,361,,,,,,,,,,,
Môrgæn,Medium,Humanoid,Elf,Chaotic Neutral,4,,x,,,x,,,,,,,,,,,,,ø,,Acquisitions Incorporated,199,,,High Priest of Shub-Niggurath,Medium,Aberration,,Chaotic Evil,13,,x,,,,,,,,,,,x,,,,,,,Sandy Petersen's Cthulhu Mythos,362,,,,,,,,,,,
Morko,Small,Fey,,Chaotic Evil,1/4,,,,,,,,,,,,x,,,,,,,,Creature Codex,270,,,Serpentfolk,Medium,Monstrosity,shapechanger,Neutral Evil,3,,x,,,,,,,,,,,,,,x,,x,,Sandy Petersen's Cthulhu Mythos,365,,,,,,,,,,,
Morkoth,Large,Aberration,,Chaotic Evil,11,,x,,x,,,,,x,,,,,,,,x,,,Mordenkainen Presents: Monsters of the Multiverse,186,,,Serpentfolk Alchemist,Medium,Monstrosity,shapechanger,Neutral Evil,9,,x,,,,,,,,,,,,,,x,,x,,Sandy Petersen's Cthulhu Mythos,365,,,,,,,,,,,
Morkoth,Medium,Aberration,,Chaotic Evil,11,,x,,x,,,,,x,,,,,,,,x,,,Volo's Guide to Monsters,178,,,Servitor of the Outer Gods,Medium,Aberration,,Chaotic Evil,3,,,,,,,,,,,,,,ø,,,,,x,Sandy Petersen's Cthulhu Mythos,367,,,,,,,,,,,
Mormesk The Wraith,Medium,Undead,,Neutral Evil,3,,,,,x,,,,,,,,,,,,,,,Lost Mines of Phandelver,59,,,Shantak,Huge,Monstrosity,,Chaotic Evil,5,,,,,,,,,,,,,,ø,,,,,x,Sandy Petersen's Cthulhu Mythos,368,,,,,,,,,,,
Morphlit,Small,Aberration,,Chaotic Evil,2,,,,,,,,ø,ø,ø,ø,ø,ø,ø,ø,ø,ø,,,Monster a Day Compendium 2.0,131,,,Shoggoth,Huge,Ooze,,Chaotic Evil,16,,,,,,,,x,x,,,,,,,x,x,,,Sandy Petersen's Cthulhu Mythos,371,,,,,,,,,,,
Morphoi,Medium,Plant,,Chaotic Evil,1/2,,,,,,,,,ø,,,,,,,,ø,,,Tome of Beasts,297,,,Proto-Shoggoth,Medium,Ooze,,Chaotic Evil,9,,,,,,,,x,x,,,,,,,x,x,x,,Sandy Petersen's Cthulhu Mythos,372,,,,,,,,,,,
Morte,Tiny,Undead,,Chaotic Good,1/4,,,,,,,,,,,,,,,,,,,x,Turn of Fortune's Wheel,10,,,Daughter of Sub-Niggurath,Huge,Aberration,,Chaotic Evil,19,,x,x,x,,,,,,,,,x,,,,,,,Sandy Petersen's Cthulhu Mythos,376,,,,,,,,,,,
Morvudd,Large,Fiend,Demon,Unaligned,7,,,,,,,,,,,,,,,,,,,ø,Monster a Day Compendium 2.0,132,,,Immature Slime Mold,Small,Ooze,,Unaligned,1/4,,,,,,,,,,,,,,,,,,,x,Sandy Petersen's Cthulhu Mythos,378,,,,,,,,,,,
Moss Lurker,Small,Humanoid,,Chaotic Neutral,1,,,,,,,,,,,ø,,ø,,ø,,,,,Tome of Beasts,298,,,Slime Mold,Large,Ooze,,Unaligned,8,,,,,,,,,,,,,,,,,,,x,Sandy Petersen's Cthulhu Mythos,378,,,,,,,,,,,
Mother Hydra,Huge,Monstrosity,Deep One,Chaotic Evil,24,,,x,,x,,,,,,,,,,,,ø,,ø,Monster a Day Compendium 2.0,133,,,Star Vampire,Large,Aberration,,Chaotic Evil,8,,,,,,,,,,,,,,,,,,,x,Sandy Petersen's Cthulhu Mythos,379,,,,,,,,,,,
Mother Hydra,Huge,Aberration,deep one,Chaotic Evil,17,,x,x,,,,,,,,,,,,,,,,,Sandy Petersen's Cthulhu Mythos,227,,,Larval Starspawn,Large,Aberration,,Chaotic Evil,12,,x,,,,,,,x,,,,,,,,x,,x,Sandy Petersen's Cthulhu Mythos,381,,,,,,,,,,,
Mountain Dryad,Huge,Fey,,Neutral,11,,,,,,,,,,,,,x,x,,,,,,Tome of Beasts 2,130,,,Starspawn,Huge,Aberration,,Chaotic Evil,21,,x,x,,,,,,x,,,,,ø,,,x,,x,Sandy Petersen's Cthulhu Mythos,382,,,,,,,,,,,
Mountain Giant,Gargantuan,Giant,,Neutral Evil,21,,,x,x,,,,,,,,,,x,,,,,,Creature Codex,185,,,Okkator Assassin,Medium,Humanoid,human,Chaotic Evil,4,,,,,,,,,,,,,x,,,,,x,,Sandy Petersen's Cthulhu Mythos,384,,,,,,,,,,,
Mountain Goat,Medium,Beast,,Unaligned,1/8,,,,,,,,ø,,,,,,ø,,,,,,Icewind Dale: Rime of the Frostmaiden,304,,,Masked Okkator,Medium,Humanoid,human,Neutral Evil,6,,,,,,,,,,,,,x,,,,,,,Sandy Petersen's Cthulhu Mythos,385,,,,,,,,,,,
Mountain Nymph,Medium,Fey,,Chaotic Neutral,6,,x,,,,,,,,,,,,x,,,,,,Tome of Beasts 2,272,,,Tho-Tcho,Medium,Humanoid,human,Chaotic Evil,1/4,,,,,,,,,,,,,x,,,,,,,Sandy Petersen's Cthulhu Mythos,385,,,,,,,,,,,
Mountain Strider,Large,Monstrosity,,Chaotic Neutral,1,,,,,,,,,,,,,,x,,,,,,Tome of Beasts 2,261,,,Un-Man,Medium,Ooze,,Any,1,,,,,,,,,,,,,,,,x,,,,Sandy Petersen's Cthulhu Mythos,387,,,,,,,,,,,
Mouse King,Small,Fey,"Animal Lord, Shapechanger",Neutral,11,,x,x,x,x,,,,,,,,,,,,,x,,Creature Codex,28,,,Deathless Wizard,Medium,Undead,,Chaotic Evil,8,,x,,,,,,,,,,,,,,x,,x,,Sandy Petersen's Cthulhu Mythos,389,,,,,,,,,,,
Mouth of Grolantor,Huge,Giant,hill giant,Chaotic Evil,6,,,,,,,,,,,,x,x,,,,,,,Mordenkainen Presents: Monsters of the Multiverse,187,Volo's Guide to Monsters 149,,Yellow Sign Attendant,Medium,Undead,,Chaotic Evil,4,,x,,,,,x,,,,,,,,,x,,x,,Sandy Petersen's Cthulhu Mythos,389,,,,,,,,,,,
Mr. Dory,Medium,Aberration,,Chaotic Evil,10,,x,,,x,,,,,,,,,,,,,,,Ghosts of Saltmarsh,246,,,Risen Warlock,Medium,Undead,,Chaotic Evil,14,,x,,,,,,,,,,,,,,x,,x,,Sandy Petersen's Cthulhu Mythos,390,,,,,,,,,,,
Mud Golem,Small,Construct,,Unaligned,1,,,,,,,,x,x,x,x,x,x,x,x,x,x,x,x,Creature Codex,201,,,Voonith,Large,Beast,,Unaligned,1,,,,,,,,,,,,,,ø,,,,,x,Sandy Petersen's Cthulhu Mythos,391,,,,,,,,,,,
Mud Hulk,Large,Elemental,,Chaotic Evil,3,,,,,,,,,,,,,,,,,,,,Bigby Presents: Glory of the Giants,161,,,Wamp,Medium,Monstrosity,,Unaligned,1/2,,,,,,,,,,,,,,ø,,,,,x,Sandy Petersen's Cthulhu Mythos,393,,,,,,,,,,,
Mud Mephit,Small,Elemental,,Neutral Evil,1/4,,,,,,,,,,,,,,,x,,,,,Monster Manual,216,,,Ravenous Wendigo,Large,Monstrosity,,Chaotic Evil,2,,,,,,,,x,,,,,,,,,,,,Sandy Petersen's Cthulhu Mythos,394,,,,,,,,,,,
Muiral,Large,Monstrosity,,Chaotic Evil,13,,x,x,,,,,,,,,,,,,ø,,,,Waterdeep: Dungeon of the Mad Mage,314,,,Windwalker Wendigo,Huge,Aberration,,Chaotic Evil,16,,x,x,,,,,x,,,,,,,,,,,x,Sandy Petersen's Cthulhu Mythos,396,,,,,,,,,,,
Mule,Medium,Beast,,Unaligned,1/8,,,,,,,,,,x,,,x,,,,,x,,Monster Manual,333,Player's Handbook 307,,Past Yithian,Large,Aberration,,Lawful Neutral,11,,x,,,,,,,,,,,,,,,,,,Sandy Petersen's Cthulhu Mythos,398,,,,,,,,,,,
Mummy,Medium,Undead,Mummy,Lawful Neutral,3,,,,,,,,,,x,,,,,,,,,,Monster Manual,228,Rise of Tiamat Online Supplement 20,,Future Yithian,Large,Aberration,swarm,Lawful Neutral,12,,x,,,,,,,,,,,,,,,,,,Sandy Petersen's Cthulhu Mythos,399,,,,,,,,,,,
Mummy Lord,Medium,Undead,Mummy,Lawful Neutral,15,,x,x,,,,,,,x,,,,,,,,,,Monster Manual,229,Rise of Tiamat Online Supplement 20,,Yothan Designer,Large,Dragon,,Lawful Evil,4,,,,,,,,,,,,,,,,x,,,,Sandy Petersen's Cthulhu Mythos,401,,,,,,,,,,,
Mummy Lord (in lair),Medium,Undead,Mummy,Lawful Neutral,16,,x,x,x,,,,,,x,,,,,,,,,,Monster Manual,229,,,Yothan Warrior,Large,Dragon,,Lawful Evil,6,,,,,,,,,,,,,,,,x,,,,Sandy Petersen's Cthulhu Mythos,401,,,,,,,,,,,
Mummy of the Deep,Medium,Undead,Aquatic,Neutral Evil,2,,,,,,,,,x,,,,,,x,x,,,,Fifth Edition Foes,173,,,Draconic Amalgam,Gargantuan,Dragon,,Unaligned,12,,,,,,,,,,,,,,,,x,,,,Sandy Petersen's Cthulhu Mythos,402,,,,,,,,,,,
Mummy Warrior,Medium,Undead,,Lawful Neutral,6,,,,,,,,,,ø,,,,,,,,ø,,Monster a Day Compendium 2.0,134,,,Yothan Commaner,Large,Dragon,,Lawful Evil,13,,,,,,,,,,,,,,,,x,,,,Sandy Petersen's Cthulhu Mythos,402,,,,,,,,,,,
Murder Comet,Medium,Elemental,,Neutral Evil,5,,,,,,,,,,,,,,,,,,,,Boo's Astral Menagerie,38,,,Zoog Grove Keeper,Small,Humanoid,zoog,Chaotic Neutral,4,,x,,,,,,,,,,,x,,,,,,,Sandy Petersen's Cthulhu Mythos,403,,,,,,,,,,,
Murder Crow,Medium,Undead,,Chaotic Evil,3,,,,,,,,,,,x,x,x,,,,,,,Fifth Edition Foes,174,,,Zoog Trapper,Small,Humanoid,zoog,Chaotic Neutral,1/4,,,,,,,,,,,,,x,,,,,,,Sandy Petersen's Cthulhu Mythos,403,,,,,,,,,,,
Murgrik,Large,Aberration,,Chaotic Evil,9,,,,,,,,,,,,,,,x,,,,x,Tome of Beasts 2,263,,,Blessed Berserker,Medium,Humanoid,Any race,Any Chaotic or Evil,3,,,,,,,,x,,,,,x,,,,,,,Sandy Petersen's Cthulhu Mythos,404,,,,,,,,,,,
Mustard Jelly,Large,Ooze,,Unaligned,5,,,,,,,,,,,,,,,x,,,,,Fifth Edition Foes,151,,,Cult Killer,Medium,Humanoid,Any race,Any Evil,4,,,,,,,,,,,,,x,,,,,x,,Sandy Petersen's Cthulhu Mythos,404,,,,,,,,,,,
Musteval Guardinal,Small,Celestial,,Neutral Good,2,,x,,,,,,,,,,,,,,,,,x,Morte's Planar Parade,33,,,Cult Mastermind,Medium,Humanoid,Any race,Any Chaotic or Evil,12,,x,,,,,,,,,,,,,,,,x,,Sandy Petersen's Cthulhu Mythos,405,,,,,,,,,,,
Mutant Troll,Large,Giant,,Chaotic Evil,6,,,,,,,,,,,,,,,ø,ø,,,,Monster a Day Compendium 2.0,207,,,Obsessed Artist,Medium,Humanoid,Any race,Any Chaotic or Evil,2,,x,,,,,,,x,,,,,ø,,,x,x,x,Sandy Petersen's Cthulhu Mythos,406,,,,,,,,,,,
Mutant Troll,Large,Giant,,Chaotic Evil,7,,,,,,,,,,,,,,,ø,ø,,,,Monster a Day Compendium 2.0,207,,,Urbane Magician,Medium,Humanoid,Any race,Any Chaotic or Evil,3,,x,,,,,,,,,,,,,,,,x,,Sandy Petersen's Cthulhu Mythos,406,,,,,,,,,,,
Mwaxanaré,Medium,Humanoid,Human,Lawful Neutral,1/8,,x,,,x,,,,,,,,,,,,,,,Tomb of Annihilation,228,,,Witch of the Woods,Medium,Humanoid,Any race,Any Chaotic or Evil,7,,x,,,,,,x,,,,,x,,,,,,,Sandy Petersen's Cthulhu Mythos,407,,,,,,,,,,,
Myconid Adult,Medium,Plant,Myconid,Lawful Neutral,1/2,,,,,,,,,,,,,,,,x,,,,Monster Manual,232,,,Hulking Crab,Huge,Beast,,Unaligned,5,,,,,,,,,ø,,,,,,,,ø,,,Storm King's Thunder,240,,,,,,,,,,,
Myconid Sovereign,Large,Plant,Myconid,Lawful Neutral,2,,,,,,,,,,,,,,,,x,,,,Monster Manual,232,Infernal Machine Rebuild 74,,Iymrith The Dragon,Gargantuan,Dragon,,Lawful Neutral,23,,x,x,,x,,,,,,,,,,,,,,,Storm King's Thunder,241,,,,,,,,,,,
Myconid Sprout,Small,Plant,Myconid,Lawful Neutral,0,,,,,,,,,,,,,,,,x,,,,Monster Manual,230,,,Maegera The Dawn Titan,Gargantuan,Elemental,,Chaotic Neutral,23,,x,x,,x,,,,,,,,,,,,,,,Storm King's Thunder,241,,,,,,,,,,,
Mydnari,Medium,Humanoid,,Neutral Evil,1/2,,,,,,,,,,,,,,,,x,,,,Tome of Beasts 2,264,,,Purple Wormling,Large,Monstrosity,,Unaligned,2,,,,,,,,,,,,,,,,,,,,Storm King's Thunder,242,,,,,,,,,,,
Myling,Small,Undead,,Chaotic Evil,2,,,,,,,,ø,,,,,,,,ø,,,,Tome of Beasts,301,,,Uthgardt Shaman,Medium,Humanoid,Human,Neutral Evil,2,,x,,,,,,,,,,,,,,,,,,Storm King's Thunder,243,,,,,,,,,,,
Myr,Small,Construct,Myr,Neutral,1/4,,,,,,,,,,,,,,,,,,ø,,Monster a Day Compendium 2.0,135,,,Yakfolk Warrior,Large,Monstrosity,,Neutral Evil,3,,,,,,,,,,,,,,,,,,,,Storm King's Thunder,244,,,,,,,,,,,
Myr Battlesphere,Huge,Construct,Myr,Neutral,5,,,,,,,,,,,,,,ø,,,,ø,,Monster a Day Compendium 2.0,136,,,Yakfolk Priest,Large,Monstrosity,,Neutral Evil,4,,x,,,,,,,,,,,,,,,,,,Storm King's Thunder,245,,,,,,,,,,,
Mytholabe,Large,Construct,,Unaligned,9,,x,,,,,,x,x,x,x,x,x,x,x,x,x,x,x,Creature Codex,271,,,Archaic,Gargantuan,Celestial,,Neutral,18,,x,x,,,,,,,,,,,,,,,,,Strixhaven: A Cirriculum of Chaos,184,,,,,,,,,,,
Mythos Ghast,Medium,Monstrosity,,Chaotic Evil,2,,,,,,,,,,,,,,ø,,x,,x,x,Sandy Petersen's Cthulhu Mythos,323,,,Art Elemental Mascot,Small,Elemental,,Neutral,1/4,,,,,,,,,,,,,,,,,,ø,,Strixhaven: A Cirriculum of Chaos,185,,,,,,,,,,,
Mythos Ghoul,Medium,Monstrosity,,Chaotic Neutral,1/4,,,,,,,,,,,,,,ø,,x,,x,x,Sandy Petersen's Cthulhu Mythos,325,,,Beledros Witherbloom,Gargantuan,Dragon,Druid,Neutral Good,24,,x,x,,x,,,,,,,,,,,,,,,Strixhaven: A Cirriculum of Chaos,186,,,,,,,,,,,
Mythos Satyr,Medium,Aberration,,Neutral Evil,1/2,,x,,,,,,,,,,,x,,,,,,,Sandy Petersen's Cthulhu Mythos,361,,,Brackish Trudge,Large,Plant,,Unaligned,3,,,,,,,,,,,,,,,x,,,,,Strixhaven: A Cirriculum of Chaos,187,,,,,,,,,,,
Nabassu,Medium,Fiend,demon,Chaotic Evil,15,,,,,,,,,,,,,,,x,x,,x,,Mordenkainen Presents: Monsters of the Multiverse,188,,,Cogwork Archivist,Large,Construct,,Lawful Neutral,4,,x,,,,,,,,,,,,,,,,ø,,Strixhaven: A Cirriculum of Chaos,188,,,,,,,,,,,
Nabassu,Medium,Fiend,Demon,Chaotic Evil,15,,,,,,,,,,,,,,,x,x,,x,ø,Mordenkainen's Tome of Foes,135,,,Daemogoth,Huge,Fiend,,Lawful Evil,10,,,,,,,,,,,,,,,,,,,ø,Strixhaven: A Cirriculum of Chaos,189,,,,,,,,,,,
Nachzehrer,Medium,Undead,,Chaotic Evil,8,,,,,,,,x,x,x,x,x,x,x,x,x,x,x,x,Creature Codex,272,,,Daemogoth Titant,Gargantuan,Fiend,,Chaotic Evil,16,,,x,,,,,,,,,,,,,,,,ø,Strixhaven: A Cirriculum of Chaos,190,,,,,,,,,,,
Naergoth Bladelord,Medium,Undead,,Neutral Evil,11,,,,,,,,,,,,,,,,,,,,Rise of Tiamat,90,,,First-Year Student,Medium,Humanoid,Wizard,Any,1/2,,x,,,,,,,,,,,,,,,,ø,,Strixhaven: A Cirriculum of Chaos,191,,,,,,,,,,,
Naes Inuus,Medium,Humanoid,Human,Lawful Good,13,,x,,,x,,,,,,,,,,,,,x,,Minsc and Boo's Journal of Villainy,42,,,First-Year Student,Small,Humanoid,Wizard,Any,1/2,,x,,,,,,,,,,,,,,,,ø,,Strixhaven: A Cirriculum of Chaos,191,,,,,,,,,,,
Nafas,Large,Elemental,,Chaotic Good,23,,x,x,x,x,,,,,,,,,,,,,,,Quests from the Infinite Staircase,210,,,Fractal Mascot,Small,Construct,,Neutral,1/4,,,,,,,,,,,,,,,,,,,,Strixhaven: A Cirriculum of Chaos,192,,,,,,,,,,,
Nafik,Medium,Undead,,Lawful Evil,6,,x,x,,x,,,,,,,,,,,,,,,Quests from the Infinite Staircase,212,,,Galazeth Prismari,Gargantuan,Dragon,Sorcerer,Chaotic Neutral,23,,x,x,,x,,,,,,,,,,,,,,,Strixhaven: A Cirriculum of Chaos,193,,,,,,,,,,,
Nagpa,Medium,Monstrosity,wizard,Neutral Evil,17,,x,,,,,,,x,x,x,,,,x,x,,x,,Mordenkainen Presents: Monsters of the Multiverse,189,,,Groff,Large,Plant,,Unaligned,4,,,,,,,,,,,,,,,x,,,,,Strixhaven: A Cirriculum of Chaos,194,,,,,,,,,,,
Nagpa,Medium,Humanoid,Nagpa,Neutral Evil,17,,x,,,,,,,x,x,x,,,,x,x,,x,,Mordenkainen's Tome of Foes,215,,,Inkling Mascot,Tiny,Ooze,,Neutral,1/4,,,,,,,,,,,,,,,,,,ø,,Strixhaven: A Cirriculum of Chaos,195,,,,,,,,,,,
Naiad,Medium,Fey,,Chaotic Neutral,2,,x,,,,,,,x,,,,,,,,x,,,Mythic Odysseys of Theros,236,,,Lorehold Apprentice,Medium,Humanoid,Wizard,Any,2,,x,,,,,,,,,,,,,,,,ø,,Strixhaven: A Cirriculum of Chaos,197,,,,,,,,,,,
Naina,Large,Dragon,,Lawful Neutral,11,,x,,,,,,,,,ø,,,,,,,ø,,Tome of Beasts,302,,,Lorehold Apprentice,Small,Humanoid,Wizard,Any,2,,x,,,,,,,,,,,,,,,,ø,,Strixhaven: A Cirriculum of Chaos,197,,,,,,,,,,,
Naina (in Humanoid form),Medium,Fey,,Lawful Neutral,11,,x,,,,,,,,,,,,,,,,,,Tome of Beasts,302,,,Lorehold Pledgemage,Medium,Humanoid,Wizard,Any,4,,x,,,,,,,,,,,,,,,,ø,,Strixhaven: A Cirriculum of Chaos,197,,,,,,,,,,,
Naizu-Ha,Small,Fey,Kami,Neutral Evil,6,,,,,,,,,,,,,,,,,,x,,Tome of Beasts 2,223,,,Lorehold Pledgemage,Small,Humanoid,Wizard,Any,4,,x,,,,,,,,,,,,,,,,ø,,Strixhaven: A Cirriculum of Chaos,197,,,,,,,,,,,
Nalfeshnee,Large,Fiend,Demon,Chaotic Evil,13,,,,,,,,,,,,,,,,,,,ø,Monster Manual,62,,,Lorehold Professor of Chaos,Medium,Humanoid,Wizard,Any,7,,x,,,,,,,,,,,,,,,,ø,,Strixhaven: A Cirriculum of Chaos,198,,,,,,,,,,,
Nalusa Falaya,Medium,Aberration,,Neutral Evil,1/2,,,,,,,,,,,,x,,,,,,x,,Creature Codex,274,,,Lorehold Professor of Chaos,Small,Humanoid,Wizard,Any,7,,x,,,,,,,,,,,,,,,,ø,,Strixhaven: A Cirriculum of Chaos,198,,,,,,,,,,,
Narrak,Medium,Humanoid,Derro,Chaotic Evil,2,,x,,,x,,,,,,,,,,,,,,,Out of the Abyss,232,,,Lorehold Professor of Order,Medium,Humanoid,Wizard,Any,7,,x,,,,,,,,,,,,,,,,ø,,Strixhaven: A Cirriculum of Chaos,198,,,,,,,,,,,
Narshark,Large,Monstrosity,,Unaligned,1/2,,,,,,,,,,,,x,x,x,,,,,,Tome of Beasts 2,266,,,Lorehold Professor of Order,Small,Humanoid,Wizard,Any,7,,x,,,,,,,,,,,,,,,,ø,,Strixhaven: A Cirriculum of Chaos,198,,,,,,,,,,,
Narzugon,Medium,Fiend,devil,Lawful Evil,13,,,,,,,,,,,,,,,,,,,,Mordenkainen Presents: Monsters of the Multiverse,190,,,Mage Hunter,Large,Monstrosity,,Lawful Evil,5,,,,,,,,ø,ø,ø,ø,ø,ø,ø,ø,ø,,ø,,Strixhaven: A Cirriculum of Chaos,199,,,,,,,,,,,
Narzugon,Medium,Fiend,Devil,Lawful Neutral,13,,,,,,,,,,,,,,,,,,,ø,Mordenkainen's Tome of Foes,167,Baldur's Gate: Descent into Avernus 239,,Oracle of Strixhaven,Medium,Humanoid,"Human, Wizard",Neutral Good,15,,x,x,,x,,,,,,,,,,,,,,,Strixhaven: A Cirriculum of Chaos,200,,,,,,,,,,,
Nass Lantomir's Ghost,Medium,Undead,,Neutral Evil,6,,x,,,x,,,,,,,,,,,,,,,Icewind Dale: Rime of the Frostmaiden,272,,,Oriq Blood Mage,Medium,Humanoid,Warlock,Neutral Evil,9,,,,,,,,,,,,,,,,,,ø,,Strixhaven: A Cirriculum of Chaos,201,,,,,,,,,,,
Nauk,Medium,Humanoid,Half-orc,Lawful Evil,9,,,,,x,,,,,,,,,,,,,x,,Minsc and Boo's Journal of Villainy,54,,,Oriq Recruiter,Medium,Humanoid,Warlock,Lawful Evil,4,,x,,,,,,,,,,,,,,,,ø,,Strixhaven: A Cirriculum of Chaos,202,,,,,,,,,,,
Nechrichor,Medium,Undead,,Not Provided,7,,,,,,,,ø,ø,ø,ø,ø,ø,ø,ø,ø,,ø,,Van Richten's Guide to Ravenloft,238,,,Pest Mascot,Tiny,Monstrosity,,Unaligned,1/4,,,,,,,,,,,,,,,x,,,,,Strixhaven: A Cirriculum of Chaos,203,,,,,,,,,,,
Necromancer,Medium,Humanoid,Any Race,Any Evil,6,,x,,,,,,x,x,x,x,x,x,x,x,x,x,x,x,Creature Codex,404,,,Prismari Apprentice,Medium,Humanoid,Sorcerer,Any,2,,x,,,,,,,,,,,,,,,,ø,,Strixhaven: A Cirriculum of Chaos,205,,,,,,,,,,,
Necromancer,Medium,Humanoid,Any Race,Any,9,,x,,,,,,,,x,,,,,,,,x,,Volo's Guide to Monsters,217,Tales from the Yawning Portal 241,,Prismari Apprentice,Small,Humanoid,Sorcerer,Any,2,,x,,,,,,,,,,,,,,,,ø,,Strixhaven: A Cirriculum of Chaos,205,,,,,,,,,,,
Necromancer Wizard,Medium,Humanoid,,Any,9,,x,,,,,,,,x,,,,,,,,x,,Mordenkainen Presents: Monsters of the Multiverse,264,,,Prismari Pledgemage,Medium,Humanoid,Sorcerer,Any,4,,x,,,,,,,,,,,,,,,,ø,,Strixhaven: A Cirriculum of Chaos,205,,,,,,,,,,,
Necromite of Myrkul,Medium,Humanoid,Human,Neutral Evil,1/2,,,,,,,,,,,,,,,,,,x,ø,Baldur's Gate: Descent into Avernus,234,,,Prismari Pledgemage,Small,Humanoid,Sorcerer,Any,4,,x,,,,,,,,,,,,,,,,ø,,Strixhaven: A Cirriculum of Chaos,205,,,,,,,,,,,
Necrophage Ghast,Medium,Undead,,Chaotic Evil,4,,x,,,,,,,,,,,,,,x,,x,,Creature Codex,175,,,Prismari Prof. of Expression,Medium,Humanoid,Sorcerer,Any,7,,x,,,,,,,,,,,,,,,,ø,,Strixhaven: A Cirriculum of Chaos,206,,,,,,,,,,,
Necrotic Slime,Huge,Ooze,,Chaotic Evil,8,,,,,,,,,,,,,,,,x,,,,Dark Arts Player's Companion,45,,,Prismari Prof. of Expression,Small,Humanoid,Sorcerer,Any,7,,x,,,,,,,,,,,,,,,,ø,,Strixhaven: A Cirriculum of Chaos,206,,,,,,,,,,,
Necrotic Tick,Tiny,Beast,,Unaligned,1/4,,,,,,,,x,x,x,x,x,x,x,x,x,x,x,x,Creature Codex,275,,,Prismari Prof. of Perfection,Medium,Humanoid,Sorcerer,Any,7,,x,,,,,,,,,,,,,,,,ø,,Strixhaven: A Cirriculum of Chaos,206,,,,,,,,,,,
Needle Blight,Medium,Plant,,Neutral Evil,1/4,,,,,,,,,,,x,,,,,,,,,Monster Manual,32,,,Prismari Prof. of Perfection,Medium,Humanoid,Sorcerer,Any,7,,x,,,,,,,,,,,,,,,,ø,,Strixhaven: A Cirriculum of Chaos,206,,,,,,,,,,,
Needle Lord,Large,Plant,,Chaotic Evil,3,,,,,,,,,,,x,,,,,,,,x,Mordenkainen's Fiendish Folio vol. 1,16,,,Quandrix Apprentice,Medium,Humanoid,Sorcerer,Any,2,,x,,,,,,,,,,,,,,,,ø,,Strixhaven: A Cirriculum of Chaos,208,,,,,,,,,,,
Needle Spawn,Medium,Plant,,Chaotic Evil,1/2,,,,,,,,,,,x,,,,,,,,ø,Mordenkainen's Fiendish Folio vol. 1,16,,,Quandrix Apprentice,Small,Humanoid,Sorcerer,Any,2,,x,,,,,,,,,,,,,,,,ø,,Strixhaven: A Cirriculum of Chaos,208,,,,,,,,,,,
Neh-thalggu,Large,Aberration,,Chaotic Neutral,4,,x,,,,,,,,,,,,,,,,,,Boo's Astral Menagerie,39,,,Quandrix Pledgemage,Medium,Humanoid,Sorcerer,Any,4,,x,,,,,,,,,,,,,,,,ø,,Strixhaven: A Cirriculum of Chaos,208,,,,,,,,,,,
Neo-Otyugh,Huge,Aberration,,Neutral,7,,x,,,,,,,,,,,,,,,,,,Infernal Machine Rebuild,75,,,Quandrix Pledgemage,Small,Humanoid,Sorcerer,Any,4,,x,,,,,,,,,,,,,,,,ø,,Strixhaven: A Cirriculum of Chaos,208,,,,,,,,,,,
Neogi,Small,Aberration,,Lawful Evil,3,,,,,,,,,,,,,x,,,x,,,,Mordenkainen Presents: Monsters of the Multiverse,192,Volo's Guide to Monsters 180,,Quandrix Prof. of Substance,Medium,Humanoid,Sorcerer,Any,7,,x,,,,,,,,,,,,,,,,ø,,Strixhaven: A Cirriculum of Chaos,209,,,,,,,,,,,
Neogi Hatchling,Tiny,Aberration,,Lawful Evil,1/8,,,,,,,,,,,,,x,,,x,,,,Mordenkainen Presents: Monsters of the Multiverse,191,Volo's Guide to Monsters 179,,Quandrix Prof. of Substance,Small,Humanoid,Sorcerer,Any,7,,x,,,,,,,,,,,,,,,,ø,,Strixhaven: A Cirriculum of Chaos,209,,,,,,,,,,,
Neogi Hatchling Swarm,Medium,Aberration,Swarm,Lawful Evil,3,,,,,,,,,,,,,,,,,,,,Boo's Astral Menagerie,40,,,Quandrix Prof. of Theory,Medium,Humanoid,Sorcerer,Any,7,,x,,,,,,,,,,,,,,,,ø,,Strixhaven: A Cirriculum of Chaos,209,,,,,,,,,,,
Neogi Master,Medium,Aberration,warlock,Lawful Evil,4,,x,,,,,,,,,,,x,,,x,,,,Mordenkainen Presents: Monsters of the Multiverse,192,,,Quandrix Prof. of Theory,Small,Humanoid,Sorcerer,Any,7,,x,,,,,,,,,,,,,,,,ø,,Strixhaven: A Cirriculum of Chaos,209,,,,,,,,,,,
Neogi Master,Medium,Aberration,,Lawful Neutral,4,,x,,,,,,,,,,,x,,,x,,,,Volo's Guide to Monsters,180,,,Relic Sloth,Huge,Beast,,Unaligned,2,,,,,,,,,,,,,ø,ø,,,,,,Strixhaven: A Cirriculum of Chaos,210,,,,,,,,,,,
Neogi Pirate,Small,Aberration,,Lawful Evil,3,,,,,,,,,,,,,,,,,,,,Boo's Astral Menagerie,41,,,Ruin Grinder,Large,Construct,,Unaligned,5,,,,,,,,,,,,,ø,ø,,,,ø,,Strixhaven: A Cirriculum of Chaos,211,,,,,,,,,,,
Neogi Void Hunter,Medium,Aberration,Warlock,Lawful Evil,4,,x,,,,,,,,,,,,,,,,,,Boo's Astral Menagerie,41,,,Shadrix Silverquill,Gargantuan,Dragon,Bard,Neutral,22,,x,x,,x,,,,,,,,,,,,,,,Strixhaven: A Cirriculum of Chaos,212,,,,,,,,,,,
Neophron,Medium,Fiend,"Demon, Shapechanger",Chaotic Evil,8,,,,,,,,x,x,x,x,x,x,x,x,x,x,x,x,Creature Codex,86,,,Silverquill Apprentice,Medium,Humanoid,Sorcerer,Any,2,,x,,,,,,,,,,,,,,,,ø,,Strixhaven: A Cirriculum of Chaos,214,,,,,,,,,,,
Neothelid,Gargantuan,Aberration,,Chaotic Evil,13,,x,,,,,,,,,,,,,,x,,,,Mordenkainen Presents: Monsters of the Multiverse,193,"Volo's Guide to Monsters 181, Waterdeep: Dungeon of the Mad Mage 315",,Silverquill Apprentice,Small,Humanoid,Sorcerer,Any,2,,x,,,,,,,,,,,,,,,,ø,,Strixhaven: A Cirriculum of Chaos,214,,,,,,,,,,,
Nephirron Devil,Huge,Fiend,Devil,Lawful Evil,16,,x,,,,,,,,,,,,,,,,,x,Tome of Beasts 2,104,,,Silverquill Pledgemage,Medium,Humanoid,Sorcerer,Any,4,,x,,,,,,,,,,,,,,,,ø,,Strixhaven: A Cirriculum of Chaos,214,,,,,,,,,,,
Nereid,Medium,Fey,,Any Chaotic,2,,,,,,,,,,,,,,,,,,,,Tales from the Yawning Portal,240,,,Silverquill Pledgemage,Small,Humanoid,Sorcerer,Any,4,,x,,,,,,,,,,,,,,,,ø,,Strixhaven: A Cirriculum of Chaos,214,,,,,,,,,,,
Nergaliid,Large,Fiend,,Lawful Evil,3,,,,,,,,,,,,,,,,,,ø,ø,Explorer's Guide to Wildemount,296,,,Silverquill Prof. of Radiance,Medium,Humanoid,Sorcerer,Any,7,,x,,,,,,,,,,,,,,,,ø,,Strixhaven: A Cirriculum of Chaos,215,,,,,,,,,,,
Neronvain,Medium,Humanoid,Elf,Neutral Evil,9,,,,,x,,,,,,,,,,,,,,,Rise of Tiamat,91,,,Silverquill Prof. of Radiance,Small,Humanoid,Sorcerer,Any,7,,x,,,,,,,,,,,,,,,,ø,,Strixhaven: A Cirriculum of Chaos,215,,,,,,,,,,,
"Nezahal, Primal Tide",Gargantuan,Monstrosity,"titan, elder dinosaur",Unaligned,30,,,x,,,,,,ø,,ø,,,,,,,,,Planeshift: Ixalan,33,,,Silverquill Prof. of Shadow,Medium,Humanoid,Sorcerer,Any,7,,x,,,,,,,,,,,,,,,,ø,,Strixhaven: A Cirriculum of Chaos,215,,,,,,,,,,,
Nezznar The Black Spider,Medium,Humanoid,Elf,Neutral Evil,2,,x,,,x,,,,,,,,,,,,,,,Lost Mines of Phandelver,59,,,Silverquill Prof. of Shadow,Small,Humanoid,Sorcerer,Any,7,,x,,,,,,,,,,,,,,,,ø,,Strixhaven: A Cirriculum of Chaos,215,,,,,,,,,,,
Nezznar the Spider,Medium,Humanoid,"Elf, Wizard",Neutral Evil,2,,x,,,x,,,,,,,,,,,,,,,Phandelver and Below: The Shattered Obelisk,74,,,Spirit Statue Mascot,Medium,Construct,,Any,1/4,,,,,,,,,,,,,,,,,,ø,,Strixhaven: A Cirriculum of Chaos,216,,,,,,,,,,,
Ngobou,Large,Beast,Dinosaur,Unaligned,5,,,,,,,,,,,,ø,ø,,,,,,,Tome of Beasts,115,,,Strixhaven Campus Guide,Small,Construct,,Lawful Good,1,,,,,,,,,,,,,,,,,,ø,,Strixhaven: A Cirriculum of Chaos,217,,,,,,,,,,,
Nharyth,Huge,Aberration,,Chaotic Evil,9,,,,,,,,,,,,,,,,x,,,x,Tome of Beasts 2,269,,,Tanazir Quandrix,Gargantuan,Dragon,Wizard,Lawful Neutral,24,,x,x,,x,,,,,,,,,,,,,,,Strixhaven: A Cirriculum of Chaos,218,,,,,,,,,,,
Nian,Large,Monstrosity,,Chaotic Neutral,4,,,,,,,,,,,,,,x,,,,,,Creature Codex,276,,,Velomachus Lorehold,Gargantuan,Dragon,Wizard,Lawful Neutral,25,,x,x,,x,,,,,,,,,,,,,,,Strixhaven: A Cirriculum of Chaos,219,,,,,,,,,,,
Nichny,Medium,Fey,,Neutral Evil,6,,x,,,,,,,,,ø,,,,ø,,,,,Tome of Beasts,302,,,Witherbloom Apprentice,Medium,Humanoid,Sorcerer,Any,2,,x,,,,,,,,,,,,,,,,ø,,Strixhaven: A Cirriculum of Chaos,221,,,,,,,,,,,
Night Blade,Medium,Humanoid,Human,Chaotic Evil,1/4,,,,,,,,,,,,,,,,,,x,ø,Baldur's Gate: Descent into Avernus,233,,,Witherbloom Apprentice,Small,Humanoid,Sorcerer,Any,2,,x,,,,,,,,,,,,,,,,ø,,Strixhaven: A Cirriculum of Chaos,221,,,,,,,,,,,
Night Hag,Medium,Fiend,,Neutral Evil,5,,x,,,,,,,,,,,,,,,,,ø,Monster Manual,178,,,Witherbloom Pledgemage,Medium,Humanoid,Sorcerer,Any,4,,x,,,,,,,,,,,,,,,,ø,,Strixhaven: A Cirriculum of Chaos,222,,,,,,,,,,,
Night Scavver,Huge,Monstrosity,,Unaligned,5,,,,,,,,,,,,,,,,,,,,Boo's Astral Menagerie,49,Vecna: Eve of Ruin 229,,Witherbloom Pledgemage,Small,Humanoid,Sorcerer,Any,4,,x,,,,,,,,,,,,,,,,ø,,Strixhaven: A Cirriculum of Chaos,222,,,,,,,,,,,
Night Scorpion,Large,Beast,,Unaligned,3,,,,,,,,,,ø,,,,,,ø,,,,Tome of Beasts,340,,,Witherbloom Prof. of Decay,Medium,Humanoid,Sorcerer,Any,7,,x,,,,,,,,,,,,,,,,ø,,Strixhaven: A Cirriculum of Chaos,223,,,,,,,,,,,
Night-Gaunt,Medium,Aberration,Deamlander,Chaotic Evil,9,,,,,,,,,,,,,,,,,,,ø,Monster a Day Compendium 2.0,137,,,Witherbloom Prof. of Decay,Small,Humanoid,Sorcerer,Any,7,,x,,,,,,,,,,,,,,,,ø,,Strixhaven: A Cirriculum of Chaos,223,,,,,,,,,,,
Nightgarm,Large,Monstrosity,,Chaotic Evil,6,,x,,,,,,ø,,,ø,,ø,,,,,,,Tome of Beasts,305,,,Witherbloom Prof. of Growth,Medium,Humanoid,Sorcerer,Any,7,,x,,,,,,,,,,,,,,,,ø,,Strixhaven: A Cirriculum of Chaos,223,,,,,,,,,,,
Nightgaunt,Large,Aberration,,Lawful Evil,10,,,,,,,,,,,,,,,,,,,x,Creature Codex,277,,,Witherbloom Prof. of Growth,Small,Humanoid,Sorcerer,Any,7,,x,,,,,,,,,,,,,,,,ø,,Strixhaven: A Cirriculum of Chaos,223,,,,,,,,,,,
Nightgaunt,Medium,Monstrosity,,Chaotic Neutral,2,,,,,,,,,,,,,,ø,,,,,x,Sandy Petersen's Cthulhu Mythos,350,,,Goat-Knight Steed,Large,Celestial,,Unaligned,1/2,,,,,,,,,,,,,,ø,,,,,,Tal'Dorei Campaign Setting,135,,,,,,,,,,,
Nightmare,Large,Fiend,,Neutral Evil,3,,,,,,,,,,,,,,,,,,,ø,Monster Manual,235,Infernal Machine Rebuild 76,,Ashari Stoneguard,Medium,Humanoid,any race,Lawful Neutral,7,,x,,,,,,,,,,,ø,ø,,ø,,,,Tal'Dorei Campaign Setting Reborn,128,Tal'Dorei Campaign Setting 128,,,,,,,,,,
Nightmare Shepherd,Large,Fiend,,Lawful Evil,11,,x,,,,,,,,,,,,,,,,,x,Mythic Odysseys of Theros,221,,,Ashari Waverider,Medium,Humanoid,any race,Neutral Good,4,,x,,,,,,,ø,,,,,,,,ø,,,Tal'Dorei Campaign Setting Reborn,129,Tal'Dorei Campaign Setting 129\,,,,,,,,,,
Nightmare Troll,Large,Fiend,,Neutral Evil,7,,,,,,,,,,,,,,,,ø,,,ø,Monster a Day Compendium 2.0,208,,,Ashari Skydancer,Medium,Humanoid,any race,Chaotic Neutral,5,,x,,,,,,,,,,,,ø,,,,,,Tal'Dorei Campaign Setting Reborn,129,Tal'Dorei Campaign Setting 129\,,,,,,,,,,
Nightveil Specter,Medium,Undead,,Neutral Evil,10,,,,,,,,,,,,,,,,ø,,ø,,Guildmaster's Guide to Ravnica,215,,,Adranach,Huge,Construct,,Not Provided,12,,,,,,,,,,,,,,,,,,ø,ø,Tal'Dorei Campaign Setting Reborn,224,,,,,,,,,,,
Nightwalker,Huge,Undead,,Chaotic Evil,20,,,,,,,,x,,x,,,,,x,x,,,,Mordenkainen Presents: Monsters of the Multiverse,194,,,Master Adranach,Gargantuan,Construct,,Not Provided,21,,,x,,,,,,,,,,,,,,,ø,ø,Tal'Dorei Campaign Setting Reborn,225,,,,,,,,,,,
Nightwalker,Huge,Undead,,Chaotic Evil,20,,,,,,,,x,,x,,,,,x,x,,,,Mordenkainen's Tome of Foes,216,,,Ashari Firetamer,Medium,Humanoid,any race,Neutral Good,7,,x,,,,,,,,,,,ø,ø,,,,,,Tal'Dorei Campaign Setting Reborn,226,Tal'Dorei Campaign Setting 128,,,,,,,,,,
Nihilethic Zombie,Medium,Undead,,Neutral Evil,1,,,,,,,,,,,,,,ø,,,,ø,ø,Tome of Beasts,9,,,Cinderslag Elemental,Large,Elemental,,Chaotic Evil,5,,,,,,,,,,,,,,ø,,,,,ø,Tal'Dorei Campaign Setting Reborn,231,Tal'Dorei Campaign Setting 130,,,,,,,,,,
Nilbog,Small,Fey,goblinoid,Chaotic Neutral,1,,x,,,,,,,,,x,,x,,,x,,,,Mordenkainen Presents: Monsters of the Multiverse,195,,,Clasp Cutthroat,Medium,Humanoid,any race,Any Non-Lawful,3,,,,,,,,,,,,,,,,,,ø,,Tal'Dorei Campaign Setting Reborn,232,Tal'Dorei Campaign Setting 131,,,,,,,,,,
Nilbog,Small,Humanoid,Goblinoid,Chaotic Evil,1,,x,,,,,,,,,x,,x,,,x,,,,Volo's Guide to Monsters,182,,,Clasp Enforcer,Medium,Humanoid,any race,Any Non-Lawful,5,,,,,,,,,,,,,,,,,,ø,,Tal'Dorei Campaign Setting Reborn,233,Tal'Dorei Campaign Setting 131,,,,,,,,,,
Nimblewright,Medium,Construct,,Unaligned,4,,,,,,,,,,,,,,,,,,ø,,Waterdeep: Dragon Heist,212,,,Cold Snap Spirit,Medium,Elemental,,Not Provided,5,,,,,,,,ø,,,ø,,,ø,,,,,,Tal'Dorei Campaign Setting Reborn,234,,,,,,,,,,,
Ningyo,Small,Aberration,,Neutral Evil,7,,,,,,,,,,,,,,,,,x,,,Creature Codex,278,,,Cyclops Stormcaller,Large,Giant,,Neutral Evil,10,,x,,,,,,,,,,,,ø,,,,,,Tal'Dorei Campaign Setting Reborn,235,Tal'Dorei Campaign Setting 132,,,,,,,,,,
Nintra Siotta,Large,Fey,,Chaotic Evil,16,,x,x,x,x,,,,,,,,,,,,,,,Candlekeep Mysteries,197,,,Demonfeed Spider,Large,Fiend,,Not Provided,8,,,,,,,,,,,,,,,,ø,,,,Tal'Dorei Campaign Setting Reborn,237,,,,,,,,,,,
Niv-Mizzet,Gargantuan,Dragon,,Chaotic Neutral,26,,x,x,,x,,,,,,,,,,,,,ø,,Guildmaster's Guide to Ravnica,241,,,Demonfeed Spiderling,Medium,Fiend,,Not Provided,1,,,,,,,,,,,,,,,,ø,,,,Tal'Dorei Campaign Setting Reborn,237,,,,,,,,,,,
Nivix Cyclops,Large,Giant,,Unaligned,8,,,,,,,,,,,,,,,,,,ø,,Guildmaster's Guide to Ravnica,216,,,Ember Roc,Gargantuan,Monstrosity,,Not Provided,14,,,,,,,,,,,,,,ø,,,,,,Tal'Dorei Campaign Setting Reborn,238,,,,,,,,,,,
Nix Riversong,Medium,Humanoid,Elf,Unaligned,21,,x,x,,x,,,,,,,,,,,,,ø,,Monster a Day Compendium 2.0,99,,,Cobalt Golem,Huge,Construct,,Not Provided,18,,,,,,,,,,,,,,,,,,ø,,Tal'Dorei Campaign Setting Reborn,240,,,,,,,,,,,
Nkosi,Medium,Humanoid,,Lawful Neutral,1/2,,,,,,,,,,ø,,ø,ø,,,,,ø,,Tome of Beasts,306,,,Forge Guardian,Gargantuan,Construct,,Not Provided,27,,,x,,,,,,,,,,,,,ø,,ø,,Tal'Dorei Campaign Setting Reborn,241,,,,,,,,,,,
Nkosi Pridelord,Medium,Humanoid,,Lawful Neutral,4,,,,,,,,,,ø,,ø,,,,,,,,Tome of Beasts,306,,,Mage Hunter Golem,Large,Construct,,Not Provided,15,,,,,,,,,,,,,,,,,,ø,,Tal'Dorei Campaign Setting Reborn,242,,,,,,,,,,,
Noble,Medium,Humanoid,Any Race,Any,1/8,,,,,,,,,,,,,,,,,,x,,Monster Manual,348,"Infernal Machine Rebuild 55, Rise of Tiamat Online Supplement 21",,Platinum Golem,Large,Construct,,Not Provided,16,,,,,,,,,,,,,,,,,,ø,,Tal'Dorei Campaign Setting Reborn,243,,,,,,,,,,,
Noctiny,Medium,Humanoid,,Neutral Evil,2,,x,,,,,,,,,,,,,,,,ø,,Tome of Beasts,308,,,"Jourrael, the Caedogeist",Medium,Fiend,Drow,Not Provided,15,,x,,,x,,,,,,,,,,,,,,,Tal'Dorei Campaign Setting Reborn,245,,,,,,,,,,,
Nodosaurus,Large,Beast,Dinosaur,Unaligned,1,,,,,,,,,,,,x,,,x,,,,,Creature Codex,109,,,Kraghammer Goat-Knight,Medium,Humanoid,dwarf,Neutral Good,3,,x,,,,,,,,,,,,ø,,,,,,Tal'Dorei Campaign Setting Reborn,246,Tal'Dorei Campaign Setting 134,,,,,,,,,,
Nonaton Modron,Large,Construct,,Lawful Neutral,10,,x,,,,,,,,,,,,,,,,,x,Morte's Planar Parade,38,,,Magma Landshark,Huge,Elemental,,Not Provided,14,,,,,,,,,,,,,,ø,,ø,,,ø,Tal'Dorei Campaign Setting Reborn,247,,,,,,,,,,,
Norker,Small,Humanoid,Goblinoid,Chaotic Evil,1/2,,,,,,,,,,,,,,,,ø,,,,Mordenkainen's Fiendish Folio vol. 1,17,,,Young Magma Landshark,Large,Elemental,,Not Provided,9,,,,,,,,,,,,,,ø,,ø,,,ø,Tal'Dorei Campaign Setting Reborn,248,,,,,,,,,,,
Norker War Leader,Small,Humanoid,Goblinoid,Chaotic Evil,3,,,,,,,,,,,,,,,,ø,,,,Mordenkainen's Fiendish Folio vol. 1,17,,,Plainscow,Large,Beast,,Not Provided,2,,,,,,,,,,,,ø,ø,,,,,ø,,Tal'Dorei Campaign Setting Reborn,248,,,,,,,,,,,
Nosferatu,Medium,Undead,,Not Provided,8,,,,,,,,,,,,,,,,,,ø,,Van Richten's Guide to Ravenloft,239,,,Ravager Stabby-Stabber,Small,Humanoid,any race,Chaotic Evil,2,,,,,,,,,,,,ø,,,,,,,,Tal'Dorei Campaign Setting Reborn,250,Tal'Dorei Campaign Setting 137,,,,,,,,,,
Noth-Norren,Gargantuan,Elemental,,Chaotic Evil,13,,,,,,,,,,,,x,,,,,,,x,Tome of Beasts 2,270,,,Ravager Slaughter Lord,Large,Humanoid,any race,Lawful Evil,9,,x,,,,,,,,,,ø,,,,,,,,Tal'Dorei Campaign Setting Reborn,250,Tal'Dorei Campaign Setting 137,,,,,,,,,,
Nothic,Medium,Aberration,,Neutral Evil,2,,,,,,,,,,,,,,,,x,,,,Monster Manual,236,"Lost Mines of Phandelver 60, The Lost Dungeon of Rickedness: Big Rick Energy 40",,Remnant Chosen,Medium,Humanoid,any race,Neutral Evil,12,,x,,,,,,,,,,,,,,,,ø,,Tal'Dorei Campaign Setting Reborn,251,Tal'Dorei Campaign Setting 139,,,,,,,,,,
Nupperibo,Medium,Fiend,devil,Lawful Evil,1/2,,,,,,,,,,,,,,,,,,,,Mordenkainen Presents: Monsters of the Multiverse,196,,,Remnant Cultist,Medium,Humanoid,any race,Neutral Evil,7,,x,,,,,,,,,,,,,,,,ø,,Tal'Dorei Campaign Setting Reborn,252,Tal'Dorei Campaign Setting 139,,,,,,,,,,
Nupperibo,Medium,Fiend,Devil,Lawful Neutral,1/2,,,,,,,,,,,,,,,,,,,ø,Mordenkainen's Tome of Foes,168,Baldur's Gate: Descent into Avernus 239,,Rivermaw Stormborn,Medium,Humanoid,any race,Not Provided,4,,x,,,,,,,,,,ø,ø,ø,,,,,,Tal'Dorei Campaign Setting Reborn,254,Tal'Dorei Campaign Setting 133,,,,,,,,,,
Nycaloth,Large,Fiend,Yugoloth,Neutral Evil,9,,x,,,,,,,,,,,,,,,,,ø,Monster Manual,314,,,Rivermaw Brawler,Medium,Humanoid,any race,Not Provided,3,,,,,,,,,,,,ø,ø,ø,,,,,,Tal'Dorei Campaign Setting Reborn,254,Tal'Dorei Campaign Setting 134,,,,,,,,,,
Nyctli,Tiny,Fey,,Chaotic Evil,1/4,,,,,,,,,,,x,,,,,,,,,Tome of Beasts 2,271,,,Centaur Skeleton,Large,Undead,,Not Provided,2,,,,,,,,,ø,,ø,,,ø,,,,,,Tal'Dorei Campaign Setting Reborn,256,,,,,,,,,,,
Nyctli Swarm,Large,Fey,Swarm,Chaotic Evil,10,,x,,,,,,,,,x,,,,,,,,,Tome of Beasts 2,271,,,Flaming Skeleton,Medium,Undead,,Not Provided,1/2,,,,,,,,,,,,,,,,,,,,Tal'Dorei Campaign Setting Reborn,256,,,,,,,,,,,
Nyogtha Body,Huge,Ooze,,Chaotic Evil,20,,x,x,,,,,,,,,,,,,,,,,Sandy Petersen's Cthulhu Mythos,242,,,Vos'skyriss Serpentfolk,Large,Monstrosity,,Not Provided,3,,x,,,,,,,,ø,ø,,,,ø,,,,,Tal'Dorei Campaign Setting Reborn,258,,,,,,,,,,,
Nyx-Fleece Ram,Medium,Monstrosity,,Unaligned,1,,,,,,,,,,,,,,x,,,,,,Mythic Odysseys of Theros,233,,,Vos'skyriss Serpentfolk Ghost,Large,Undead,,Not Provided,4,,,,,,,,,,ø,ø,,,,ø,,,,,Tal'Dorei Campaign Setting Reborn,258,,,,,,,,,,,
Oak Truestrike,Medium,Humanoid,Elf,Neutral,2,,,,,x,,,,,,,,,,,,,ø,,Acquisitions Incorporated,205,,,Wraithroot Tree,Huge,Plant,,Not Provided,14,,,,,,,,,,,ø,,,,,,,,,Tal'Dorei Campaign Setting Reborn,259,,,,,,,,,,,
Oaken Bolter,Medium,Construct,,Unaligned,5,,,,,,,,,,,x,x,x,x,,,,,,Mordenkainen's Tome of Foes,126,,,Grog Strongjaw,Medium,Humanoid,half-giant,Not Provided,18,,,,,x,,,,,,,,,,,,,,,Tal'Dorei Campaign Setting Reborn,261,,,,,,,,,,,
Oasis Keeper,Huge,Monstrosity,,Unaligned,9,,,,,,,,,,x,,,,,,,x,,,Tome of Beasts 2,273,,,"Keyleth, Voice of the Tempest",Medium,Humanoid,half-elf,Not Provided,18,,x,,,x,,,,,,,,,,,,,,,Tal'Dorei Campaign Setting Reborn,263,,,,,,,,,,,
Oathbound Seeker,Medium,Undead,,Lawful Evil,4,,x,,,,,,,,,,,,,,,,,,DM's Guild: Chronicles of Eberron,152,,,Percival de Rolo,Medium,Humanoid,human,Not Provided,18,,,,,x,,,,,,,,,,,,,,,Tal'Dorei Campaign Setting Reborn,266,,,,,,,,,,,
Oblex Spawn,Tiny,Ooze,,Lawful Evil,1/4,,,,,,,,,,,,,,,x,x,,x,,Mordenkainen Presents: Monsters of the Multiverse,197,Mordenkainen's Tome of Foes 217,,Trinket,Large,Beast,brown bear,Not Provided,5,,,,,x,,,,,,,,,,,,,,,Tal'Dorei Campaign Setting Reborn,266,,,,,,,,,,,
Obsessed Artist,Medium,Humanoid,Any race,Any Chaotic or Evil,2,,x,,,,,,,x,,,,,ø,,,x,x,x,Sandy Petersen's Cthulhu Mythos,406,,,Vex'ahlia,Medium,Humanoid,half-elf,Not Provided,18,,x,,,x,,,,,,,,,,,,,,,Tal'Dorei Campaign Setting Reborn,267,,,,,,,,,,,
Obzedat Ghost,Medium,Undead,,Lawful Neutral,8,,x,x,,,,,,,,,,,,,,,ø,ø,Guildmaster's Guide to Ravnica,245,,,Pike Trickfoot,Small,Humanoid,gnome,Not Provided,17,,x,,,x,,,,,,,,,,,,,,,Tal'Dorei Campaign Setting Reborn,269,,,,,,,,,,,
Occult Extollant,Small or Medium,Humanoid,Sorcerer,Any,6,,x,,,,,,,,,,,,,,,,,,Critical Role: Call of the Netherdeep,204,,,Scanlan Shorthalt,Small,Humanoid,gnome,Not Provided,15,,x,,,x,,,,,,,,,,,,,,,Tal'Dorei Campaign Setting Reborn,271,,,,,,,,,,,
Occult Initiate,Small or Medium,Humanoid,Sorcerer,Any,2,,x,,,,,,,,,,,,,,,,,,Critical Role: Call of the Netherdeep,205,,,Doty X,Medium,Construct,,Not Provided,6,,,,,x,,,,,,,,,,,,,,,Tal'Dorei Campaign Setting Reborn,272,,,,,,,,,,,
Occult Silvertongue,Small or Medium,Humanoid,Sorcerer,Lawful Evil,8,,x,,,,,,,,,,,,,,,,,,Critical Role: Call of the Netherdeep,205,,,Taryon Darrington,Medium,Humanoid,human,Not Provided,9,,x,,,x,,,,,,,,,,,,,,,Tal'Dorei Campaign Setting Reborn,273,,,,,,,,,,,
Oceanus (Sea Elf),Medium,Humanoid,Elf,Neutral Good,1/2,,,,,x,,,,,,,,,,,,,,,Ghosts of Saltmarsh,246,,,Champion of Ravens,Medium,Celestial,,Not Provided,21,,x,,,x,,,,,,,,,,,,,,,Tal'Dorei Campaign Setting Reborn,275,,,,,,,,,,,
Ochre Jelly,Large,Ooze,,Unaligned,2,,,,,,,,,,,,,,,,x,,,,Monster Manual,243,"Lost Mines of Phandelver 60, The Lost Dungeon of Rickedness: Big Rick Energy 40",,Animated Table,Large,Construct,,Unaligned,2,,,,,,,,,,,,,,,,,,ø,,Tales from the Yawning Portal,230,,,,,,,,,,,
Octon Modron,Large,Construct,,Lawful Neutral,11,,x,,,,,,,,,,,,,,,,,x,Morte's Planar Parade,40,,,Centaur Mummy,Large,Undead,,Lawful Neutral,6,,,,,,,,,,,,,,,,,,,,Tales from the Yawning Portal,231,,,,,,,,,,,
Octopus,Small,Beast,,Unaligned,0,,,,,,x,,,ø,,,,,,,,ø,,,Monster Manual,333,Infernal Machine Rebuild 76,,Dread Warrior,Medium,Undead,,Neutral Evil,1,,,,,,,,,,,,,,,,,,,,Tales from the Yawning Portal,233,,,,,,,,,,,
Oculo Swarm,Large,Monstrosity,Swarm,Neutral Evil,4,,,,,,,,,,,,,,,,,,,,Tome of Beasts,309,,,Duergar Spy,Medium,Humanoid,Dwarf,Lawful Neutral,2,,,,,,,,,,,,,,,,,,,,Tales from the Yawning Portal,234,,,,,,,,,,,
Oculorb,Large,Aberration,,Chaotic Evil,9,,,,,,,,,,,,,,,,,,,,Phandelver and Below: The Shattered Obelisk,214,,,Envoker,Medium,Humanoid,,Any,9,,x,,,,,,,,,,,,,,,,,,Tales from the Yawning Portal,235,,,,,,,,,,,
Ogre,Large,Giant,,Chaotic Evil,2,,,,,,,,x,x,x,x,x,x,x,x,x,,,,Monster Manual,237,"Lost Mines of Phandelver 60, Rise of Tiamat Online Supplement 21, The Lost Dungeon of Rickedness: Big Rick Energy 41",,Giant Crayfish,Large,Beast,,Unaligned,2,,,,,,,,,,,,,,,,,,,,Tales from the Yawning Portal,235,,,,,,,,,,,
"Ogre ""Big Boss""",Large,Giant,Ogre,Chaotic Evil,5,,,,,,,,ø,,,ø,ø,ø,ø,ø,ø,,,,Monster a Day Compendium 2.0,141,,,Giant Ice Toad,Large,Monstrosity,,Neutral,3,,,,,,,,ø,,,,,,,,,,,,Tales from the Yawning Portal,235,,,,,,,,,,,
Ogre Battering Ram,Large,Giant,,Chaotic Evil,4,,,,,,,,,,,,x,x,x,,,,,,Mordenkainen Presents: Monsters of the Multiverse,200,,,Giant Lightning Eel,Large,Beast,,Unaligned,3,,,,,,,,,,,,,,,,,,,,Tales from the Yawning Portal,236,,,,,,,,,,,
Ogre Battering Ram,Large,Giant,Ogre,Chaotic Evil,4,,,,,,,,,,,,x,x,,,,,,,Mordenkainen's Tome of Foes,220,,,Giant Skeleton,Huge,Undead,,Neutral Evil,7,,,,,,,,,,,,,,,ø,ø,,ø,,Tales from the Yawning Portal,236,Infernal Machine Rebuild 65,,,,,,,,,,
Ogre Bolt Launcher,Large,Giant,,Chaotic Evil,2,,,,,,,,,,,,x,x,x,,,,,,Mordenkainen Presents: Monsters of the Multiverse,200,Mordenkainen's Tome of Foes 220,,Giant Subterranean Lizard,Huge,Beast,,Unaligned,4,,,,,,,,,,,,,,,,ø,,,,Tales from the Yawning Portal,236,,,,,,,,,,,
Ogre Chain Brute,Large,Giant,,Chaotic Evil,3,,,,,,,,,,,,x,x,x,,,,,,Mordenkainen Presents: Monsters of the Multiverse,201,Mordenkainen's Tome of Foes 221,,Greater Zombie,Medium,Undead,,Neutral Evil,5,,,,,,,,,,,,,,,ø,ø,,,,Tales from the Yawning Portal,237,Infernal Machine Rebuild 66,,,,,,,,,,
Ogre Howdah,Large,Giant,,Chaotic Evil,2,,,,,,,,,,,,x,x,x,,,,,,Mordenkainen Presents: Monsters of the Multiverse,201,,,Kalka-Kylla,Large,Monstrosity,,Neutral,3,,,,,,,,,,,,,,,,,,,,Tales from the Yawning Portal,238,,,,,,,,,,,
Ogre Howdah,Large,Giant,Ogre,Chaotic Evil,2,,,,,,,,,,,,x,x,,,,,,,Mordenkainen's Tome of Foes,221,,,Kelpie,Medium,Plant,,Neutral Evil,4,,,,,,,,,ø,,,,,,ø,,ø,,,Tales from the Yawning Portal,238,,,,,,,,,,,
Ogre Skeleton,Large,Undead,,Lawful Evil,2,,,,,,,x,ø,ø,ø,ø,ø,ø,ø,ø,ø,ø,ø,ø,Dark Arts Player's Companion,53,,,Malformed Kraken,Huge,Monstrosity,,Chaotic Evil,10,,,,,,,,,ø,,,,,,,,ø,,,Tales from the Yawning Portal,239,,,,,,,,,,,
Ogre Zombie,Large,Undead,,Neutral Evil,2,,,,,,,,,,,,,,,,,,ø,,Monster Manual,316,,,Nereid,Medium,Fey,,Any Chaotic,2,,,,,,,,,,,,,,,,,,,,Tales from the Yawning Portal,240,,,,,,,,,,,
Ogrémoch,Gargantuan,Elemental,,Neutral Evil,20,,x,x,x,,,,,,,,,,,,,,,,Princes of the Apocalypse,216,,,Ooze Master,Huge,Undead,,Lawful Neutral,10,,x,,,,,,,,,,,,,,,,,,Tales from the Yawning Portal,241,,,,,,,,,,,
Ogrepede,Huge,Undead,,Chaotic Evil,6,,,,,,,,x,x,x,x,x,x,x,x,x,x,x,,Tome of Beasts 2,275,,,Sharwyn Hucrele,Medium,Humanoid,,Neutral Evil,1/2,,x,,,x,,,,,,,,,,,,,,,Tales from the Yawning Portal,242,,,,,,,,,,,
Ogrillon Sellsword,Medium,Humanoid,Orc,Chaotic Evil,3,,,,,,,,ø,,,ø,ø,ø,ø,ø,ø,,,,Monster a Day Compendium 2.0,157,,,Sir Breaford,Medium,Humanoid,Human,Neutral Evil,1/2,,,,,x,,,,,,,,,,,,,,,Tales from the Yawning Portal,243,,,,,,,,,,,
Ogrillon Warmage,Large,Giant,"Ogre, Orc",Chaotic Evil,5,,x,,,,,,ø,,,ø,ø,ø,ø,ø,ø,,,,Monster a Day Compendium 2.0,148,,,Siren,Medium,Fey,,Chaotic Good,3,,x,,,,,,,,,,,,,,,,,,Tales from the Yawning Portal,243,,,,,,,,,,,
Oinoloth,Medium,Fiend,yugoloth,Neutral Evil,12,,x,,,,,,,,x,,,,,,x,,,,Mordenkainen Presents: Monsters of the Multiverse,202,,,Tarul Var,Medium,Undead,,Neutral Evil,13,,x,x,,x,,,,,,,,,,,,,,,Tales from the Yawning Portal,244,,,,,,,,,,,
Oinoloth,Medium,Fiend,Yugoloth,Neutral Evil,12,,x,,,,,,,,x,,,,,,x,,,ø,Mordenkainen's Tome of Foes,251,,,Tecuziztecatl,Large,Monstrosity,,Neutral,4,,,,,,,,,,,,,,,,,,,,Tales from the Yawning Portal,245,,,,,,,,,,,
Okkator Assassin,Medium,Humanoid,human,Chaotic Evil,4,,,,,,,,,,,,,x,,,,,x,,Sandy Petersen's Cthulhu Mythos,384,,,Thayan Apprentice,Medium,Humanoid,,Any Non-Good,2,,x,,,,,,,,,,,,,,,,,,Tales from the Yawning Portal,245,,,,,,,,,,,
Old Leng Spider,Huge,Monstrosity,,Lawful Evil,9,,,,,,,,,,,,,,,,,,,,Sandy Petersen's Cthulhu Mythos,343,,,Thayan Warrior,Medium,Humanoid,,Any Non-Good,2,,,,,,,,,,,,,,,,,,,,Tales from the Yawning Portal,246,,,,,,,,,,,
Olhydra,Huge,Elemental,,Neutral Evil,18,,x,x,x,,,,,,,,,,,,,,,,Princes of the Apocalypse,218,,,Thorn Slinger,Large,Plant,,Unaligned,1/2,,,,,,,,,,,ø,,,,,,,,,Tales from the Yawning Portal,246,,,,,,,,,,,
Oliphaunt,Gargantuan,Beast,,Unaligned,8,,,,,,,,x,,,,x,,,,,,,,Creature Codex,280,,,White Maw,Gargantuan,Ooze,,Chaotic Neutral,10,,,,,,,,,,,,,,,,,,,,Tales from the Yawning Portal,248,,,,,,,,,,,
Olive Slime,Large,Plant,Fungus,Unaligned,0,,,,,,,,,,,,,,,,x,,,,Fifth Edition Foes,176,,,Yusdrayl,Small,Humanoid,Kobold,Lawful Neutral,1,,x,,,x,,,,,,,,,,,,,,,Tales from the Yawning Portal,248,,,,,,,,,,,
Olive Slime Zombie,Medium,Plant,,Neutral Evil,1/2,,,,,,,,,,,,,,,,x,,,,Fifth Edition Foes,177,,,Decapus,Large,Monstrosity,,Unaligned,4,,,,,,,,,,,x,,,,,,,,,The Tortle Package,21,,,,,,,,,,,
Omin Dran,Medium,Humanoid,Half-elf,Lawful Neutral,5,,x,,,x,,,,,,,,,,,,,ø,,Acquisitions Incorporated,196,,,Geonid,Small,Elemental,,Neutral,1/4,,,,,,,,,,,,,,,,x,,,x,The Tortle Package,22,,,,,,,,,,,
One-Eyed Shiver,Medium,Humanoid,Human,Chaotic Evil,3,,x,,,,,,,,,,,,,,,,,,Princes of the Apocalypse,207,,,Topi,Small,Undead,,Chaotic Evil,1/2,,,,,,,,,,,ø,,,,,,,ø,,The Tortle Package,22,,,,,,,,,,,
One-Headed Clockwork Dragon,Large,Construct,,Unaligned,8,,,,,,,,,,,,,,,,,,x,,Creature Codex,111,,,Mister Witch,Medium,Humanoid,"Elf, Shadar-kai",Chaotic Good,3,,x,,,x,,,,,,,,,,,,,,x,The Wild Beyond The Witchlight,25,,,,,,,,,,,
One-Horned Ogre,Large,Giant,,Any Evil,5,,x,,,,,,,,,,,x,x,,,,,,Tome of Beasts 2,274,,,Mister Light,Medium,Humanoid,"Elf, Shadar-kai",Chaotic Good,3,,x,,,x,,,,,,,,,,,,,,x,The Wild Beyond The Witchlight,26,,,,,,,,,,,
Oni,Large,Giant,,Lawful Neutral,7,,x,,,,,,,,,x,,,,,,,x,,Monster Manual,239,,,Witchlight Hands,Medium,Humanoid,,Any,1/8,,x,,,,,,,,,,,,,,,,,x,The Wild Beyond The Witchlight,27,,,,,,,,,,,
Onyx Magistrate,Large,Construct,,Lawful Evil,8,,,,,,,,,,,,,,,,x,,x,,Tome of Beasts 2,276,,,Witchlight Hands,Small,Humanoid,,Any,1/8,,x,,,,,,,,,,,,,,,,,x,The Wild Beyond The Witchlight,27,,,,,,,,,,,
Oozasis,Gargantuan,Ooze,,Unaligned,9,,,,,,,,,,ø,,,,,,,,,,Tome of Beasts,310,,,Treant Sapling,Large,Plant,,Chaotic Good,2,,,,,,,,,,,ø,,,,,,,,,The Wild Beyond The Witchlight,36,,,,,,,,,,,
Ooze Master,Huge,Undead,,Lawful Neutral,10,,x,,,,,,,,,,,,,,,,,,Tales from the Yawning Portal,241,,,Kettlesteam the Kenku,Medium,Humanoid,Warlock,Chaotic Neutral,1,,x,,,x,,,,,,,,,,,,,,,The Wild Beyond The Witchlight,52,,,,,,,,,,,
Ooze-Folk,Medium,Ooze,,Unaligned,1/2,,,,,,,,,,,,,,x,ø,ø,,,,Lost Laboratory of Kwalish,46,,,Agdon Longscarf,Medium,Fey,Harengon,Chaotic Evil,2,,,,,x,,,,,,,,,,,,,,,The Wild Beyond The Witchlight,73,,,,,,,,,,,
Ophanim,Large,Celestial,Angel,Lawful Good,16,,x,,,,,,,,,,,,,,,,,x,Creature Codex,18,,,Clapperclaw the Scarecrow,Small,Construct,,Lawful Neutral,1/2,,,,,x,,,,,,,,,,,,,,,The Wild Beyond The Witchlight,78,,,,,,,,,,,
Ophidiotaur,Large,Monstrosity,,Chaotic Evil,5,,,,,,,,,,x,,x,,,x,,,,,Tome of Beasts 2,282,,,Displacer Beast Kitten,Small,Monstrosity,,Unaligned,1/8,,,,,,,,,,,x,,,,,,,,,The Wild Beyond The Witchlight,108,,,,,,,,,,,
Ophinix,Large,Monstrosity,,Unaligned,2,,,,,,,,,,,,,,,,x,,,,Tome of Beasts 2,283,,,Squirt the Oilcan,Tiny,Construct,,Chaotic Neutral,1/4,,,,,x,,,,,,,,,,,,,,,The Wild Beyond The Witchlight,111,,,,,,,,,,,
Ophio Fungus,Huge,Plant,,Unaligned,7,,,,,,,,,,,,,,,,x,,,x,Tome of Beasts 2,157,,,Flying Rocking Horse,Medium,Construct,,Unaligned,1/8,,,,,,,,,,,,,,,,,,,,The Wild Beyond The Witchlight,121,,,,,,,,,,,
Oracle,Medium,Humanoid,Any Race,Any,4,,x,,,,,,,,,,,,,,,,ø,,Mythic Odysseys of Theros,238,,,Pollenella the Honeybee,Tiny,Beast,,Unaligned,0,,,,,x,,,,,,,,,,,,,,,The Wild Beyond The Witchlight,135,,,,,,,,,,,
Oracle of Strixhaven,Medium,Humanoid,"Human, Wizard",Neutral Good,15,,x,x,,x,,,,,,,,,,,,,,,Strixhaven: A Cirriculum of Chaos,200,,,Amidor the Dandelion,Small,Plant,,Neutral Good,1/2,,,,,x,,,,,,,,,,,,,,,The Wild Beyond The Witchlight,135,,,,,,,,,,,
Orc,Medium,Humanoid,Orc,Chaotic Evil,1/2,,,,,,,,x,,,x,x,x,x,x,x,,,,Monster Manual,246,"Lost Mines of Phandelver 61, The Lost Dungeon of Rickedness: Big Rick Energy 41",,Glasswork Golem,Medium,Construct,,Unaligned,2,,,,,,,,,,,,,,,,,,,,The Wild Beyond The Witchlight,193,,,,,,,,,,,
Orc Acolyte,Medium,Humanoid,Orc,Chaotic Evil,1,,x,,,,,,ø,,,ø,ø,ø,ø,ø,ø,,,,Monster a Day Compendium 2.0,149,,,Iggwilv the Witch Queen,Medium,Fey,Wizard,Chaotic Neutral,20,,x,x,,x,,,,,,,,,,,,,,,The Wild Beyond The Witchlight,205,,,,,,,,,,,
Orc Berserker,Medium,Humanoid,Orc,Chaotic Evil,1,,,,,,,,ø,,,ø,ø,ø,ø,ø,ø,,,,Monster a Day Compendium 2.0,139,,,Bavlorna Blightstraw,Medium,Fey,Hag,Neutral Evil,7,,x,,,x,,,,,,,,,,,,,,,The Wild Beyond The Witchlight,216,,,,,,,,,,,
Orc Berserker,Medium,Humanoid,Orc,Chaotic Evil,1,,,,,,,,ø,,,ø,ø,ø,ø,ø,ø,,,,Monster a Day Compendium 2.0,140,,,Endelyn Moongrave,Medium,Fey,Hag,Neutral Evil,6,,x,,,x,,,,,,,,,,,,,,,The Wild Beyond The Witchlight,217,,,,,,,,,,,
Orc Blackguard,Medium,Humanoid,Orc,Chaotic Evil,5,,x,,,,,,ø,,,ø,ø,ø,ø,ø,ø,,,,Monster a Day Compendium 2.0,152,,,Skabatha Nightshade,Medium,Fey,Hag,Neutral Evil,8,,x,,,x,,,,,,,,,,,,,,,The Wild Beyond The Witchlight,218,,,,,,,,,,,
Orc Blade of Ilneval,Medium,Humanoid,Orc,Chaotic Evil,4,,,,,,,,,,,x,x,x,x,,x,,,,Volo's Guide to Monsters,183,,,Kelek,Medium,Humanoid,"Human, Sorcerer",Chaotic Evil,5,,x,,,x,,,,,,,,,,,,,,,The Wild Beyond The Witchlight,219,,,,,,,,,,,
Orc Brute,Medium,Humanoid,Orc,Chaotic Evil,1,,,,,,,,ø,,,ø,ø,ø,ø,ø,ø,,,,Monster a Day Compendium 2.0,140,,,Skylla,Medium,Humanoid,"Human, Warlock",Chaotic Evil,2,,x,,,x,,,,,,,,,,,,,,,The Wild Beyond The Witchlight,220,,,,,,,,,,,
Orc Champion,Medium,Humanoid,Orc,Chaotic Evil,4,,,,,,,,ø,,,ø,ø,ø,ø,ø,ø,,,,Monster a Day Compendium 2.0,153,,,Warduke,Medium,Humanoid,Human,Chaotic Evil,5,,,,,x,,,,,,,,,,,,,,,The Wild Beyond The Witchlight,221,,,,,,,,,,,
Orc Claw of Luthic,Medium,Humanoid,Orc,Chaotic Evil,2,,x,,,,,,,,,x,x,x,x,,x,,,,Volo's Guide to Monsters,183,,,Zarak,Medium,Humanoid,Orc,Chaotic Evil,2,,,,,x,,,,,,,,,,,,,,,The Wild Beyond The Witchlight,222,,,,,,,,,,,
Orc Cutthroat,Medium,Humanoid,Orc,Neutral Evil,3,,,,,,,,ø,,,ø,ø,ø,ø,ø,ø,,,,Monster a Day Compendium 2.0,141,,,Zargash,Medium,Humanoid,"Cleric, Human",Chaotic Evil,3,,x,,,x,,,,,,,,,,,,,,,The Wild Beyond The Witchlight,223,,,,,,,,,,,
Orc Demonologist,Medium,Humanoid,Orc,Chaotic Evil,4,,,,,,,,ø,,,ø,ø,ø,ø,ø,ø,,,,Monster a Day Compendium 2.0,144,,,Elkhorn,Medium,Humanoid,Dwarf,Lawful Good,2,,,,,x,,,,,,,,,,,,,,,The Wild Beyond The Witchlight,224,,,,,,,,,,,
Orc Eye of Gruumsh,Medium,Humanoid,Orc,Chaotic Evil,2,,x,,,,,,x,,,x,x,x,x,x,x,,,,Monster Manual,247,,,Mercion,Medium,Humanoid,"Cleric, Human",Lawful Good,3,,x,,,x,,,,,,,,,,,,,,,The Wild Beyond The Witchlight,225,,,,,,,,,,,
Orc Fire Eater,Medium,Humanoid,Orc,Chaotic Evil,2,,x,,,,,,ø,,,ø,ø,ø,ø,ø,ø,,,,Monster a Day Compendium 2.0,145,,,Molliver,Medium,Humanoid,Human,Chaotic Good,3,,,,,x,,,,,,,,,,,,,,,The Wild Beyond The Witchlight,226,,,,,,,,,,,
Orc Hand of Gruumsh,Medium,Humanoid,Orc,Chaotic Evil,3,,x,,,,,,ø,,,ø,ø,ø,ø,ø,ø,,,,Monster a Day Compendium 2.0,146,,,Ringlerun,Medium,Humanoid,"Human, Wizard",Lawful Good,5,,x,,,x,,,,,,,,,,,,,,,The Wild Beyond The Witchlight,227,,,,,,,,,,,
Orc Hand of Yurtrus,Medium,Humanoid,Orc,Chaotic Evil,2,,x,,,,,,,,,x,x,x,x,,x,,,,Volo's Guide to Monsters,184,,,Strongheart,Medium,Humanoid,"Human, Paladin",Lawful Good,4,,x,,,x,,,,,,,,,,,,,,,The Wild Beyond The Witchlight,228,,,,,,,,,,,
Orc Hunter,Medium,Humanoid,Orc,Chaotic Evil,2,,,,,,,,ø,,,ø,ø,ø,ø,ø,ø,,,,Monster a Day Compendium 2.0,153,,,Brigganock,Tiny,Fey,,Neutral Good,1/8,,x,,,,,,,,,,,,,,x,,,x,The Wild Beyond The Witchlight,230,,,,,,,,,,,
Orc Marauder,Medium,Humanoid,Orc,Chaotic Evil,1,,,,,,,,ø,,,ø,ø,ø,ø,ø,ø,,,,Monster a Day Compendium 2.0,154,,,Bullywug Knight,Medium,Humanoid,,Lawful Good,3,,,,,,,,,,,,,,,x,,,,,The Wild Beyond The Witchlight,231,,,,,,,,,,,
Orc Mystic,Medium,Humanoid,Orc,Chaotic Evil,1/2,,x,,,,,,ø,,,ø,ø,ø,ø,ø,ø,,,,Monster a Day Compendium 2.0,145,,,Campestri,Tiny,Plant,,Unaligned,0,,,,,,,,,,,ø,,,,ø,,,,,The Wild Beyond The Witchlight,232,,,,,,,,,,,
Orc Necromancer,Medium,Humanoid,Orc,Chaotic Evil,4,,x,,,,,,ø,,,ø,ø,ø,ø,ø,ø,,,,Monster a Day Compendium 2.0,147,,,Swarm of Campestris,Medium,Plant,Swarm,Unaligned,1,,,,,,,,,,,ø,,,,ø,,,,,The Wild Beyond The Witchlight,232,,,,,,,,,,,
Orc Nurtured One of Yurtrus,Medium,Humanoid,Orc,Chaotic Evil,1/2,,,,,,,,,,,x,x,x,x,,x,,,,Volo's Guide to Monsters,184,,,Giant Dragonfly,Large,Beast,,Unaligned,1/2,,,,,,,,,,,ø,,,,ø,,,,,The Wild Beyond The Witchlight,234,,,,,,,,,,,
Orc Occultist,Medium,Humanoid,Orc,Chaotic Evil,2,,x,,,,,,ø,,,ø,ø,ø,ø,ø,ø,,,,Monster a Day Compendium 2.0,150,,,Giant Snail,Large,Beast,,Unaligned,1/4,,,,,,,,,,,ø,ø,,,ø,,,,,The Wild Beyond The Witchlight,234,,,,,,,,,,,
Orc Peon,Medium,Humanoid,Orc,Chaotic Evil,1/2,,,,,,,,ø,,,ø,ø,ø,ø,ø,ø,,,,Monster a Day Compendium 2.0,142,,,Harengon Brigand,Medium,Humanoid,,Any,1/8,,,,,,,,,,,ø,ø,ø,,,,,ø,,The Wild Beyond The Witchlight,235,,,,,,,,,,,
Orc Raid Chief,Medium,Humanoid,Orc,Chaotic Evil,3,,,,,,,,ø,,,ø,ø,ø,ø,ø,ø,,,,Monster a Day Compendium 2.0,154,,,Harengon Sniper,Medium,Humanoid,,Any,1/4,,,,,,,,,,,ø,ø,ø,,,,,ø,,The Wild Beyond The Witchlight,235,,,,,,,,,,,
Orc Ranger,Medium,Humanoid,Orc,Chaotic Evil,5,,,,,,,,ø,,,ø,ø,ø,ø,ø,ø,,,,Monster a Day Compendium 2.0,155,,,Jabberwock,Huge,Dragon,,Chaotic Evil,13,,,x,,,,,,,,x,,ø,ø,ø,,,,,The Wild Beyond The Witchlight,236,,,,,,,,,,,
Orc Red Fang of Shargaas,Medium,Humanoid,Orc,Chaotic Evil,3,,,,,,,,x,,,x,x,x,x,x,x,,,,Volo's Guide to Monsters,185,,,Living Doll,Tiny,Construct,,Neutral Evil,2,,,,,,,,,,,,,,,,,,ø,,The Wild Beyond The Witchlight,237,,,,,,,,,,,
Orc Scout,Medium,Humanoid,Orc,Chaotic Evil,1/2,,,,,,,,ø,,,ø,ø,ø,ø,ø,ø,,,,Monster a Day Compendium 2.0,157,,,Selenelion Twin,Medium,Humanoid,Elf,Chaotic Good,2,,,,,x,,,,,,,,,,,,,,,The Wild Beyond The Witchlight,241,,,,,,,,,,,
Orc Shaman,Medium,Humanoid,Orc,Chaotic Evil,1/2,,x,,,,,,ø,,,ø,ø,ø,ø,ø,ø,,,,Monster a Day Compendium 2.0,150,,,Acererak,Medium,Undead,,Neutral Evil,23,,x,x,,x,,,,,,,,,,,,,,,Tomb of Annihilation,209,,,,,,,,,,,
Orc Thug,Medium,Humanoid,Orc,Chaotic Evil,1,,,,,,,,ø,,,ø,ø,ø,ø,ø,ø,,,,Monster a Day Compendium 2.0,142,,,Albino Dwarf Warrior,Medium,Humanoid,Dwarf,Any,1/4,,,,,,,,,,,,,,,,,,,,Tomb of Annihilation,210,,,,,,,,,,,
Orc War Chief,Medium,Humanoid,Orc,Chaotic Evil,4,,,,,,,,x,,,x,x,x,x,x,x,,,,Monster Manual,246,,,Aldani ,Medium,Monstrosity,Lobsterfolk,Lawful Neutral,1,,,,,,,,,ø,,,,,,,,ø,,,Tomb of Annihilation,210,,,,,,,,,,,
Orc Warlock,Medium,Humanoid,Orc,Chaotic Evil,1/2,,x,,,,,,ø,,,ø,ø,ø,ø,ø,ø,,,,Monster a Day Compendium 2.0,147,,,Almiraj,Small,Beast,,Unaligned,0,,,,,,o,,,,,,,,,,,,,,Tomb of Annihilation,211,,,,,,,,,,,
Orc Warrior,Medium,Humanoid,Orc,Chaotic Evil,2,,,,,,,,ø,,,ø,ø,ø,ø,ø,ø,,,,Monster a Day Compendium 2.0,158,,,Artus Cimber,Medium,Humanoid,Human,Neutral Good,7,,,,,x,,,,,,,,,,,,,,,Tomb of Annihilation,212,,,,,,,,,,,
Orcus,Huge,Fiend,demon,Chaotic Evil,26,,x,x,x,x,,,,,,,,,,,,,,ø,Mordenkainen Presents: Monsters of the Multiverse,204,,,Assassin Vine,Large,Plant,,Unaligned,3,,,,,,,,,,,ø,,,,,,,,,Tomb of Annihilation,213,Ghosts of Saltmarsh 230,,,,,,,,,,
Orcus,Huge,Fiend,"Demon, Demon Lord",Chaotic Evil,26,,x,x,x,x,,,,,,,,,,,,,,ø,Mordenkainen's Tome of Foes,153,Out of the Abyss 245,,Astropal,Huge,Undead,Titan,Neutral Evil,13,,,x,,,,,,,,,,,,,,,ø,ø,Tomb of Annihilation,214,,,,,,,,,,,
Oread,Medium,Fey,,Chaotic Evil,4,,x,,,,,,,,,,,,x,,ø,,,,Mythic Odysseys of Theros,237,,,Dragonbait,Medium,Humanoid,Surial,Lawful Good,5,,,,,x,,,,,,,,,,,,,,,Tomb of Annihilation,218,,,,,,,,,,,
Oreioth,Medium,Humanoid,Human,Chaotic Evil,2,,x,,,x,,,,,,,,,,,,,,,Princes of the Apocalypse,211,,,Eblis,Large,Monstrosity,,Neutral Evil,1,,x,,,,,,,,,ø,,,,ø,,,,,Tomb of Annihilation,219,,,,,,,,,,,
Origami Warrior,Medium,Construct,,Unaligned,1/8,,,,,,,,x,x,x,x,x,x,x,x,x,,x,,Fifth Edition Foes,180,,,Flying Monkey,Small,Beast,,Unaligned,0,,,,,,o,,,,,ø,,,,,,,,,Tomb of Annihilation,220,,,,,,,,,,,
Oriq Blood Mage,Medium,Humanoid,Warlock,Neutral Evil,9,,,,,,,,,,,,,,,,,,ø,,Strixhaven: A Cirriculum of Chaos,201,,,Giant Four-Armed Gargoyle,Large,Elemental,,Chaotic Evil,10,,,,,,,,,,,,,,,,,,,,Tomb of Annihilation,221,,,,,,,,,,,
Oriq Recruiter,Medium,Humanoid,Warlock,Lawful Evil,4,,x,,,,,,,,,,,,,,,,ø,,Strixhaven: A Cirriculum of Chaos,202,,,Giant Strider,Large,Monstrosity,,Neutral Evil,1,,,,,,,,,,,,,,,,,,,,Tomb of Annihilation,222,,,,,,,,,,,
Orniraptor,Small,Monstrosity,,Unaligned,1/4,,,,,,,,,,,,,x,,,,,,,Tome of Beasts 2,285,,,Giat Snapping Turtle,Large,Beast,,Unaligned,3,,,,,,,,,ø,,,,,,,,ø,,,Tomb of Annihilation,222,,,,,,,,,,,
Orobas Devil,Large,Fiend,Devil,Lawful Neutral,14,,x,,,,,,,,,,,,,,,,,ø,Tome of Beasts,111,,,Jaculi,Large,Beast,,Unaligned,1/2,,,,,,,,,,,,,,,,,,,,Tomb of Annihilation,225,,,,,,,,,,,
Orog,Medium,Humanoid,Orc,Chaotic Evil,2,,,,,,,,x,,,x,x,x,x,,x,,,,Monster Manual,247,,,Kamadan,Large,Monstrosity,,Unaligned,4,,,,,,,,,,ø,ø,ø,ø,,ø,,,,,Tomb of Annihilation,225,,,,,,,,,,,
Orphan of the Black,Small,Fey,,Neutral Evil,2,,,,,,,,,,,,,,,,,,x,x,Tome of Beasts 2,286,,,Kobold Inventer,Small,Humanoid,Kobold,Lawful Neutral,1/4,,,,,,,,,,,,,,,,,,,,Tomb of Annihilation,226,,,,,,,,,,,
Orthon,Large,Fiend,devil,Lawful Evil,10,,,,,,,,,,x,,,,,,x,,x,,Mordenkainen Presents: Monsters of the Multiverse,205,,,Kobold Scale Sorcerer,Small,Humanoid,Kobold,Lawful Neutral,1,,,,,,,,,,,,,,,,,,,,Tomb of Annihilation,226,,,,,,,,,,,
Orthon,Large,Fiend,Devil,Lawful Neutral,10,,,,,,,,,,x,,,,,,x,,x,ø,Mordenkainen's Tome of Foes,169,,,Liara Portyr,Medium,Humanoid,Human,Lawful Neutral,4,,,,,x,,,,,,,,,,,,,,,Tomb of Annihilation,227,,,,,,,,,,,
Orthrus,Medium,Monstrosity,,Lawful Neutral,3,,,,,,,,,,,,,,,,,,x,,Creature Codex,292,,,Mantrap,Large,Plant,,Unaligned,1,,,,,,,,,,,,,,,,,,,,Tomb of Annihilation,227,,,,,,,,,,,
Ortifex,Medium,Undead,,Neutral Evil,4,,,,,,,,,,,,,,,,,,x,,Tome of Beasts 2,287,,,Mwaxanaré,Medium,Humanoid,Human,Lawful Neutral,1/8,,x,,,x,,,,,,,,,,,,,,,Tomb of Annihilation,228,,,,,,,,,,,
Orzhov Giant,Large,Giant,,Lawful Neutral,6,,,,,,,,,,,,,,,,,,ø,,Guildmaster's Guide to Ravnica,202,,,Pterafolk,Large,Monstrosity,,Neutral Evil,1,,,,,,,,,,,,,,,,,,,,Tomb of Annihilation,229,,,,,,,,,,,
Oshundo the Alhoon,Medium,Undead,"Mind Flayer, Wizard",Neutral Evil,10,,x,,,x,,,,,,,,,,,,,,,Phandelver and Below: The Shattered Obelisk,153,,,Ras Nsi,Medium,Monstrosity,"Shapechanger, Yuan-Ti",Neutral Evil,7,,x,,,x,,,,,,,,,,,,,,,Tomb of Annihilation,230,,,,,,,,,,,
Ostinato,Medium,Aberration,,Chaotic Neutral,4,,,,,,,,,,,,,,,,,,ø,,Tome of Beasts,312,,,Stone Juggernaut,Large,Construct,,Unaligned,12,,,,,,,,,,,,,,,,,,,,Tomb of Annihilation,231,,,,,,,,,,,
Oth,Large,Aberration,Shoth,Lawful Neutral,5,,x,,,,,,,,,,,,,,,,x,,Creature Codex,334,,,Su-Monster,Medium,Monstrosity,,Chaotic Evil,1,,,,,,,,,,,,,,,,,,,,Tomb of Annihilation,232,,,,,,,,,,,
Otterfolk,Small,Humanoid,Otterfolk,Chaotic Good,1/4,,,,,,,,,,,,,,,x,,,,,Tome of Beasts 2,288,,,Tabaxi Hunter,Medium,Humanoid,Tabaxi,Chaotic Good,1,,,,,,,,,,,,,,,,,,,,Tomb of Annihilation,232,,,,,,,,,,,
Otyugh,Large,Aberration,,Neutral,5,,,,,,,,,,,,,,,,x,,,,Monster Manual,248,"Infernal Machine Rebuild 76, Rise of Tiamat Online Supplement 21",,Tabaxi Minstrel,Medium,Humanoid,Tabaxi,Chaotic Good,1/4,,,,,,,,,,,,,,,,,,,,Tomb of Annihilation,233,,,,,,,,,,,
Otyugh Mutate,Large,Aberration,,Neutral,6,,,,,,,,,,,,,,,,,,,,Phandelver and Below: The Shattered Obelisk,213,,,Tri-Flower Frond,Medium,Plant,,Neutral,1/2,,,,,,,,,,,,,,,,,,,,Tomb of Annihilation,234,,,,,,,,,,,
Ouroban,Medium,Humanoid,Dragonborn,Neutral Evil,11,,x,,,,,,x,x,x,x,x,x,x,x,x,x,x,x,Creature Codex,125,,,Xandala,Medium,Humanoid,Half-elf,Neutral Evil,7,,x,,,x,,,,,,,,,,,,,,,Tomb of Annihilation,236,,,,,,,,,,,
Ouroboros,Huge,Dragon,,Neutral,6,,,x,,,,,x,x,x,x,x,x,x,x,x,x,x,x,Creature Codex,293,,,Yellow Musk Creeper,Medium,Plant,,Unaligned,2,,,,,,,,,,,ø,,,,ø,ø,,,,Tomb of Annihilation,237,,,,,,,,,,,
Outer Abomination,Large,Aberration,,Chaotic Evil,10,,x,,,,,,x,,,,,x,,,,,x,,Sandy Petersen's Cthulhu Mythos,354,,,Yellow Musk Zombie,Medium,Plant,,Unaligned,1/2,,,,,,,,,,,ø,,,,ø,ø,,,,Tomb of Annihilation,237,,,,,,,,,,,
Outer Mutant Priest of Yog-Sothoth,Medium,Humanoid,Any race,Chaotic Neutral,3,,x,,,,,,x,,,,,x,,,,,x,,Sandy Petersen's Cthulhu Mythos,353,,,Zindar,Medium,Humanoid,Half-Dragon,Lawful Good,8,,x,,,x,,,,,,,,,,,,,,,Tomb of Annihilation,239,,,,,,,,,,,
Outer Mutant Scout,Medium,Humanoid,Any race,Neutral Evil,1,,,,,,,x,x,,,,,x,,,,,x,,Sandy Petersen's Cthulhu Mythos,352,,,Ankylosaurus Zombie,Huge,Undead,Dinosaur,Unaligned,3,,,,,,,,,,,ø,,,,,ø,,,,Tomb of Annihilation,240,,,,,,,,,,,
Outer Spawn,Huge,Aberration,,Chaotic Evil,15,,x,x,,,,,x,,,,,x,,,,,x,,Sandy Petersen's Cthulhu Mythos,356,,,Girallon Zombie,Large,Undead,,Chaotic Evil,3,,,,,,,,,,,,,,,ø,ø,,,,Tomb of Annihilation,240,Infernal Machine Rebuild 66,,,,,,,,,,
Overshadow,Large,Undead,,Chaotic Evil,4,,,,,,,,,,,,,,,,x,,,,Tome of Beasts 2,289,,,Tyrannosaurus Zombie,Huge,Undead,Dinosaur,Unaligned,8,,,,,,,,,,,ø,ø,,,ø,,,,,Tomb of Annihilation,241,,,,,,,,,,,
Owl,Tiny,Beast,,Unaligned,0,,,,,,x,,x,,,x,,,,,,,,,Monster Manual,333,"Infernal Machine Rebuild 77, Player's Handbook 308",,Zorbo,Small,Monstrosity,,Unaligned,1/2,,,,,,,,,,,,,,,,,,,,Tomb of Annihilation,241,,,,,,,,,,,
Owl Harpy,Medium,Monstrosity,,Neutral Evil,5,,x,,,,,,,ø,,ø,,ø,ø,,,,,,Tome of Beasts,246,,,Nihilethic Zombie,Medium,Undead,,Neutral Evil,1,,,,,,,,,,,,,,ø,,,,ø,ø,Tome of Beasts,9,,,,,,,,,,,
Owlbear,Large,Monstrosity,,Unaligned,3,,,,,,,,,,,x,,,,,,,,,Monster Manual,249,"Infernal Machine Rebuild 77, Lost Mines of Phandelver 61, The Lost Dungeon of Rickedness: Big Rick Energy 41",,Abominable Beauty,Medium,Elemental,,Neutral Evil,11,,,,,,,,,,,,,,,,,,,ø,Tome of Beasts,11,,,,,,,,,,,
Owlbear Matron,Large,Monstrosity,,Unaligned,5,,,,,,,,,,,ø,,,,,,,,,Monster a Day Compendium 2.0,159,,,Accursed Defiler,Medium,Undead,,Neutral Evil,4,,,,,,,,,,ø,,,,,,,,,,Tome of Beasts,12,,,,,,,,,,,
Owlwere,Small,Monstrosity,Shapechanger,Chaotic Evil,1/2,,,,,,,,,,,x,x,x,,,x,,,,Fifth Edition Foes,229,,,Ala,Medium,Fey,,Chaotic Evil,8,,,,,,,,,,,ø,,,,ø,,,,,Tome of Beasts,13,,,,,,,,,,,
Ox,Large,Beast,cattle,Unaligned,1/4,,,,,,,,,,,,x,,,,,,x,,Mordenkainen Presents: Monsters of the Multiverse,72,,,Algorith,Medium,Celestial,,Lawful Neutral,10,,,,,,,,,,,,,,,,,,,ø,Tome of Beasts,14,,,,,,,,,,,
Pact Devil,Large,Fiend,Devil,Lawful Neutral,9,,,,,,,,,,,,,,,,,,ø,ø,Monster a Day Compendium 2.0,160,,,Alseid,Medium,Monstrosity,,Chaotic Neutral,1/2,,,,,,,,,,,ø,,,,,,,,,Tome of Beasts,15,,,,,,,,,,,
Pact Drake,Small,Dragon,,Lawful Neutral,1,,x,,,,,,,,,,,,,,,,x,,Creature Codex,130,,,Alseid Grovekeeper,Medium,Monstrosity,,Chaotic Neutral,3,,,,,,,,,,,ø,ø,,,,,,,,Tome of Beasts,15,,,,,,,,,,,
Pact Lich,Medium,Undead,,Any Evil,15,,x,x,x,,,,x,x,x,x,x,x,x,x,x,x,x,x,Creature Codex,254,,,Amphiptere,Medium,Beast,,Unaligned,3,,,,,,,,,,,ø,,ø,ø,ø,,,,,Tome of Beasts,16,,,,,,,,,,,
Paige Truestrike,Medium,Humanoid,Human,Unaligned,20,,x,x,,x,,,,,,,,,,,,,ø,,Monster a Day Compendium 2.0,97,,,Andrenjinyi,Gargantuan,Celestial,,Neutral,15,,x,,,,,,,ø,,,,,,,,ø,,,Tome of Beasts,18,,,,,,,,,,,
Pal-Rai-Yuk,Huge,Monstrosity,,Neutral Evil,8,,,,,,,,x,,,,,,,,x,x,,,Tome of Beasts 2,291,,,Angatra,Medium,Undead,,Neutral Evil,6,,,,,,,,,,,,,,,,,,ø,,Tome of Beasts,19,,,,,,,,,,,
Pale Screamer,Medium,Aberration,,Neutral Evil,3,,,,,,,,,,,,,,,,x,x,,,Tome of Beasts 2,290,,,Chained Angel,Medium,Celestial,,Neutral Evil,8,,,,,,,,,,,,,,,,,,,ø,Tome of Beasts,20,,,,,,,,,,,
Panther,Medium,Beast,"Leopard, Cougar",Unaligned,1/4,,,,,,,,,,,x,x,x,,,,,,,Monster Manual,333,Player's Handbook 308,,Fidele Angel,Medium,Celestial,,Lawful Good,5,,x,,,,,,,,,,,,,,,,,ø,Tome of Beasts,21,,,,,,,,,,,
Paper Drake,Small,Dragon,,Neutral,2,,,,,,,,,,,,,,,,,,ø,,Tome of Beasts,154,,,Angler Worm,Huge,Monstrosity,,Unaligned,4,,,,,,,,,,,,,ø,ø,,ø,,,,Tome of Beasts,22,,,,,,,,,,,
Paper Golem,Tiny,Construct,,Unaligned,1/4,,,,,,,,,,,,,,,,,,x,,Creature Codex,204,,,Giant Ant,Large,Beast,,Unaligned,2,,,,,,,,,,ø,ø,ø,ø,,ø,ø,,,,Tome of Beasts,23,,,,,,,,,,,
Paper Golem Swarm,Medium,Construct,Swarm,Unaligned,3,,,,,,,,,,,,,,,,,,x,,Creature Codex,204,,,Giant Ant Queen,Large,Beast,,Unaligned,4,,,,,,,,,,ø,ø,ø,ø,,ø,ø,,,,Tome of Beasts,23,,,,,,,,,,,
Parasite Infested Behir,Huge,Undead,,Neutral Evil,11,,,,,,,,,,,,,,,,x,,,,Candlekeep Mysteries,220,,,Anubian,Medium,Elemental,,Chaotic Evil,2,,,,,,,,,,ø,,,,,,ø,,,,Tome of Beasts,24,,,,,,,,,,,
Pari,Medium,Celestial,,Lawful Good,13,,x,,,,,,,,,,,,,,,,,,Journeys Through the Radiant Citadel,167,,,Arboreal Grappler,Medium,Aberration,,Neutral Evil,3,,,,,,,,,,,ø,,,,ø,,,,,Tome of Beasts,25,,,,,,,,,,,
"Parzelon, King of Secrets",Huge,Fiend,"Devil, Archdevil",Lawful Evil,25,,x,x,,x,,,,,,,,,,,,,,x,Creature Codex,101,,,Aridni,Small,Fey,,Neutral Evil,5,,x,,,,,,,,,ø,,ø,,ø,,,,,Tome of Beasts,26,,,,,,,,,,,
Parzz'val,Large,Aberration,,Chaotic Evil,8,,,,,,,,,,,,,x,,,,,,,Tome of Beasts 2,292,,,Asanbosam,Large,Aberration,,Chaotic Evil,5,,,,,,,,,ø,,ø,,ø,,ø,,,,,Tome of Beasts,27,,,,,,,,,,,
Past Yithian,Large,Aberration,,Lawful Neutral,11,,x,,,,,,,,,,,,,,,,,,Sandy Petersen's Cthulhu Mythos,398,,,Azza Gremlin,Small,Fey,,Neutral,1/4,,,,,,,,,,,,,,,,,,,ø,Tome of Beasts,28,,,,,,,,,,,
Pattern Dancer,Medium,Humanoid,Elf,Chaotic Evil,2,,x,,,,,,,,,,,,,,x,,x,,Creature Codex,147,,,"Baba Yaga’s Horsemen, Base",Medium,Fey,,Lawful Neutral,11,,x,,,x,,,ø,,ø,,,ø,ø,,,,,,Tome of Beasts,30,,,,,,,,,,,
Pazuzu,Large,Fiend,Demon,Chaotic Evil,25,,x,x,x,x,,,,,,,,,,,,,,ø,Minsc and Boo's Journal of Villainy,104,,,Bagiennik,Medium,Aberration,,Chaotic Neutral,3,,,,,,,,,,,ø,,,,ø,,,,,Tome of Beasts,31,,,,,,,,,,,
Peat Mammoth,Huge,Plant,,Neutral,10,,,,,,,,,,,,,,,x,,,,,Tome of Beasts 2,293,,,Bastet Temple Cat,Small,Beast,,Chaotic Neutral,1,,x,,,,,,,,ø,,,,,,,,ø,,Tome of Beasts,32,,,,,,,,,,,
Pech,Small,Elemental,,Neutral Good,2,,,,,,,,,,,,,,x,,x,,,,Creature Codex,294,,,Bearfolk,Medium,Humanoid,,Chaotic Good,3,,,,,,,,ø,,,ø,,ø,ø,,,,,,Tome of Beasts,33,,,,,,,,,,,
Pech,Small,Fey,,Neutral Good,1/4,,x,,,,,,,,,,,,,,x,,,x,Fifth Edition Foes,181,,,Behtu,Small,Humanoid,,Chaotic Evil,2,,,,,,,,,,,,,,ø,ø,,,,,Tome of Beasts,34,,,,,,,,,,,
Pech,Small,Elemental,,Neutral Good,4,,,,,,,,,,,,,,,,,,,,Quests from the Infinite Staircase,213,,,Beli,Small,Fey,,Neutral Evil,2,,x,,,,,,ø,,,,,,ø,,,,,,Tome of Beasts,35,,,,,,,,,,,
Pech Lithlord,Small,Elemental,,Neutral Good,7,,x,,,,,,,,,,,,x,,x,,,,Creature Codex,295,,,Bereginyas,Tiny,Fey,,Neutral Evil,4,,,,,,,,,,,ø,,ø,ø,,,,,,Tome of Beasts,36,,,,,,,,,,,
Pech Stonemaster,Small,Elemental,,Neutral Good,4,,x,,,,,,,,,,,,x,,x,,,,Creature Codex,295,.,,Blemmyes,Large,Monstrosity,,Chaotic Evil,8,,,,,,,,,,,ø,ø,ø,ø,,,,,,Tome of Beasts,37,,,,,,,,,,,
Pegasus,Large,Celestial,,Chaotic Good,2,,,,,,,,,,,x,x,x,,,,,,,Monster Manual,250,,,Boloti,Tiny,Fey,,Neutral Evil,1,,x,,,,,,,ø,,,,,,ø,,ø,,,Tome of Beasts,38,,,,,,,,,,,
Peluda Drake,Large,Dragon,,Chaotic Neutral,3,,,,,,,,,,,x,,,,,,,,,Creature Codex,131,,,Bone Collective,Small,Undead,,Chaotic Evil,8,,x,,,,,,ø,,,ø,,ø,ø,ø,ø,,,,Tome of Beasts,39,,,,,,,,,,,
Pelyious Avhoste,Medium,Humanoid,Human,Neutral Evil,9,,x,,,x,,,,,,,,,,,,,ø,,Minsc and Boo's Journal of Villainy,120,,,Bone Crab,Small,Beast,,Neutral,1/2,,,,,,,,,ø,,,,,,,,,,,Tome of Beasts,40,,,,,,,,,,,
Pendragon Beestinger,Medium,Humanoid,Human,Neutral Evil,2,,x,,,x,,,,,,,,,,,,,ø,,Acquisitions Incorporated,206,,,Bone Swarm,Large,Undead,Swarm,Chaotic Evil,10,,,,,,,,,,ø,,,ø,ø,,,,,,Tome of Beasts,41,,,,,,,,,,,
Pentadrone,Large,Construct,Modron,Lawful Neutral,2,,,,,,,,,,,,,,,,,,,ø,Monster Manual,226,,,Avatar of Boreas,Medium,Elemental,,Chaotic Evil,17,,x,x,,x,,,ø,,,,,,ø,,,,,,Tome of Beasts,42,,,,,,,,,,,
Percival de Rolo,Medium,Humanoid,human,Not Provided,18,,,,,x,,,,,,,,,,,,,,,Tal'Dorei Campaign Setting Reborn,266,,,Bouda,Medium,Fiend,,Neutral Evil,5,,,,,,,,,,,,,,,,,,ø,ø,Tome of Beasts,44,,,,,,,,,,,
Peryton,Medium,Monstrosity,,Chaotic Evil,2,,,,,,,,,,,,,x,x,,,,,,Monster Manual,251,,,Broodiken,Tiny,Construct,,Neutral,1,,,,,,,,ø,ø,ø,ø,ø,ø,ø,ø,ø,,ø,,Tome of Beasts,45,,,,,,,,,,,
Pest Mascot,Tiny,Monstrosity,,Unaligned,1/4,,,,,,,,,,,,,,,x,,,,,Strixhaven: A Cirriculum of Chaos,203,,,Bucca,Tiny,Fey,,Neutral Evil,1/2,,x,,,,,,,,,,,,,,ø,,,,Tome of Beasts,46,,,,,,,,,,,
Pestie Mite,Small,Fey,,Lawful Neutral,1/4,,x,,,,,,,,,,,,,,x,,,,Fifth Edition Foes,172,,,Bukavac,Large,Monstrosity,,Neutral Evil,9,,,,,,,,,,,ø,,,,ø,,ø,,,Tome of Beasts,47,,,,,,,,,,,
Pestilence Swarm,Medium,Beast,Swarm,Unaligned,1,,,,,,,,,,,,x,,,,x,,,,Tome of Beasts 2,294,,,Buraq,Medium,Celestial,,Lawful Good,11,,x,,,,,,,,,,,,,,,,,ø,Tome of Beasts,48,,,,,,,,,,,
Phaerimm,Large,Aberration,,Neutral Evil,15,,x,,,,,,,,,,,,,,,,,,Minsc and Boo's Journal of Villainy,147,,,Burrowling,Small,Humanoid,,Lawful Neutral,1/2,,,,,,,,,,,ø,ø,ø,,,,,,,Tome of Beasts,49,,,,,,,,,,,
Phantom,Medium,Undead,,Any,1,,,,,,,,x,x,x,x,x,x,x,x,x,x,x,x,Creature Codex,296,,,Cactid,Large,Plant,,Unaligned,3,,,,,,,,,,ø,,,,,,,,,,Tome of Beasts,50,,,,,,,,,,,
Phantom Warrior,Medium,Undead,,Any,3,,,,,,,,,ø,ø,ø,ø,ø,,ø,,,ø,,Curse of Strahd,235,,,Cambium,Large,Fiend,,Neutral Evil,14,,x,,,,,,,,,,,,,,,,ø,,Tome of Beasts,51,,,,,,,,,,,
Pharblex Spattergoo,Medium,Humanoid,Bullywug,Chaotic Evil,3,,x,,,x,,,,,,,,,,,,,,,Hoard of the Dragon Queen,91,,,Carrion Beetle,Large,Beast,,Neutral,4,,,,,,,,,,,,,,,,ø,,,,Tome of Beasts,52,,,,,,,,,,,
Phase Giant,Huge,Giant,,Neutral,5,,,,,,,,,,,,,,,,x,,,,Tome of Beasts 2,172,,,Cavelight Moss,Large,Plant,,Neutral,4,,,,,,,,,,,,,,,,ø,,,,Tome of Beasts,53,,,,,,,,,,,
Phase Spider,Large,Monstrosity,,Unaligned,3,,,,,,,,,,x,x,x,x,,,x,,x,,Monster Manual,334,,,Chelicerae,Large,Aberration,,Neutral Evil,7,,x,,,,,,,,ø,ø,,ø,ø,,,,ø,,Tome of Beasts,54,,,,,,,,,,,
Phelddagrif,Huge,Celestial,,Neutral Good,5,,,,,,,,,ø,,ø,ø,,,,,,,,Monster a Day Compendium 2.0,161,,,Chernomoi,Tiny,Fey,,Neutral,1,,x,,,,,,,,,,,,,,,,ø,,Tome of Beasts,55,,,,,,,,,,,
Philosopher's Ghost,Medium,Ooze,,Unaligned,4,,,,,,,,,,,,,,,,,,x,,Creature Codex,297,,,Child of the Briar,Tiny,Plant,,Neutral Evil,1,,,,,,,,,,,ø,,ø,,,,,,,Tome of Beasts,56,,,,,,,,,,,
Phisarazu Spyder-Fiend,Large,Fiend,Demon,Chaotic Evil,13,,,,,,,,,,,,,,,,,,,,Vecna: Eve of Ruin,235,,,Chronalmental,Large,Elemental,,Unaligned,8,,,,,,,,,,,,,,,,,,,ø,Tome of Beasts,57,,,,,,,,,,,
Phoenix,Gargantuan,Elemental,,Neutral,16,,,x,,,,,,,x,,,,x,,,,,,Mordenkainen Presents: Monsters of the Multiverse,206,,,Cikavak,Tiny,Beast,,Neutral,1/8,,,,,,,,,,,,,,,,,,ø,,Tome of Beasts,58,,,,,,,,,,,
Phoenix,Gargantuan,Elemental,Elder elemental,Neutral,16,,,x,,,,,,,x,,,,x,,,,,,Mordenkainen's Tome of Foes,199,,,Clockwork Abomination,Large,Fiend,"Construct, Devil",Lawful Neutral,5,,,,,,,,,,,,,,,,,,ø,,Tome of Beasts,59,,,,,,,,,,,
Phoenix Anvil,Medium,Humanoid,Human,Lawful Neutral,2,,x,,,x,,,,,,,,,,,,,ø,,Acquisitions Incorporated,206,,,Clockwork Beetle,Tiny,Construct,,Unaligned,1/2,,,,,,v,,ø,ø,ø,ø,ø,ø,ø,ø,ø,,ø,,Tome of Beasts,60,,,,,,,,,,,
Phycomid,Small,Plant,Fungus,Neutral Evil,1/2,,,,,,,,,,,,,,,,x,,,,Fifth Edition Foes,182,,,Clockwork Beetle Swarm,Large,Construct,Swarm,Neutral,3,,,,,,,,,,,,,,,,,,ø,,Tome of Beasts,61,,,,,,,,,,,
Phylaskia,Large,Undead,,Lawful Neutral,9,,,,,,,,,,,,,,,,ø,,,ø,Mythic Odysseys of Theros,239,,,Clockwork Hound,Medium,Construct,,Unaligned,2,,,,,,,,,,,,,,,,,,ø,,Tome of Beasts,62,,,,,,,,,,,
Piasa,Large,Dragon,,Unaligned,6,,,,,,,,,,,x,,,,,,,,,Creature Codex,298,,,Clockwork Huntsman,Medium,Construct,,Unaligned,3,,,,,,,,,,,,,,,,,,ø,,Tome of Beasts,63,,,,,,,,,,,
Pidlwick II,Small,Construct,,Neutral Evil,1/4,,,,,x,,,,,,,,,,,,,ø,,Curse of Strahd,236,,,Clockwork Myrmidon,Large,Construct,,Unaligned,6,,,,,,,,,,,,,,,,,,ø,,Tome of Beasts,64,,,,,,,,,,,
Piercer,Medium,Monstrosity,,Unaligned,1/2,,,,,,,,,,,,,,,,x,,,,Monster Manual,252,,,Clockwork Watchman,Medium,Construct,,Unaligned,1/2,,,,,,,,,,,,,,,,,,ø,,Tome of Beasts,65,,,,,,,,,,,
Pike Trickfoot,Small,Humanoid,gnome,Not Provided,17,,x,,,x,,,,,,,,,,,,,,,Tal'Dorei Campaign Setting Reborn,269,,,Clockwork Weaving Spider,Tiny,Construct,Spider,Unaligned,1,,,,,,,,,,,,,,,,,,ø,,Tome of Beasts,66,,,,,,,,,,,
Pillar of the Lost Magocracy,Huge,Construct,,Chaotic Neutral,4,,,,,,,,,,,,,x,,,,,,,Creature Codex,299,,,Clurichaun,Tiny,Fey,,Chaotic Neutral,1/4,,x,,,,,,,,,,,,,,,,ø,,Tome of Beasts,67,,,,,,,,,,,
Pine Doom,Huge,Plant,,Neutral,9,,,,,,,,x,,,x,,,,,,,,,Tome of Beasts 2,295,,,Cobbleswarm,Medium,Monstrosity,Swarm,Unaligned,2,,,,,,,,,,,,,,,,ø,,,,Tome of Beasts,68,,,,,,,,,,,
Pirate Axe Thrower,Medium,Humanoid,,Any Non-Lawful,2,,,,,,,,,ø,,,,,,,,,ø,,Monster a Day Compendium 2.0,163,,,Corpse Mound,Huge,Undead,,Neutral Evil,11,,,,,,,,ø,,ø,ø,ø,ø,ø,ø,ø,,,,Tome of Beasts,69,,,,,,,,,,,
Pirate Bosun,Medium,Humanoid,Any Race,Any,1/2,,,,,,,,,ø,,,,,,,,ø,ø,,Ghosts of Saltmarsh,247,,,Dau,Small,Fey,,Chaotic Neutral,4,,x,,,,,,,,ø,,,,,,,,,,Tome of Beasts,70,,,,,,,,,,,
Pirate Captain,Medium,Humanoid,Any Race,Any,2,,,,,,,,,ø,,,,,,,,ø,ø,,Ghosts of Saltmarsh,247,,,Death Butterfly Swarm,Large,Beast,Swarm,Chaotic Evil,4,,,,,,,,,,,ø,,ø,,,,,,,Tome of Beasts,71,,,,,,,,,,,
Pirate Chain Swinger,Medium,Humanoid,,Any Non-Lawful,3,,,,,,,,,ø,,,,,,,,,ø,,Monster a Day Compendium 2.0,163,,,"Death Butterfly Swarm, Greater",Huge,Beast,Swarm,Chaotic Evil,6,,,,,,,,,,,ø,,ø,,,,,,,Tome of Beasts,71,,,,,,,,,,,
Pirate Deck Wizard,Medium,Humanoid,Any Race,Any,1,,x,,,,,,,ø,,,,,,,,ø,ø,,Ghosts of Saltmarsh,248,,,Deathwisp,Medium,Undead,,Neutral Evil,7,,,,,,,,,,,ø,,,,,,,ø,ø,Tome of Beasts,72,,,,,,,,,,,
Pirate First Mate,Medium,Humanoid,Any Race,Any,1,,,,,,,,,ø,,,,,,,,ø,ø,,Ghosts of Saltmarsh,248,,,Deep One,Medium,Humanoid,,Chaotic Evil,2,,,,,,,,,ø,,,,,,,,ø,,,Tome of Beasts,73,,,,,,,,,,,
Pishacha,Medium,Fiend,Shapechanger,Chaotic Evil,3,,,,,,,,,,,,,,,,,,,x,Creature Codex,88,,,Deep One Hybrid Priest,Medium,Humanoid,,Chaotic Evil,4,,x,,,,,,,ø,,,,,,,,ø,,,Tome of Beasts,73,,,,,,,,,,,
Pit Fiend,Large,Fiend,Devil,Lawful Neutral,20,,x,,,,,,,,,,,,,,,,,ø,Monster Manual,77,,,Deep One Archimandrite,Large,Humanoid,,Chaotic Evil,8,,x,,,,,,,ø,,,,,,,,ø,,,Tome of Beasts,74,,,,,,,,,,,
Pixie,Tiny,Fey,,Neutral Good,1/4,,x,,,,,,,,,x,,,,,,,,,Monster Manual,253,Infernal Machine Rebuild 77,,Apau Perape,Large,Fiend,Demon,Chaotic Evil,6,,x,,,,,,,,,ø,,,,,,,,ø,Tome of Beasts,75,,,,,,,,,,,
Pixie's Umbrella,Small,Plant,,Unaligned,1/8,,,,,,,,,,,,,,,,x,,,,Tome of Beasts 2,158,,,Berstuc,Large,Fiend,Demon,Chaotic Evil,11,,,,,,,,,,,ø,,,,,,,,ø,Tome of Beasts,76,,,,,,,,,,,
Pixiu,Large,Monstrosity,,Unaligned,6,,,,,,,,,,,,,,x,,x,,,,Creature Codex,300,,,Kishi,Medium,Fiend,Demon,Chaotic Evil,8,,x,,,,,,,,,,,,,,,,ø,ø,Tome of Beasts,77,,,,,,,,,,,
Plague Spirit,Medium,Fey,,Unaligned,9,,,,,,,,x,x,x,x,x,x,x,x,x,x,x,,Tome of Beasts 2,296,,,Malakbel,Medium,Fiend,Demon,Chaotic Evil,9,,,,,,,,,,,,,,,,,,ø,ø,Tome of Beasts,78,,,,,,,,,,,
Plaguebringer,Gargantuan,Monstrosity,shapechanger,Chaotic Evil,20,,x,x,,,,,ø,ø,ø,ø,ø,ø,ø,ø,ø,,ø,x,Dark Arts Player's Companion,46,,,Psoglav,Large,Fiend,Demon,Chaotic Evil,7,,x,,,,,,,,,,,,,,,,,ø,Tome of Beasts,79,,,,,,,,,,,
Plainscow,Large,Beast,,Not Provided,2,,,,,,,,,,,,ø,ø,,,,,ø,,Tal'Dorei Campaign Setting Reborn,248,,,Rubezahl,Medium,Fiend,Demon,Chaotic Evil,10,,x,,,,,,,,,,,,,,,,,ø,Tome of Beasts,80,,,,,,,,,,,
Planar Incarnate,Gargantuan,Celestial,,Any,22,,,x,,,,,,,,,,,,,,,,x,Morte's Planar Parade,41,,,Demon Lord of Cockroaches Akyishigal,Large,Fiend,"Demon, Demon Lord",Chaotic Evil,12,,x,x,,x,,,,,,,,,,,,,,ø,Tome of Beasts,82,,,,,,,,,,,
Planar Incarnate,Gargantuan,Fiend,,Any,22,,,x,,,,,,,,,,,,,,,,x,Morte's Planar Parade,41,,,Spawn of Akyishigal,Medium,Fiend,,Chaotic Evil,5,,,,,,,,,,,,,,,,,,,ø,Tome of Beasts,83,,,,,,,,,,,
Planetar,Large,Celestial,,Lawful Good,16,,x,,,,,,,,,,,,,,,,,ø,Monster Manual,17,,,Demon Lord of Night Alquam,Huge,Fiend,"Demon, Demon Lord",Chaotic Evil,21,,,x,x,x,,,,,,,,,,,,,,ø,Tome of Beasts,84,,,,,,,,,,,
Plaresh,Medium,Fiend,"Demon, Swarm",Chaotic Evil,3,,,,,,,,x,x,x,x,x,x,x,x,x,x,x,x,Creature Codex,89,,,Demon Lord of Bats and Fire Camazotz,Large,Fiend,"Demon, Demon Lord",Chaotic Evil,22,,x,x,,x,,,,,,,,,,,,,,ø,Tome of Beasts,85,,,,,,,,,,,
Plasmid,Large,Monstrosity,Shapechanger,Neutral,5,,,,,,,,,ø,,,,,,,,x,,,DM's Guild: Exploring Eberron,247,,,Skin Bat,Small,Fiend,,Neutral Evil,1/2,,,,,,,,,,,,,,,,,,,ø,Tome of Beasts,87,,,,,,,,,,,
Plasmoid Boss,Large,Ooze,,Any,4,,,,,,,,,,,,,,,,,,,,Boo's Astral Menagerie,42,,,"Demon Lord of Apes, Mechuiti",Gargantuan,Fiend,"Demon, Demon Lord",Chaotic Evil,27,,,x,x,x,,,,,,,,,,,,,,ø,Tome of Beasts,88,,,,,,,,,,,
Plasmoid Explorer,Medium,Ooze,,Any,1/4,,,,,,,,,,,,,,,,,,,,Boo's Astral Menagerie,43,,,Demon Lord of the Devouring Worm Qorgeth,Gargantuan,Fiend,"Demon, Demon Lord",Chaotic Evil,23,,x,x,x,x,,,,,,,,,,,,,ø,,Tome of Beasts,90,,,,,,,,,,,
Plasmoid Warrior,Medium,Ooze,,Any,3,,,,,,,,,,,,,,,,,,,,Boo's Astral Menagerie,43,,,Derro Fetal Savant,Tiny,Humanoid,,Chaotic Evil,4,,,,,,,,,,,,,,,,ø,,,,Tome of Beasts,92,,,,,,,,,,,
Platinum Golem,Large,Construct,,Not Provided,16,,,,,,,,,,,,,,,,,,ø,,Tal'Dorei Campaign Setting Reborn,243,,,Derro Shadow Antipaladin,Small,Humanoid,,Chaotic Evil,5,,x,,,,,,,,,,,,,,ø,,,,Tome of Beasts,93,,,,,,,,,,,
Plesiosaurus,Large,Beast,Dinosaur,Unaligned,2,,,,,,,,,x,,,,,,,,x,,,Monster Manual,80,,,Arbeyach,Large,Fiend,"Devil, Archdevil",Lawful Neutral,21,,x,x,,x,,,,,,,,,,,,,,ø,Tome of Beasts,95,,,,,,,,,,,
Podling,Medium,Plant,,Not Provided,1/2,,,,,,,,,,,ø,ø,ø,,,ø,,ø,,Van Richten's Guide to Ravenloft,227,,,Spawn of Arbeyach,Medium,Fiend,,Lawful Neutral,5,,x,,,,,,,ø,ø,,,,,,,,,,Tome of Beasts,97,,,,,,,,,,,
"Poena, Duke of Retribution",Large,Fiend,"Devil, Archdevil",Lawful Evil,19,,x,,,x,,,,,,,,,,,,,,x,Tome of Beasts 2,99,,,Ia’Affrat,Large,Fiend,"Swarm, Devil",Lawful Neutral,15,,x,,,x,,,,,,,,,,,,,,ø,Tome of Beasts,98,,,,,,,,,,,
Poisonous Fire Snake,Small,Fiend,,Unaligned,1/2,,,,,,,,,,,x,,,,,,,,x,Fifth Edition Foes,102,,,Mammon,Huge,Fiend,Devil,Lawful Neutral,25,,x,x,x,x,,,,,,,,,,,,,,ø,Tome of Beasts,99,,,,,,,,,,,
Poisonous Snake,Tiny,Beast,,Unaligned,1/8,,,,,,x,,,x,x,x,x,x,,x,,,,,Monster Manual,334,"Infernal Machine Rebuild 78, Player's Handbook 308",,"Totivillus, Scribe of Hell",Medium,Fiend,Devil,Lawful Neutral,24,,x,x,,x,,,,,,,,,,,,,,ø,Tome of Beasts,101,,,,,,,,,,,
Polar Bear,Large,Beast,Cave Bear,Unaligned,2,,,,,,,,x,,,,,,,,x,,,,Monster Manual,334,"Infernal Machine Rebuild 78, Rise of Tiamat Online Supplement 22",,Automata,Large,Fiend,Devil,Lawful Neutral,10,,x,,,,,,,,,,,,,,,,,ø,Tome of Beasts,102,,,,,,,,,,,
Pollenella the Honeybee,Tiny,Beast,,Unaligned,0,,,,,x,,,,,,,,,,,,,,,The Wild Beyond The Witchlight,135,,,Chort,Medium,Fiend,Devil,Lawful Neutral,12,,x,,,,,,,,,,,,,,,,,ø,Tome of Beasts,104,,,,,,,,,,,
Polukranos,Gargantuan,Monstrosity,,Unaligned,19,,,x,,x,,,,,,,,,,,,,,,Mythic Odysseys of Theros,231,,,Crystalline Devil,Medium,Fiend,Devil,Lawful Neutral,6,,x,,,,,,,,,,,,,,,,,ø,Tome of Beasts,105,,,,,,,,,,,
Pombero,Medium,Fey,,Chaotic Neutral,3,,,,,,,,,,,ø,,,,,,,ø,,Tome of Beasts,313,,,Gilded Devil,Medium,Fiend,Devil,Lawful Neutral,7,,x,,,,,,,,,,,,,,,,,ø,Tome of Beasts,106,,,,,,,,,,,
Pony,Medium,Beast,,Unaligned,1/8,,,,,,,,,,,,,,,,,,x,,Monster Manual,335,,,Ink Devil,Small,Fiend,Devil,Lawful Neutral,2,,x,,,,,,,,,,,,,,,,,ø,Tome of Beasts,108,,,,,,,,,,,
Portentia Dran,Medium,Monstrosity,Shapechanger,Lawful Evil,3,,,,,x,,,,,,,,,,,,,ø,,Acquisitions Incorporated,208,,,Koralk (Harvester Devil),Large,Fiend,Devil,Lawful Neutral,11,,,,,,,,,,,,,,,,,,,ø,Tome of Beasts,108,,,,,,,,,,,
Possessed Pillar,Large,Construct,,Unaligned,7,,,,,,,,,,ø,,,,,ø,,,,,Tome of Beasts,314,,,Lunar Devil,Large,Fiend,Devil,Lawful Neutral,8,,x,,,,,,,,,,,,,,,,,ø,Tome of Beasts,110,,,,,,,,,,,
Poultice Sliver,Large,Monstrosity,Sliver,Neutral Evil,3,,,,,,,,,ø,,ø,ø,ø,ø,ø,ø,,,,Monster a Day Compendium 2.0,186,,,Orobas Devil,Large,Fiend,Devil,Lawful Neutral,14,,x,,,,,,,,,,,,,,,,,ø,Tome of Beasts,111,,,,,,,,,,,
Precognitive Mage,Medium,Humanoid,Any Race,Lawful Neutral,3,,x,,,,,,,,,,,,,,,,ø,,Guildmaster's Guide to Ravnica,228,,,Salt Devil,Medium,Fiend,Devil,Lawful Neutral,6,,x,,,,,,,,,,,,,,,,,ø,Tome of Beasts,113,,,,,,,,,,,
Preta,Medium,Undead,,Neutral Evil,3,,,,,,,,x,x,x,x,x,x,x,x,x,x,x,x,Creature Codex,223,,,Mbielu,Huge,Beast,Dinosaur,Unaligned,3,,,,,,,,,ø,,,,,,ø,,ø,,,Tome of Beasts,114,,,,,,,,,,,
Priest,Medium,Humanoid,Any Race,Any,2,,x,,,,,,,,,,,,,,,,x,,Monster Manual,348,,,Ngobou,Large,Beast,Dinosaur,Unaligned,5,,,,,,,,,,,,ø,ø,,,,,,,Tome of Beasts,115,,,,,,,,,,,
Priest of Blight,Medium,Humanoid,,Chaotic Evil,8,,x,,,,,,,,,,,,,,ø,,,,Monster a Day Compendium 2.0,164,,,Spinosaurus,Gargantuan,Beast,Dinosaur,Unaligned,13,,,x,,,,,,ø,,ø,,,,ø,,,,,Tome of Beasts,116,,,,,,,,,,,
Priest of Osybus,Medium,Humanoid,,Not Provided,6,,,,,,,,,,,,,,,,,,ø,ø,Van Richten's Guide to Ravenloft,240,,,Young Spinosaurus,Huge,Beast,Dinosaur,Unaligned,5,,,,,,,,,ø,,ø,,,,ø,,,,,Tome of Beasts,117,,,,,,,,,,,
Primal Oozer,Medium,Aberration,,Neutral Evil,6,,,,,,,,,,,,,,,x,,,,,Tome of Beasts 2,297,,,Dipsa,Tiny,Ooze,,Unaligned,1/4,,,,,,,,,,,,,,,ø,ø,,,,Tome of Beasts,118,,,,,,,,,,,
Primeval Titan,Huge,Monstrosity,,Neutral,10,,,,,,,,,,,ø,,,,,,,,,Monster a Day Compendium 2.0,165,,,Dissimortuum,Medium,Undead,,Chaotic Evil,7,,,,,,,,,,,,,,,,,,ø,,Tome of Beasts,119,,,,,,,,,,,
Prismari Apprentice,Medium,Humanoid,Sorcerer,Any,2,,x,,,,,,,,,,,,,,,,ø,,Strixhaven: A Cirriculum of Chaos,205,,,Dogmole,Medium,Beast,,Neutral,1,,,,,,,,,,,,,,ø,,ø,,,,Tome of Beasts,120,,,,,,,,,,,
Prismari Apprentice,Small,Humanoid,Sorcerer,Any,2,,x,,,,,,,,,,,,,,,,ø,,Strixhaven: A Cirriculum of Chaos,205,,,Dogmole Juggernaut,Large,Monstrosity,,Neutral,5,,,,,,,,,,,,,,ø,,ø,,,,Tome of Beasts,121,,,,,,,,,,,
Prismari Pledgemage,Medium,Humanoid,Sorcerer,Any,4,,x,,,,,,,,,,,,,,,,ø,,Strixhaven: A Cirriculum of Chaos,205,,,Domovoi,Medium,Fey,,Chaotic Neutral,4,,x,,,,,,,,,ø,,,,,ø,,ø,,Tome of Beasts,122,,,,,,,,,,,
Prismari Pledgemage,Small,Humanoid,Sorcerer,Any,4,,x,,,,,,,,,,,,,,,,ø,,Strixhaven: A Cirriculum of Chaos,205,,,Doppelrat,Tiny,Monstrosity,,Unaligned,2,,,,,,,,,,,,,,,,ø,,ø,,Tome of Beasts,123,,,,,,,,,,,
Prismari Prof. of Expression,Medium,Humanoid,Sorcerer,Any,7,,x,,,,,,,,,,,,,,,,ø,,Strixhaven: A Cirriculum of Chaos,206,,,Dorreq,Medium,Aberration,,Neutral Evil,4,,x,,,,,,,ø,ø,,ø,ø,ø,ø,ø,,,,Tome of Beasts,124,,,,,,,,,,,
Prismari Prof. of Expression,Small,Humanoid,Sorcerer,Any,7,,x,,,,,,,,,,,,,,,,ø,,Strixhaven: A Cirriculum of Chaos,206,,,Adult Cave Dragon,Huge,Dragon,,Neutral Evil,16,,x,x,x,,,,,,,,,,,,ø,,,,Tome of Beasts,125,,,,,,,,,,,
Prismari Prof. of Perfection,Medium,Humanoid,Sorcerer,Any,7,,x,,,,,,,,,,,,,,,,ø,,Strixhaven: A Cirriculum of Chaos,206,,,Cave Dragon Wyrmling,Medium,Dragon,,Neutral Evil,2,,x,,,,,,,,,,,,,,ø,,,,Tome of Beasts,126,,,,,,,,,,,
Prismari Prof. of Perfection,Medium,Humanoid,Sorcerer,Any,7,,x,,,,,,,,,,,,,,,,ø,,Strixhaven: A Cirriculum of Chaos,206,,,Young Cave Dragon,Large,Dragon,,Neutral Evil,8,,x,,,,,,,,,,,,,,ø,,,,Tome of Beasts,127,,,,,,,,,,,
Prismatic Beetle Swarm,Medium,Beast,Swarm,Unaligned,3,,,,,,,,,,,,,,,ø,,,,,Tome of Beasts,375,,,Ancient Flame Dragon,Gargantuan,Dragon,,Chaotic Evil,24,,,x,x,,,,,,,,,ø,ø,,,,,,Tome of Beasts,128,,,,,,,,,,,
Prisoner 13,Medium,Humanoid,"Dwarf, Monk",Neutral Evil,5,,,,,x,,,,,,,,,,,,,,,Keys from the Golden Vault,68,,,Adult Flame Dragon,Huge,Dragon,,Chaotic Evil,16,,,x,x,,,,,,,,,ø,ø,,,,,,Tome of Beasts,129,,,,,,,,,,,
Proto-Shoggoth,Medium,Ooze,,Chaotic Evil,9,,,,,,,,x,x,,,,,,,x,x,x,,Sandy Petersen's Cthulhu Mythos,372,,,Young Flame Dragon,Large,Dragon,,Chaotic Evil,9,,,,,,,,,,,,,ø,ø,,,,,,Tome of Beasts,130,,,,,,,,,,,
Pseudodragon,Tiny,Dragon,,Neutral Good,1/4,,,,,,v,,,x,x,x,,x,x,,,,x,,Monster Manual,254,"Infernal Machine Rebuild 78, Player's Handbook 308, Rise of Tiamat Online Supplement 22",,Flame Dragon Wyrmling,Medium,Dragon,,Chaotic Evil,3,,,,,,,,,,,ø,,,ø,ø,,,,,Tome of Beasts,131,,,,,,,,,,,
Psionic Ashenwight,Medium,Undead,,Neutral,7,,x,,,,,,,,,,,,,,,,,,Phandelver and Below: The Shattered Obelisk,204,,,Ancient Mithral Dragon,Gargantuan,Dragon,,Neutral,18,,x,x,,,,,,,,,,,,,ø,,,,Tome of Beasts,132,,,,,,,,,,,
Psoglav,Large,Fiend,Demon,Chaotic Evil,7,,x,,,,,,,,,,,,,,,,,ø,Tome of Beasts,79,,,Adult Mithral Dragon,Huge,Dragon,,Neutral,14,,x,x,,,,,,,,,,,,,ø,,,,Tome of Beasts,133,,,,,,,,,,,
Psurlon,Medium,Aberration,,Lawful Evil,2,,x,,,,,,,,,,,,,,,,,,Boo's Astral Menagerie,44,,,Young Mithral Dragon,Medium,Dragon,,Neutral,6,,x,,,,,,,,,,,,,,ø,,,,Tome of Beasts,134,,,,,,,,,,,
Psurlon Leader,Medium,Aberration,,Lawful Evil,6,,x,,,,,,,,,,,,,,,,,,Boo's Astral Menagerie,45,,,Adult Sea Dragon,Huge,Dragon,,Neutral Evil,16,,,x,x,,,,,,,,,,,,,ø,,,Tome of Beasts,135,,,,,,,,,,,
Psurlon Ringer,Medium,Aberration,,Lawful,1,,x,,,,,,,,,,,,,,,,,,Boo's Astral Menagerie,45,,,Ancient Sea Dragon,Gargantuan,Dragon,,Neutral Evil,22,,,x,x,,,,,,,,,,,,,ø,,,Tome of Beasts,135,,,,,,,,,,,
Psychic Vampire,Medium,Undead,,Lawful Evil,13,,,x,x,,,,,,,,,,,,,,x,,Tome of Beasts 2,357,,,Sea Dragon Qyrmling,Medium,Dragon,,Neutral Evil,2,,,,,,,,,,,,,,,,,ø,,,Tome of Beasts,136,,,,,,,,,,,
Pterafolk,Large,Monstrosity,,Neutral Evil,1,,,,,,,,,,,,,,,,,,,,Tomb of Annihilation,229,,,Young Sea Dragon,Large,Dragon,,Neutral Evil,9,,,,,,,,,,,,,,,,,ø,,,Tome of Beasts,137,,,,,,,,,,,
Pteranodon,Medium,Beast,Dinosaur,Unaligned,1/4,,,,,,,,,x,,,x,,x,,,,,,Monster Manual,80,,,Ancient Void Dragon,Gargantuan,Dragon,,Chaotic Neutral,24,,,x,x,,,,,,,,,,,,,,,ø,Tome of Beasts,138,,,,,,,,,,,
Pumpkin King,Huge,Plant,,Unaligned,13,,,x,,,,,,,,,,,,ø,ø,,,,Monster a Day Compendium 2.0,166,,,Adult Void Dragon,Huge,Dragon,,Chaotic Neutral,14,,,x,x,,,,,,,,,,,,,,,ø,Tome of Beasts,139,,,,,,,,,,,
Pumpkin King,Huge,Fey,,Chaotic Neutral,10,,x,x,,x,,,,,,x,x,,,,,,,,Tome of Beasts 2,298,,,Void Dragon Wyrmling,Medium,Dragon,,Chaotic Neutral,2,,,,,,,,,,,,,,,,,,,ø,Tome of Beasts,140,,,,,,,,,,,
Purple Slime,Large,Ooze,,Unaligned,3,,,,,,,,,x,,,,,,x,,,,,Creature Codex,307,,,Young Void Dragon,Large,Dragon,,Chaotic Neutral,9,,,,,,,,,,,,,,,,,,,ø,Tome of Beasts,140,,,,,,,,,,,
Purple Worm,Gargantuan,Monstrosity,,Unaligned,15,,,,,,,,,,x,,,,,,x,,,,Monster Manual,255,,,Ancient Wind Dragon,Gargantuan,Dragon,,Chaotic Neutral,22,,x,x,x,,,,,,,,,,ø,,,,,,Tome of Beasts,142,,,,,,,,,,,
Purple Wormling,Large,Monstrosity,,Unaligned,2,,,,,,,,,,,,,,,,,,,,Storm King's Thunder,242,,,Adult Wind Dragon,Huge,Dragon,,Chaotic Neutral,17,,x,x,x,,,,,,,,,,ø,,,,,,Tome of Beasts,143,,,,,,,,,,,
Pustulent Shambler,Gargantuan,Ooze,,Unaligned,13,,,,,,,,x,x,x,x,x,x,x,x,x,x,x,,Tome of Beasts 2,299,,,Young Wind Dragon,Large,Dragon,,Chaotic Neutral,6,,x,,,,,,,,,,,,ø,,,,,,Tome of Beasts,144,,,,,,,,,,,
Pustuloid,Small,Fiend,Demon,Chaotic Evil,1,,,,,,,,,,,,,,,,ø,,,ø,Monster a Day Compendium 2.0,167,,,Wind Dragon Wyrmling,Medium,Dragon,,Chaotic Neutral,1,,,,,,,,,,,,,,ø,,,,,,Tome of Beasts,145,,,,,,,,,,,
Putrescent Slime,Medium,Ooze,,Unaligned,1,,,,,,,,,,,,,,,,,,,,Tome of Beasts 2,300,,,Dragon Eel,Huge,Dragon,,Neutral,12,,,,,,,,,ø,,,,,,,ø,ø,,,Tome of Beasts,146,,,,,,,,,,,
Putrid Haunt,Medium,Undead,,Neutral Evil,2,,,,,,,,,,,,,,,ø,,,,,Tome of Beasts,315,,,Dragonleaf Tree,Large,Plant,,Unaligned,8,,,,,,,,,,,ø,,,,,,,,,Tome of Beasts,147,,,,,,,,,,,
Pyrolisk,Small,Monstrosity,,Neutral Evil,1/2,,,,,,,,,,x,,x,,,,x,,,,Fifth Edition Foes,188,,,Alehouse Drake,Tiny,Dragon,,Chaotic Neutral,1/2,,x,,,,,,,,,,,,,,,,ø,,Tome of Beasts,148,,,,,,,,,,,
Qiqirin,Small,Monstrosity,,Neutral,2,,,,,,,,x,,,,,,,,,,,,Tome of Beasts 2,301,,,Ash Drake,Small,Dragon,,Neutral Evil,4,,,,,,,,,,,,,,,,,,ø,,Tome of Beasts,149,,,,,,,,,,,
Qithukye,Medium,Aberration,,Neutral,2,,,,,,,,,,,,,,,,,,,ø,Monster a Day Compendium 2.0,168,,,Coral Drake,Medium,Dragon,,Neutral Evil,7,,,,,,,,,,ø,,,,,,,ø,,,Tome of Beasts,150,,,,,,,,,,,
Quadricorn,Large,Monstrosity,,Neutral Evil,4,,,,,,,,,,,,x,x,,,,,,,Fifth Edition Foes,189,,,Crimson Drake,Tiny,Dragon,,Chaotic Evil,1,,,,,,v,,,,,ø,,ø,ø,,,,,,Tome of Beasts,151,,,,,,,,,,,
Quadrone,Medium,Construct,Modron,Lawful Neutral,1,,,,,,,,,,,,,,,,,,,ø,Monster Manual,226,,,Deep Drake,Large,Dragon,,Chaotic Evil,9,,,,,,,,,,,,,,,,ø,,,,Tome of Beasts,152,,,,,,,,,,,
Quaggoth,Medium,Humanoid,Quaggoth,Chaotic Neutral,2,,,,,,,,,,,,,,,,x,,,,Monster Manual,256,,,Elder Shadow Drake,Large,Dragon,,Chaotic Evil,7,,,,,,,,,,,ø,,,,,ø,,,,Tome of Beasts,153,,,,,,,,,,,
Quaggoth Spore Servant,Medium,Plant,,Unaligned,1,,,,,,,x,,,,,,,,,x,,,,Monster Manual,230,,,Paper Drake,Small,Dragon,,Neutral,2,,,,,,,,,,,,,,,,,,ø,,Tome of Beasts,154,,,,,,,,,,,
Quaggoth Thonot,Medium,Humanoid,Quaggoth,Chaotic Neutral,3,,x,,,,,,,,,,,,,,x,,,,Monster Manual,256,,,Rust Drake,Medium,Dragon,,Chaotic Evil,8,,,,,,,,,,,,,,ø,,ø,,,,Tome of Beasts,155,,,,,,,,,,,
Quandrix Apprentice,Medium,Humanoid,Sorcerer,Any,2,,x,,,,,,,,,,,,,,,,ø,,Strixhaven: A Cirriculum of Chaos,208,,,Star Drake,Large,Dragon,,Neutral,15,,x,x,,,,,,,,,,,,,,,,ø,Tome of Beasts,156,,,,,,,,,,,
Quandrix Apprentice,Small,Humanoid,Sorcerer,Any,2,,x,,,,,,,,,,,,,,,,ø,,Strixhaven: A Cirriculum of Chaos,208,,,Drakon,Large,Beast,,Unaligned,5,,,,,,,,,ø,,,,,,,,ø,,,Tome of Beasts,157,,,,,,,,,,,
Quandrix Pledgemage,Medium,Humanoid,Sorcerer,Any,4,,x,,,,,,,,,,,,,,,,ø,,Strixhaven: A Cirriculum of Chaos,208,,,Dream Eater,Medium,Fiend,,Lawful Neutral,5,,x,,,,,,,,,,,,,,,,ø,,Tome of Beasts,158,,,,,,,,,,,
Quandrix Pledgemage,Small,Humanoid,Sorcerer,Any,4,,x,,,,,,,,,,,,,,,,ø,,Strixhaven: A Cirriculum of Chaos,208,,,Drowned Maiden,Medium,Undead,,Neutral Evil,5,,x,,,,,,,ø,,,,,,ø,,ø,ø,,Tome of Beasts,159,,,,,,,,,,,
Quandrix Prof. of Substance,Medium,Humanoid,Sorcerer,Any,7,,x,,,,,,,,,,,,,,,,ø,,Strixhaven: A Cirriculum of Chaos,209,,,Duskthorn Dryad,Medium,Fey,Dryad,Any Chaotic,3,,x,,,,,,,,,ø,ø,,,,,,,,Tome of Beasts,160,,,,,,,,,,,
Quandrix Prof. of Substance,Small,Humanoid,Sorcerer,Any,7,,x,,,,,,,,,,,,,,,,ø,,Strixhaven: A Cirriculum of Chaos,209,,,Dullahan,Large,Fey,,Lawful Neutral,11,,x,,,,,,,,,,,,,,,,,ø,Tome of Beasts,161,,,,,,,,,,,
Quandrix Prof. of Theory,Medium,Humanoid,Sorcerer,Any,7,,x,,,,,,,,,,,,,,,,ø,,Strixhaven: A Cirriculum of Chaos,209,,,Dune Mimic,Huge,Monstrosity,,Neutral,8,,,,,,,,,,ø,,,,ø,,,,,,Tome of Beasts,162,,,,,,,,,,,
Quandrix Prof. of Theory,Small,Humanoid,Sorcerer,Any,7,,x,,,,,,,,,,,,,,,,ø,,Strixhaven: A Cirriculum of Chaos,209,,,Eala,Small,Monstrosity,,Unaligned,2,,,,,,,,,,,,,,,,,,,ø,Tome of Beasts,163,,,,,,,,,,,
Quasit,Tiny,Fiend,"Shapechanger, Demon",Chaotic Evil,1,,,,,,v,,,,,,,,,,,,,ø,Monster Manual,63,Player's Handbook 309,,Eater of Dust,Medium,Aberration,,Neutral Evil,9,,x,,,,,,,,ø,,,,,,,,,,Tome of Beasts,164,,,,,,,,,,,
Quavilithku Spyder-Fiend,Large,Fiend,Demon,Chaotic Evil,17,,,,,,,,,,,,,,,,,,,,Vecna: Eve of Ruin,236,,,Edimmu,Medium,Undead,,Chaotic Evil,4,,,,,,,,,,ø,,ø,,,,,,,,Tome of Beasts,165,,,,,,,,,,,
Queen Asria,Medium,Humanoid,Half-elf,Unaligned,8,,,,,x,,,,,,,,,,,,,ø,,Monster a Day Compendium 2.0,100,,,Eel Hound,Medium,Fey,,Neutral,2,,,,,,,,,ø,,ø,,,,ø,,ø,,,Tome of Beasts,166,,,,,,,,,,,
Queen of Birds,Large,Fey,"Animal Lord, Shapechanger",Chaotic Neutral,14,,x,x,x,x,,,,,,,,,,,,,,,Creature Codex,30,,,Einherjar,Medium,Humanoid,,Chaotic Neutral,7,,x,,,,,,ø,,,,,,,,,,,,Tome of Beasts,167,,,,,,,,,,,
Queen of Cats,Large,Fey,"Animal Lord, Shapechanger",Chaotic Good,15,,x,x,x,x,,,,,,,,,,,,,x,,Creature Codex,32,,,Eleinomae,Medium,Fey,,Chaotic Evil,5,,x,,,,,,,,,,,,,ø,,,,,Tome of Beasts,168,,,,,,,,,,,
Queen of Scorpions,Medium,Fey,Shapechanger,Lawful Evil,13,,x,x,,x,,,,,x,,,,,,,,,,Tome of Beasts 2,21,,,Elemental Locus,Gargantuan,Elemental,,Neutral,17,,,,,,,,,,,,,,,,,,,ø,Tome of Beasts,169,,,,,,,,,,,
Queen of Serpents,Medium,Fey,"Animal Lord, Shapechanger",Lawful Neutral,12,,x,x,,x,,,,,,,,,x,,,,,,Creature Codex,34,,,Dualist Shadow Fey Elves,Medium,Humanoid,Elf,Lawful Neutral,6,,x,,,,,,,,,,,,,,ø,,,ø,Tome of Beasts,171,,,,,,,,,,,
Quetzalcoatlus,Huge,Beast,dinosaur,Unaligned,2,,,,,,,,,x,,,,x,x,,,,,,Mordenkainen Presents: Monsters of the Multiverse,96,"Volo's Guide to Monsters 140, Tomb of Annihilation 230",,Shadow Fey Elves,Medium,Humanoid,Elf,Lawful Neutral,1/4,,x,,,,,,,,,,,,,,ø,,,ø,Tome of Beasts,171,,,,,,,,,,,
Quickling,Tiny,Fey,,Chaotic Evil,1,,,,,,,,,,,x,,,,,,,,,Mordenkainen Presents: Monsters of the Multiverse,207,"Volo's Guide to Monsters 187, The Wild Beyond The Witchlight 239",,Enchantress Shadow Fey Elves,Medium,Humanoid,Elf,Lawful Neutral,7,,x,,,,,,,,,,,,,,ø,,,ø,Tome of Beasts,172,,,,,,,,,,,
Quickserpent,Large,Beast,,Unaligned,4,,,,,,,,,,,,,,,x,,,,,Tome of Beasts 2,303,,,Forest Hunter Shadow Fey Elves,Medium,Humanoid,Elf,Lawful Neutral,5,,x,,,,,,,,,,,,,,ø,,,ø,Tome of Beasts,173,,,,,,,,,,,
Quickstep,Small,Fey,,Neutral Evil,5,,,,,,,,,,,x,,,,,,,x,,Creature Codex,308,,,Guardian Shadow Fey Elves,Large,Humanoid,Elf,Neutral Evil,4,,x,,,,,,,,,,,,,,ø,,,ø,Tome of Beasts,174,,,,,,,,,,,
Quickwood,Huge,Plant,,Neutral,8,,,,,,,,,,,x,,x,x,,,,,,Fifth Edition Foes,190,,,Emerald Eye,Tiny,Construct,,Chaotic Evil,1,,,,,,,,,,,,,,,,,,ø,,Tome of Beasts,175,,,,,,,,,,,
Quiet Soul,Medium,Undead,,Neutral Evil,6,,,,,,,,x,,,,,,,,x,,,,Creature Codex,309,,,Empty Cloak,Medium,Construct,,Unaligned,1/2,,,,,,,,,,,,,,,,,,ø,,Tome of Beasts,176,,,,,,,,,,,
Quipper,Tiny,Beast,,Unaligned,0,,,,,,x,,,,,,,,,,,x,,,Monster Manual,335,,,Eonic Drifter,Medium,Humanoid,,Chaotic Neutral,1,,,,,,,,,,,,,,,,,,,ø,Tome of Beasts,177,,,,,,,,,,,
Qunbraxel,Medium,Aberration,"Mind Flayer, Warlock",Lawful Evil,9,,x,,,x,,,,,,,,,,,,,,,Phandelver and Below: The Shattered Obelisk,135,,,Erina Defender,Small,Humanoid,,Neutral,1,,,,,,,,,,,ø,ø,ø,ø,,,,ø,,Tome of Beasts,178,,,,,,,,,,,
Quoreq,Medium,Aberration,,Chaotic Evil,5,,,,,,,,x,x,x,x,x,x,x,x,x,x,x,,Tome of Beasts 2,304,,,Erina Scrounger,Small,Humanoid,,Neutral,1/4,,,,,,,,,,,ø,ø,ø,ø,,,,ø,,Tome of Beasts,178,,,,,,,,,,,
Qwyllion,Medium,Aberration,Fey,Neutral Evil,8,,,,,,,,,,,ø,,,,ø,,,,,Tome of Beasts,316,,,Far Darrig,Small,Fey,,Neutral,3,,x,,,,,,ø,,,ø,,,,,,,,,Tome of Beasts,179,,,,,,,,,,,
Radiant Idol,Large,Celestial,,Lawful Evil,11,,x,,,,,,,,,ø,ø,ø,ø,,,,ø,,Eberron: Rising from the Last War,308,,,Fate Eater,Medium,Aberration,,Neutral,6,,x,,,,,,,,,,,,,,,,,ø,Tome of Beasts,180,,,,,,,,,,,
Radiant Spark Swarm,Medium,Elemental,Swarm,Neutral,3,,,,,,,,,,,,,,,,,,,x,Tome of Beasts 2,305,,,Fear Smith (Fiarsídhe),Medium,Fey,,Chaotic Neutral,10,,x,,,,,,,,,,,,,,,,,ø,Tome of Beasts,181,,,,,,,,,,,
Rageipede,Small,Beast,,Unaligned,2,,,,,,,,,,,x,,,,,,,,,Creature Codex,310,,,Fellforged,Medium,Construct,,Lawful Neutral,5,,,,,,,,,,,,,,,,ø,,ø,,Tome of Beasts,182,,,,,,,,,,,
Rahadin,Medium,Humanoid,Elf,Lawful Neutral,10,,x,,,x,,,,,,,,,,,,,ø,,Curse of Strahd,237,,,Fext,Medium,Undead,,Any,6,,x,,,,,,,,,,,,,,,,,ø,Tome of Beasts,183,,,,,,,,,,,
Raider's Worg,Large,Beast,,Unaligned,2,,,,,,,,ø,,,ø,ø,ø,ø,ø,ø,,,,Monster a Day Compendium 2.0,155,,,"Fey Lord, Bear King",Medium,Fey,,Lawful Neutral,12,,,x,x,x,,,,,,ø,,,,,,,,ø,Tome of Beasts,186,,,,,,,,,,,
Rak Tulkhesh,Huge,Fiend,,Neutral Evil,28,,x,x,,x,,,,,,,,,,,,,,ø,Eberron: Rising from the Last War,303,,,Fey Lord of the Hunt,Medium,Fey,,Lawful Neutral,18,,x,x,x,x,,,,,,ø,,,,,,,,ø,Tome of Beasts,188,,,,,,,,,,,
Rakdos,Huge,Fiend,Demon,Chaotic Evil,24,,x,x,x,x,,,,,,,,,,,ø,,,ø,Guildmaster's Guide to Ravnica,247,,,"Fey Lord, Moonlit King",Medium,Fey,,Neutral Good,17,,x,x,x,x,,,,,,ø,,,,ø,,,,ø,Tome of Beasts,190,,,,,,,,,,,
Rakdos Lampooner,Medium,Humanoid,Any Race,Chaotic Evil,2,,x,,,,,,,,,,,,,,ø,,ø,,Guildmaster's Guide to Ravnica,248,,,Fey Queen of Night and Magic,Medium,Fey,,Neutral Evil,21,,x,x,x,x,,,,,,ø,,,,ø,,,,ø,Tome of Beasts,192,,,,,,,,,,,
Rakdos Performer,Medium,Humanoid,Any Race,Chaotic Evil,1,,,,,,,,,,,,,,,,ø,,ø,,Guildmaster's Guide to Ravnica,248,,,Fey Queen of Witches,Large,Fey,,Neutral,17,,x,x,x,x,,,,,,ø,,,,ø,,,,ø,Tome of Beasts,194,,,,,,,,,,,
Raklupis Spyder-Fiend,Large,Fiend,Demon,Chaotic Evil,19,,x,,,,,,,,,,,,,,,,,,Vecna: Eve of Ruin,236,,,"Fey Lord, River King",Medium,Fey,,Chaotic Neutral,16,,x,x,x,x,,,,,,ø,,,,,,,,ø,Tome of Beasts,196,,,,,,,,,,,
Rakshasa,Medium,Fiend,,Lawful Neutral,13,,x,,,,,,,,,,,,,,,,x,,Monster Manual,257,,,Fey Snow Queen,Medium,Fey,,Neutral Evil,16,,x,x,x,x,,,ø,,,,,,,,,,,ø,Tome of Beasts,198,,,,,,,,,,,
Ram Sugar,Medium,Humanoid,Dragonborn,Chaotic Neutral,2,,x,,,x,,,,,,,,,,,,,x,,Candlekeep Mysteries,132,,,Feyward Tree,Huge,Construct,,Unaligned,8,,,,,,,,,,,ø,,,,ø,,,,,Tome of Beasts,200,,,,,,,,,,,
Ramag,Medium,Humanoid,,Neutral,1/4,,,,,,,,,,ø,,,,,,,,ø,,Tome of Beasts,317,,,Firebird,Small,Celestial,,Neutral Good,4,,x,,,,,,,,,,,,,,,,,ø,Tome of Beasts,201,,,,,,,,,,,
Ramag Portal Master,Medium,Humanoid,Ramag,Neutral,5,,x,,,,,,,,,,,,,,,,x,,Creature Codex,313,,,Firegeist,Small,Elemental,,Neutral Evil,2,,,,,,,,,,ø,,,,,,,,,ø,Tome of Beasts,202,,,,,,,,,,,
"Rangda, Demon Lord of Witches",Large,Fiend,"Demon, Demon Lord",Chaotic Evil,17,,x,x,x,x,,,,,,,,,,,,,,x,Creature Codex,78,,,Flutterflesh,Large,Undead,,Chaotic Evil,12,,,,,,,,,,,,,,,,,,ø,,Tome of Beasts,203,,,,,,,,,,,
Ras Nsi,Medium,Monstrosity,"Shapechanger, Yuan-Ti",Neutral Evil,7,,x,,,x,,,,,,,,,,,,,,,Tomb of Annihilation,230,,,Folk of Leng,Medium,Humanoid,,Neutral Evil,2,,x,,,,,,,,ø,ø,ø,ø,,,,,,,Tome of Beasts,204,,,,,,,,,,,
Rat,Tiny,Beast,,Unaligned,0,,,,,,x,,,,,,,,,x,,,x,,Monster Manual,335,Player's Handbook 309,,Forest Marauder,Large,Giant,,Chaotic Evil,4,,,,,,,,,,,ø,ø,ø,ø,,,,,,Tome of Beasts,205,,,,,,,,,,,
Rat Hermit,Medium,Humanoid,,Any Non-Good,3,,,,,,,,,,,,,,,,,,ø,,Monster a Day Compendium 2.0,169,,,Fraughashar,Small,Fey,,Neutral Evil,1/2,,,,,,,,ø,,,,,,ø,,,,,,Tome of Beasts,206,,,,,,,,,,,
Rat King,Medium,Monstrosity,,Chaotic Evil,5,,,,,,,,,,,,,,,,,,ø,,Tome of Beasts,318,,,Frostveil,Medium,Plant,,Unaligned,4,,,,,,,,ø,,,,,,,,,,,,Tome of Beasts,207,,,,,,,,,,,
Ratatosk,Tiny,Celestial,,Chaotic Neutral,4,,x,,,,,,,,,,,,,,,,,ø,Tome of Beasts,319,,,Garroter Crab,Tiny,Beast,,Unaligned,1/4,,,,,,,,,ø,,,,,,,,ø,,,Tome of Beasts,208,,,,,,,,,,,
Ratatosk Warlord,Small,Celestial,,Chaotic Neutral,5,,,,,,,,x,x,x,x,x,x,x,x,x,x,x,x,Creature Codex,314,,,Gbahali,Huge,Beast,,Unaligned,6,,,,,,,,,,ø,,ø,ø,ø,,,,,,Tome of Beasts,209,,,,,,,,,,,
Ratfolk,Small,Humanoid,,Neutral,1/4,,,,,,,,,,,ø,,,,,,,ø,,Tome of Beasts,320,,,Gearforged Templar,Medium,Humanoid,,Lawful Neutral,6,,,,,,,,,,,,,,,,,,ø,,Tome of Beasts,210,,,,,,,,,,,
Ratfolk Mercenary,Small,Humanoid,Ratfolk,Neutral,2,,,,,,,,,,,,,,,,x,,x,,Creature Codex,316,,,Al-Aeshma,Large,Elemental,Genie,Chaotic Evil,9,,x,,,,,,,,ø,,,,,,,,,ø,Tome of Beasts,211,,,,,,,,,,,
Ratfolk Rogue,Small,Humanoid,,Neutral,1,,,,,,,,,,,,,,,,,,ø,,Tome of Beasts,320,,,Gerridae,Large,Fey,,Neutral,1,,,,,,,,,ø,,ø,,,,ø,,,,,Tome of Beasts,212,,,,,,,,,,,
Ratfolk Warlock,Small,Humanoid,Ratfolk,Any,1,,x,,,,,,,,,,,,,,x,,x,,Creature Codex,316,,,Beggar Ghoul,Medium,Undead,Ghoul,Chaotic Evil,1/2,,,,,,,,,,,,,,,ø,ø,,ø,,Tome of Beasts,213,,,,,,,,,,,
Rath Modar,Medium,Humanoid,Human,Lawful Neutral,6,,x,,,x,,,,,,,,,,,,,,,Hoard of the Dragon Queen,92,Rise of Tiamat 91,,Bonepowder Ghoul,Small,Undead,Ghoul,Neutral Evil,12,,x,,,,,,,,,,,,,ø,ø,,ø,,Tome of Beasts,214,,,,,,,,,,,
Rathar,Large,Monstrosity,,Unaligned,8,,,,,,,,,,,,,,,,ø,,,,Monster a Day Compendium 2.0,170,,,Darakhul,Medium,Undead,Ghoul,Neutral Evil,3,,,,,,,,,,,,,,,ø,ø,,ø,,Tome of Beasts,216,,,,,,,,,,,
Rattok,Small,Fiend,Demon,Chaotic Evil,4,,,,,,,,x,x,x,x,x,x,x,x,x,x,x,x,Creature Codex,90,,,Emperor Ghoul,Medium,Undead,Ghoul,Neutral Evil,20,,x,x,x,x,,,,,,,,,,ø,ø,,ø,,Tome of Beasts,218,,,,,,,,,,,
Ravager Slaughter Lord,Large,Humanoid,any race,Lawful Evil,9,,x,,,,,,,,,,ø,,,,,,,,Tal'Dorei Campaign Setting Reborn,250,Tal'Dorei Campaign Setting 137,,Imperial Ghoul,Medium,Undead,Ghoul,Lawful Neutral,4,,,,,,,,,,,,,,,ø,ø,,ø,,Tome of Beasts,220,,,,,,,,,,,
Ravager Stabby-Stabber,Small,Humanoid,any race,Chaotic Evil,2,,,,,,,,,,,,ø,,,,,,,,Tal'Dorei Campaign Setting Reborn,250,Tal'Dorei Campaign Setting 137,,Iron Ghoul,Medium,Undead,Ghoul,Lawful Neutral,5,,,,,,,,,,,,,,,ø,ø,,ø,,Tome of Beasts,221,,,,,,,,,,,
Raven,Tiny,Beast,,Unaligned,0,,,,,,x,,,,,,,,,x,,,x,,Monster Manual,335,Player's Handbook 309,,Desert Giant,Huge,Giant,,Neutral,9,,,,,,,,,,ø,,,,,,,,,,Tome of Beasts,222,,,,,,,,,,,
Ravenala,Large,Plant,,Unaligned,5,,x,,,,,,,ø,,,,,,ø,,,,,Tome of Beasts,321,,,Flab Giant,Large,Giant,,Chaotic Evil,4,,,,,,,,,,,ø,ø,ø,ø,ø,,,,,Tome of Beasts,223,,,,,,,,,,,
Ravenfolk Doom Croaker,Medium,Humanoid,Kenku,Neutral,5,,x,,,,,,,,,,,,,,,,ø,,Tome of Beasts,324,,,Hraesvelgr the Corpse Swallower,Huge,Giant,,Neutral,19,,x,x,x,x,,,ø,,,,,,ø,,,,,,Tome of Beasts,224,,,,,,,,,,,
Ravenfolk Scout,Medium,Humanoid,Kenku,Neutral,1/2,,,,,,,,,,,ø,,,,,,,ø,,Tome of Beasts,322,,,Jotun Giant,Gargantuan,Giant,,Chaotic Neutral,22,,x,x,,,,,ø,,,,,,ø,,,,,,Tome of Beasts,226,,,,,,,,,,,
Ravenfolk Warrior,Medium,Humanoid,Kenku,Neutral,3,,,,,,,,,,,ø,,,,,,,ø,,Tome of Beasts,323,,,Thursir Giant,Large,Giant,,Chaotic Evil,3,,,,,,,,ø,,,,,,ø,,ø,,,,Tome of Beasts,227,,,,,,,,,,,
Ravenous Wendigo,Large,Monstrosity,,Chaotic Evil,2,,,,,,,,x,,,,,,,,,,,,Sandy Petersen's Cthulhu Mythos,394,,,Glass Gator,Large,Beast,,Unaligned,1,,,,,,,,,ø,,,,,,ø,ø,ø,,,Tome of Beasts,228,,,,,,,,,,,
Razerblast,Medium,Humanoid,Human,Chaotic Evil,5,,,,,,,,,,,,,,,,,,,,Princes of the Apocalypse,201,,,Gnarljak,Small,Construct,,Unaligned,6,,,,,,,,,,,,,,,,,,,,Tome of Beasts,229,,,,,,,,,,,
Razorleaf,Medium,Plant,,Neutral Evil,5,,,,,,,,,,,x,,,,,,,,,Creature Codex,317,,,Gnoll Havoc Runner,Medium,Humanoid,Gnoll,Chaotic Evil,3,,,,,,,,,,ø,ø,ø,ø,,,,,,,Tome of Beasts,230,,,,,,,,,,,
Razorvine Blight,Medium,Plant,,Neutral Evil,1,,,,,,,,,,,,,,,,,,,x,Morte's Planar Parade,42,,,Goat-Man,Medium,Monstrosity,,Chaotic Evil,3,,,,,,,,,,,,ø,ø,ø,,,,ø,,Tome of Beasts,231,,,,,,,,,,,
Re-Animated Guard,Medium,Construct,,Unaligned,2,,,,,,,,,,,,,,,,x,,,,Sandy Petersen's Cthulhu Mythos,360,,,Dust Goblin,Small,Humanoid,Goblinoid,Neutral Evil,1/4,,,,,,,,,,ø,,,,,,,,,,Tome of Beasts,232,,,,,,,,,,,
Re-Animated Laborer,Medium,Construct,,Unaligned,1/2,,,,,,,,,,,,,,,,x,,,,Sandy Petersen's Cthulhu Mythos,359,,,Eye Golem,Large,Construct,,Unaligned,11,,,,,,,,,,,,,,,,ø,,ø,,Tome of Beasts,233,,,,,,,,,,,
Re-Animated Soldier,Medium,Construct,,Unaligned,4,,,,,,,,,,,,,,,,x,,,,Sandy Petersen's Cthulhu Mythos,360,,,Hoard Golem,Huge,Construct,,Unaligned,12,,,,,,,,,,,,,,,,ø,,ø,,Tome of Beasts,234,,,,,,,,,,,
Reaper of Bhaal,Medium,Humanoid,Human,Chaotic Evil,2,,x,,,,,,,,,,,,,,,,x,ø,Baldur's Gate: Descent into Avernus,233,,,Salt Golem,Large,Construct,,Unaligned,10,,,,,,,,,ø,ø,,,,,,ø,,ø,,Tome of Beasts,235,,,,,,,,,,,
Reckoner,Medium,Humanoid,Any Race,Lawful Good,4,,x,,,,,,,,,,,,,,,,ø,,Guildmaster's Guide to Ravnica,231,,,Smaragdine Golem,Large,Construct,,Unaligned,14,,,,,,,,,,,,,,,,ø,,,,Tome of Beasts,236,,,,,,,,,,,
Red Abishai,Medium,Fiend,devil,Lawful Evil,19,,,,,,,,,,,,,,x,,,,x,,Mordenkainen Presents: Monsters of the Multiverse,40,,,Steam Golem,Large,Construct,,Unaligned,13,,,,,,,,,,,,,,,,,,ø,,Tome of Beasts,237,,,,,,,,,,,
Red Abishai,Medium,Fiend,Devil,Lawful Neutral,19,,,,,,,,,,,,,,x,,,,x,ø,Mordenkainen's Tome of Foes,162,,,Gray Thirster,Medium,Undead,,Neutral Evil,2,,,,,,,,,,ø,,,,,,,,,,Tome of Beasts,238,,,,,,,,,,,
Red Dracolisk,Large,Dragon,,Unaligned,7,,,,,,,,,,,,,,x,,x,,,,Fifth Edition Foes,85,,,Rum Gremlin,Tiny,Fey,,Chaotic Evil,1/2,,x,,,,,,,,,,,,,,,,ø,,Tome of Beasts,239,,,,,,,,,,,
Red Dragon Wyrmling,Medium,Dragon,,Chaotic Evil,4,,,,,,,,,,,,,x,x,,,,,,Monster Manual,98,,,Grim Jester,Medium,Undead,,Chaotic Evil,11,,x,,,,,,,,,,,,,,,,ø,,Tome of Beasts,240,,,,,,,,,,,
Red Hag,Medium,Fey,Hag,Neutral Evil,7,,x,,,,,,,ø,,ø,,,,,ø,,,,Tome of Beasts,244,,,Gug,Huge,Giant,,Neutral Evil,12,,,,,,,,,,,,,,,,ø,,,,Tome of Beasts,241,,,,,,,,,,,
Red Jester,Medium,Undead,,Chaotic Neutral,5,,,,,,,,x,x,x,x,x,x,x,x,x,,x,,Fifth Edition Foes,192,,,Blood Hag,Medium,Fey,Hag,Chaotic Evil,11,,x,,,,,,,,,ø,,,,ø,,,,,Tome of Beasts,242,,,,,,,,,,,
Red Ruin,Medium,Humanoid,,Lawful Evil,10,,,,,x,,,,,,,,,,,,,,,Dragonlance: Shadow of the Dragon Queen,208,,,Mirror Hag,Medium,Fey,Hag,Chaotic Neutral,6,,x,,,,,,,,,ø,,,ø,ø,,,,,Tome of Beasts,243,,,,,,,,,,,
Red Slaad,Large,Aberration,,Chaotic Neutral,5,,,,,,,,,,,,,,,,,,,ø,Monster Manual,276,,,Red Hag,Medium,Fey,Hag,Neutral Evil,7,,x,,,,,,,ø,,ø,,,,,ø,,,,Tome of Beasts,244,,,,,,,,,,,
Red-Banded Line,Tiny,Beast,,Unaligned,1/4,,,,,,,,,,,ø,,,,ø,,,ø,,Tome of Beasts,363,,,Sand Hag,Medium,Fey,Hag,Chaotic Evil,5,,x,,,,,,,,ø,,,,,,,,,,Tome of Beasts,245,,,,,,,,,,,
Redbrand Ruffian,Medium,Humanoid,Human,Neutral Evil,1/2,,,,,,,,,,,,,,,,,,,,Lost Mines of Phandelver,61,,,Vampire Warlock,Medium,Humanoid,Any Race,Neutral,7,,x,,,,,,,,,,,,,,,,ø,,Tome of Beasts,245,,,,,,,,,,,
Redbrand Ruffian,Medium,Humanoid,,Neutral Evil,1/2,,,,,,,,,,,,,,,,,,,,Phandelver and Below: The Shattered Obelisk,216,,,Owl Harpy,Medium,Monstrosity,,Neutral Evil,5,,x,,,,,,,ø,,ø,,ø,ø,,,,,,Tome of Beasts,246,,,,,,,,,,,
Redcap,Small,Fey,,Chaotic Evil,3,,,,,,,,,,,x,,x,,x,,,,,Mordenkainen Presents: Monsters of the Multiverse,208,"Volo's Guide to Monsters 188, Baldur's Gate: Descent into Avernus 240, Infernal Machine Rebuild 79, The Wild Beyond The Witchlight 240",,Haugbui,Medium,Undead,,Lawful Neutral,13,,x,,,,,,,,,,,,,,,,,,Tome of Beasts,247,,,,,,,,,,,
Redcap,Medium,Fey,,Neutral Evil,6,,,,,,,,,,,ø,,,,,,,ø,,Tome of Beasts,325,,,Herald of Blood,Huge,Fiend,,Neutral Evil,12,,,x,,,,,,,,,,,,,,,,ø,Tome of Beasts,248,,,,,,,,,,,
Reef Shark,Medium,Beast,,Unaligned,1/2,,,,,,,,,,,,,,,,,x,,,Monster Manual,336,Player's Handbook 309,,Herald of Darkness,Large,Fiend,,Neutral Evil,7,,,,,,,,,,,,,,,,,,,ø,Tome of Beasts,249,,,,,,,,,,,
Refraction of Ilvaash,Huge,Aberration,Mind Flayer,Lawful Evil,15,,x,x,,x,,,,,,,,,,,,,,,Phandelver and Below: The Shattered Obelisk,197,,,Horakh,Medium,Monstrosity,,Neutral,9,,,,,,,,,,,ø,,,,ø,ø,,,,Tome of Beasts,250,,,,,,,,,,,
Regisaur,Gargantuan,Monstrosity,,Unaligned,14,,,,,,,,,,,,,,,,,,,,Bigby Presents: Glory of the Giants,130,,,Hound of the Night,Large,Monstrosity,,Unaligned,5,,x,,,,,,ø,,,ø,,,,,,,,,Tome of Beasts,251,,,,,,,,,,,
Reigar,Medium,Celestial,,Chaotic Neutral,8,,x,,,,,,,,,,,,,,,,,,Boo's Astral Menagerie,47,,,Hulking Whelp,Small,Fey,Huge,Chaotic Neutral,5,,,,,,,,,,,ø,ø,ø,,ø,ø,,,,Tome of Beasts,252,,,,,,,,,,,
Relentless Impaler,Large,Fiend,,Neutral Evil,15,,,x,,,,,,,,,,,,,,,,,Vecna: Eve of Ruin,231,,,Hundun,Large,Celestial,,Chaotic Good,10,,x,,,,,,,,,,,,,,,,,ø,Tome of Beasts,253,,,,,,,,,,,
Relentless Juggernaut,Large,Fiend,,Not Provided,12,,,x,,,,,ø,ø,ø,ø,ø,ø,ø,ø,ø,,ø,ø,Van Richten's Guide to Ravenloft,243,,,Ice Maiden,Medium,Fey,,Lawful Neutral,6,,x,,,,,,ø,,,,,,,,,,,,Tome of Beasts,254,,,,,,,,,,,
Relentless Slasher,Medium,Fiend,,Not Provided,8,,,x,,,,,ø,ø,ø,ø,ø,ø,ø,ø,ø,,ø,ø,Van Richten's Guide to Ravenloft,243,,,Idolic Deity,Small,Construct,,Neutral Evil,8,,,,,,,,,,ø,,,,,ø,ø,,,,Tome of Beasts,255,,,,,,,,,,,
Relic Sloth,Huge,Beast,,Unaligned,2,,,,,,,,,,,,,ø,ø,,,,,,Strixhaven: A Cirriculum of Chaos,210,,,Imy-Ut Ushabti,Medium,Monstrosity,,Neutral,3,,,,,,,,,,ø,,,,,,,,,,Tome of Beasts,256,,,,,,,,,,,
Remallia Haventree,Medium,Humanoid,Elf,Chaotic Good,9,,x,,,x,,,,,,,,,,,,,ø,,Waterdeep: Dragon Heist,214,,,Isonade,Gargantuan,Monstrosity,,Chaotic Neutral,14,,x,,,,,,,ø,,,,,,,,ø,,,Tome of Beasts,257,,,,,,,,,,,
Remnant Chosen,Medium,Humanoid,any race,Neutral Evil,12,,x,,,,,,,,,,,,,,,,ø,,Tal'Dorei Campaign Setting Reborn,251,Tal'Dorei Campaign Setting 139,,Jaculus,Small,Dragon,,Neutral Evil,3,,,,,,,,,,,ø,,,,ø,,,,,Tome of Beasts,258,,,,,,,,,,,
Remnant Cultist,Medium,Humanoid,any race,Neutral Evil,7,,x,,,,,,,,,,,,,,,,ø,,Tal'Dorei Campaign Setting Reborn,252,Tal'Dorei Campaign Setting 139,,Kalke,Small,Fiend,,Neutral Evil,1/4,,,,,,,,,,,,,,,,,,ø,,Tome of Beasts,259,,,,,,,,,,,
Remorhaz,Huge,Monstrosity,,Unaligned,11,,,,,,,,x,,,,,,,,,,,,Monster Manual,258,,,Kikimora,Medium,Fey,,Chaotic Neutral,5,,x,,,,,,,,,,,,,,,,ø,,Tome of Beasts,260,,,,,,,,,,,
Repository,Medium,Construct,,Unaligned,7,,,,,,,,,,,,,,,,,,x,,Tome of Beasts 2,306,,,Kobold Alchemist,Small,Humanoid,Kobold,Lawful Neutral,2,,,,,,,,,,,,,,,,,,,,Tome of Beasts,261,,,,,,,,,,,
Resinous Frog,Small,Beast,,Unaligned,1/4,,,,,,o,,,,,,,,,x,,,,,Tome of Beasts 2,397,,,Kobold Chieftain,Small,Humanoid,Kobold,Lawful Neutral,4,,,,,,,,,,,,,,,,,,,,Tome of Beasts,263,,,,,,,,,,,
Retriever,Large,Construct,,Lawful Evil,14,,x,,,,,,,,x,x,,,,,x,,,,Mordenkainen Presents: Monsters of the Multiverse,209,Mordenkainen's Tome of Foes 222,,Kobold Trapsmith,Small,Humanoid,Kobold,Lawful Neutral,1,,,,,,,,,,,,,,,,,,,,Tome of Beasts,264,,,,,,,,,,,
Returned Drifter,Medium,Undead,,Lawful Neutral,1/4,,,,,,,,,,,,,,,,,,,,Mythic Odysseys of Theros,240,,,Kongamato,Large,Beast,,Unaligned,5,,,,,,,,,ø,,,,,,,,,,,Tome of Beasts,265,,,,,,,,,,,
Returned Palamnite,Medium,Undead,,Chaotic Evil,4,,,,,,,,,,,,,,,,,,,,Mythic Odysseys of Theros,241,,,Koschei,Medium,Fiend,,Neutral Evil,17,,x,x,x,x,,,,,,,,,,,,,,ø,Tome of Beasts,266,,,,,,,,,,,
Returned Sentry,Medium,Undead,,Lawful Evil,1,,,,,,,,,,,,,,,,,,,,Mythic Odysseys of Theros,241,,,Kot Bayun,Medium,Monstrosity,,Neutral,2,,x,,,,,,,,,ø,,,,,,,,,Tome of Beasts,268,,,,,,,,,,,
Revenant,Medium,Undead,,Neutral,5,,,,,,,,x,,x,x,,x,,x,,,x,,Monster Manual,259,,,Krake Spawn,Huge,Monstrosity,,Neutral Evil,9,,x,,,,,,,ø,,,,,,,,ø,,,Tome of Beasts,269,,,,,,,,,,,
Reynard,Medium,Fey,Shapechanger,Chaotic Neutral,12,,,x,x,x,,,,,,x,,,,,,,,,Creature Codex,155,,,Lantern Dragonette,Tiny,Dragon,,Lawful Neutral,1/2,,x,,,,,,,,,,,,,,,,ø,,Tome of Beasts,270,,,,,,,,,,,
Rezmir,Medium,Humanoid,Half-Black Dragon,Neutral Evil,7,,,x,,x,,,,,,,,,,,,,,,Hoard of the Dragon Queen,93,,,Lemurfolk,Small,Humanoid,,Neutral,1/4,,,,,,,,,,,ø,,,,ø,,,,,Tome of Beasts,271,,,,,,,,,,,
Rhan-Tegoth,Huge,Aberration,titan,Chaotic Evil,19,,x,x,,,,,,,,,,,,,,,,,Sandy Petersen's Cthulhu Mythos,252,,,Lemurfolk Greyfur,Small,Humanoid,,Neutral,4,,x,,,,,,,,,ø,,,,ø,,,,,Tome of Beasts,271,,,,,,,,,,,
Rhinoceros,Large,Beast,,Unaligned,2,,,,,,,,,,,,x,,,,,,,,Monster Manual,336,,,Leshy,Medium,Monstrosity,,Chaotic Neutral,1,,x,,,,,,,,,ø,,,,,,,,,Tome of Beasts,272,,,,,,,,,,,
"Rhopalocerex, Demon Lord of Deception",Large,Fiend,"Demon, Demon Lord",Chaotic Evil,20,,,x,x,x,,,,,,,,,,,,,,x,Tome of Beasts 2,90,,,Library Automaton,Small,Construct,,Lawful Neutral,1/2,,,,,,v,,,,,,,,,,,,ø,,Tome of Beasts,273,,,,,,,,,,,
Rictavio,Medium,Humanoid,,Lawful Good,5,,x,,,x,,,,,,,,,,,,,ø,,Curse of Strahd,238,,,Lich Hound,Medium,Undead,,Neutral Evil,4,,,,,,,,,,,,,,,,,,,ø,Tome of Beasts,274,,,,,,,,,,,
Riding Horse,Large,Beast,,Unaligned,1/4,,,,,,,,,,,,x,,,,,,x,,Monster Manual,336,Player's Handbook 310,,Likho,Medium,Monstrosity,,Chaotic Evil,6,,x,,,,,,,,,,,,,,,,,,Tome of Beasts,275,,,,,,,,,,,
Rift Swine,Large,Aberration,,Chaotic Neutral,5,,,,,,,,,,,,,,,,,,,ø,Tome of Beasts,326,,,Lindwurm,Large,Dragon,,Neutral Evil,5,,,,,,,,ø,ø,,,,,,,,,,,Tome of Beasts,276,,,,,,,,,,,
Righteous Sentinel,Large,Construct,,Lawful Good,9,,,,,,,,,,,,,,,,,,x,,Tome of Beasts 2,307,,,Liosalfar,Large,Elemental,,Neutral,8,,x,,,,,,,,,,,,,,,,,ø,Tome of Beasts,277,,,,,,,,,,,
Rime Hulk,Large,Elemental,,Neutral Evil,5,,,,,,,,,,,,,,,,,,,,Bigby Presents: Glory of the Giants,162,,,Living Wick,Small,Construct,,Unaligned,1/4,,,,,,,,,,,,,,,,,,ø,,Tome of Beasts,278,,,,,,,,,,,
Rime Worm Grub,Medium,Elemental,,Neutral,1,,,,,,,,,,,,,,,,,,,,Tome of Beasts,327,,,Lorelei,Medium,Fey,,Chaotic Evil,5,,x,,,,,,,,,ø,,,,,,,,,Tome of Beasts,279,,,,,,,,,,,
Ring Servant,Large,Construct,,Neutral,8,,,,,,,,x,x,x,x,x,x,x,x,x,x,x,x,Creature Codex,318,,,Loxoda,Huge,Monstrosity,,Neutral Evil,6,,,,,,,,,,,,ø,ø,,,,,,,Tome of Beasts,280,,,,,,,,,,,
Ringlerun,Medium,Humanoid,"Human, Wizard",Lawful Good,5,,x,,,x,,,,,,,,,,,,,,,The Wild Beyond The Witchlight,227,,,Mahoru,Large,Monstrosity,,Unaligned,3,,,,,,,,ø,ø,,,,,,,,ø,,,Tome of Beasts,281,,,,,,,,,,,
Rip Tide Priest,Medium,Humanoid,Human,Neutral Evil,2,,x,,,,,,,ø,,,,,,,,ø,ø,,Ghosts of Saltmarsh,248,,,Mallqui,Medium,Undead,,Lawful Neutral,8,,x,,,,,,,,ø,,,,ø,,,,,,Tome of Beasts,282,,,,,,,,,,,
Risen Reaver,Large,Undead,,Chaotic Evil,7,,,,,,,,,,,,,,,ø,ø,,ø,,Tome of Beasts,328,,,Malphas,Medium,Fey,,Neutral Evil,6,,x,,,,,,,,,,,,,,,,,ø,Tome of Beasts,283,,,,,,,,,,,
Risen Warlock,Medium,Undead,,Chaotic Evil,14,,x,,,,,,,,,,,,,,x,,x,,Sandy Petersen's Cthulhu Mythos,390,,,Tophet,Huge,Construct,,Neutral Evil,8,,,,,,,,,,ø,,,,,,,,,,Tome of Beasts,283,,,,,,,,,,,
Riverine,Large,Fey,,Any,12,,,x,x,,,,,,,,,,,,,,,,Journeys Through the Radiant Citadel,133,,,Mamura,Small,Aberration,Fey,Neutral Evil,6,,,,,,,,,,ø,,ø,,,,,,,,Tome of Beasts,284,,,,,,,,,,,
Rivermaw Brawler,Medium,Humanoid,any race,Not Provided,3,,,,,,,,,,,,ø,ø,ø,,,,,,Tal'Dorei Campaign Setting Reborn,254,Tal'Dorei Campaign Setting 134,,Mask Wight,Medium,Undead,,Neutral Evil,13,,x,,,,,,,,ø,,,,,ø,ø,,ø,,Tome of Beasts,285,,,,,,,,,,,
Rivermaw Stormborn,Medium,Humanoid,any race,Not Provided,4,,x,,,,,,,,,,ø,ø,ø,,,,,,Tal'Dorei Campaign Setting Reborn,254,Tal'Dorei Campaign Setting 133,,Mavka,Medium,Undead,Fey,Chaotic Evil,12,,x,,,,,,,,,,,,,ø,ø,,ø,,Tome of Beasts,286,,,,,,,,,,,
Roach,Medium,Monstrosity,,Unaligned,4,,,,,,,,,,,,,,ø,,ø,,,,Monster a Day Compendium 2.0,171,,,Mi-Go,Medium,Plant,,Neutral Evil,5,,,,,,,,,,,ø,ø,ø,,,,,,,Tome of Beasts,287,,,,,,,,,,,
Roachling Lord,Small,Humanoid,,Chaotic Neutral,2,,,,,,,,,,,,ø,ø,,,ø,,ø,,Tome of Beasts,329,,,Millitaur,Large,Monstrosity,,Neutral,3,,,,,,,,,,,ø,,,,ø,,,,,Tome of Beasts,288,,,,,,,,,,,
Roachling Scout,Small,Humanoid,Roachling,Chaotic Neutral,2,,,,,,,,,,,,,,,,x,,x,,Creature Codex,319,,,"Mimic, Map",Tiny,Aberration,,Neutral,1/4,,,,,,,,,,,,,,,,,,ø,,Tome of Beasts,289,,,,,,,,,,,
Roachling Skirmisher,Small,Humanoid,,Chaotic Neutral,1/4,,,,,,,,,,,,,,,ø,ø,,ø,,Tome of Beasts,329,,,Mindrot Thrall,Medium,Plant,,Neutral,3,,,,,,,,,,,,,,,ø,ø,,ø,,Tome of Beasts,290,,,,,,,,,,,
Roc,Gargantuan,Monstrosity,,Unaligned,11,,,,,,,,x,x,x,,,x,x,,,,,,Monster Manual,260,,,Mirager,Medium,Fey,,Neutral Evil,3,,x,,,,,,,,ø,,,,,,,,,,Tome of Beasts,291,,,,,,,,,,,
Rock Roach,Medium,Beast,,Unaligned,2,,,,,,,,,,,,,,,,x,,,,Tome of Beasts 2,308,,,Miremal,Small,Fey,,Chaotic Evil,1/2,,,,,,,,,,,ø,,,,ø,,,,,Tome of Beasts,292,,,,,,,,,,,
Rock Troll,Large,Giant,,Chaotic Evil,5,,,,,,,,,,,,,,ø,,,,,,Monster a Day Compendium 2.0,209,,,Mngwa,Medium,Aberration,,Neutral Evil,4,,,,,,,,,,,,,ø,ø,,,,,,Tome of Beasts,293,,,,,,,,,,,
Roggenwolf,Medium,Monstrosity,,Neutral Evil,2,,,,,,,,,,,,x,,,,,,,,Creature Codex,320,,,Monolith Champion,Large,Construct,,Unaligned,8,,,,,,,,ø,,,,,,ø,,,,ø,,Tome of Beasts,294,,,,,,,,,,,
Ronus,Medium,Monstrosity,,Unaligned,1/4,,,,,,,,,,,x,,,,,,,,,Fifth Edition Foes,193,,,Monolith Footman,Large,Construct,,Unaligned,3,,,,,,,,ø,,,,,,ø,,,,ø,,Tome of Beasts,295,,,,,,,,,,,
Rootling,Huge,Aberration,,Neutral Evil,10,,,,,,,,,,,,,,,,,,,,Sandy Petersen's Cthulhu Mythos,195,,,Mordant Snare,Gargantuan,Aberration,,Chaotic Evil,15,,,,,,,,,,,,,,,,,,,,Tome of Beasts,296,,,,,,,,,,,
Roper,Large,Monstrosity,,Neutral Evil,5,,,,,,,,,,,,,,,,x,,,,Monster Manual,261,,,Morphoi,Medium,Plant,,Chaotic Evil,1/2,,,,,,,,,ø,,,,,,,,ø,,,Tome of Beasts,297,,,,,,,,,,,
Rosie Beestinger,Small,Humanoid,Halfling,Chaotic Good,3,,x,,,x,,,,,,,,,,,,,ø,,Acquisitions Incorporated,203,,,Moss Lurker,Small,Humanoid,,Chaotic Neutral,1,,,,,,,,,,,ø,,ø,,ø,,,,,Tome of Beasts,298,,,,,,,,,,,
Rot Troll,Large,Giant,,Chaotic Evil,9,,,,,,,,,,x,x,,,,x,x,,,,Mordenkainen Presents: Monsters of the Multiverse,247,,,Venomous Mummy,Medium,Undead,Mummy,Lawful Neutral,3,,,,,,,,,,ø,,,,,ø,,,,,Tome of Beasts,299,,,,,,,,,,,
Rot Troll,Large,Giant,,Chaotic Evil,9,,,,,,,,,,x,x,,,,x,x,,,,Mordenkainen's Tome of Foes,244,,,Deathcap Myconid,Medium,Plant,Myconid,Neutral Evil,4,,,,,,,,,,,,,,,,ø,,,,Tome of Beasts,300,,,,,,,,,,,
Rothorror,Large,Undead,,Chaotic Evil,7,,,,,,,,ø,,,,ø,ø,,,,,ø,,Dark Arts Player's Companion,48,,,Myling,Small,Undead,,Chaotic Evil,2,,,,,,,,ø,,,,,,,,ø,,,,Tome of Beasts,301,,,,,,,,,,,
Rotsam,Tiny,Ooze,,Unaligned,2,,,,,,,,,,,,,,,x,,,,,Tome of Beasts 2,309,,,Naina,Large,Dragon,,Lawful Neutral,11,,x,,,,,,,,,ø,,,,,,,ø,,Tome of Beasts,302,,,,,,,,,,,
Rotsam Swarm,Large,Ooze,Swarm,Unaligned,6,,,,,,,,,,,,,,,x,,,,,Tome of Beasts 2,309,,,Naina (in Humanoid form),Medium,Fey,,Lawful Neutral,11,,x,,,,,,,,,,,,,,,,,,Tome of Beasts,302,,,,,,,,,,,
Rotter,Medium,Construct,,Unaligned,5,,,,,,,,,,,,,,,,,,,,Return to the Glory,34,,,Nichny,Medium,Fey,,Neutral Evil,6,,x,,,,,,,,,ø,,,,ø,,,,,Tome of Beasts,302,,,,,,,,,,,
Rotting Wind,Large,Undead,,Neutral Evil,6,,,,,,,,,ø,,ø,,ø,,,,,,,Tome of Beasts,330,,,Nightgarm,Large,Monstrosity,,Chaotic Evil,6,,x,,,,,,ø,,,ø,,ø,,,,,,,Tome of Beasts,305,,,,,,,,,,,
Rubblebelt Stalker,Medium,Humanoid,Any Race,Chaotic Neutral,1/2,,,,,,,,,,,ø,ø,ø,,,,,ø,,Guildmaster's Guide to Ravnica,239,,,Nkosi,Medium,Humanoid,,Lawful Neutral,1/2,,,,,,,,,,ø,,ø,ø,,,,,ø,,Tome of Beasts,306,,,,,,,,,,,
Rubezahl,Medium,Fiend,Demon,Chaotic Evil,10,,x,,,,,,,,,,,,,,,,,ø,Tome of Beasts,80,,,Nkosi Pridelord,Medium,Humanoid,,Lawful Neutral,4,,,,,,,,,,ø,,ø,,,,,,,,Tome of Beasts,306,,,,,,,,,,,
Ruby Ooze,Medium,Ooze,,Unaligned,6,,,,,,,,,,,,,,,,x,,,,Creature Codex,286,,,War Ostrich,Large,Beast,,Unaligned,1/2,,,,,,,,,,ø,,ø,,,,,,,,Tome of Beasts,307,,,,,,,,,,,
Rug of Smothering,Large,Construct,,Unaligned,2,,,,,,,,,,,,,,,,,,ø,,Monster Manual,20,,,Noctiny,Medium,Humanoid,,Neutral Evil,2,,x,,,,,,,,,,,,,,,,ø,,Tome of Beasts,308,,,,,,,,,,,
Ruidium Elephant,Huge,Construct,,Unaligned,8,,,,,,,,,,,,,,,,,,,,Critical Role: Call of the Netherdeep,95,,,Oculo Swarm,Large,Monstrosity,Swarm,Neutral Evil,4,,,,,,,,,,,,,,,,,,,,Tome of Beasts,309,,,,,,,,,,,
Ruin,Large,Fiend,,Neutral Evil,15,,,,,x,,,,,,,,,,,,,,ø,Monster a Day Compendium 2.0,129,,,Oozasis,Gargantuan,Ooze,,Unaligned,9,,,,,,,,,,ø,,,,,,,,,,Tome of Beasts,310,,,,,,,,,,,
Ruin Grinder,Large,Construct,,Unaligned,5,,,,,,,,,,,,,ø,ø,,,,ø,,Strixhaven: A Cirriculum of Chaos,211,,,Corrupting Ooze,Large,Ooze,,Neutral Evil,5,,,,,,,,,,,,,,,ø,,,ø,,Tome of Beasts,311,,,,,,,,,,,
Rum Gremlin,Tiny,Fey,,Chaotic Evil,1/2,,x,,,,,,,,,,,,,,,,ø,,Tome of Beasts,239,,,Ostinato,Medium,Aberration,,Chaotic Neutral,4,,,,,,,,,,,,,,,,,,ø,,Tome of Beasts,312,,,,,,,,,,,
Rum Lord,Small,Fey,,Chaotic Evil,4,,x,,,,,,,,,,,,,,,,x,,Tome of Beasts 2,185,,,Pombero,Medium,Fey,,Chaotic Neutral,3,,,,,,,,,,,ø,,,,,,,ø,,Tome of Beasts,313,,,,,,,,,,,
Runara (Adult Bronze Dragon),Huge,Dragon,Metallic,Lawful Good,13,,,x,,x,,,,,,,,,,,,,,,Dragons of Stormwreck Isle,40,,,Possessed Pillar,Large,Construct,,Unaligned,7,,,,,,,,,,ø,,,,,ø,,,,,Tome of Beasts,314,,,,,,,,,,,
Runeswarm,Large,Construct,Swarm,Unaligned,10,,,,,,,,x,x,x,x,x,x,x,x,x,x,x,,Tome of Beasts 2,310,,,Putrid Haunt,Medium,Undead,,Neutral Evil,2,,,,,,,,,,,,,,,ø,,,,,Tome of Beasts,315,,,,,,,,,,,
Runic Colossus,Gargantuan,Construct,,Unaligned,21,,,,,,,,,,,,,,,,,,,,Bigby Presents: Glory of the Giants,163,,,Qwyllion,Medium,Aberration,Fey,Neutral Evil,8,,,,,,,,,,,ø,,,,ø,,,,,Tome of Beasts,316,,,,,,,,,,,
Rusalka,Medium,Fey,,Neutral Evil,4,,,,,,,,,ø,,ø,ø,,,,,,,,Monster a Day Compendium 2.0,172,,,Ramag,Medium,Humanoid,,Neutral,1/4,,,,,,,,,,ø,,,,,,,,ø,,Tome of Beasts,317,,,,,,,,,,,
Rusalka,Medium,Undead,,Chaotic Evil,6,,x,,,,,,,,ø,,ø,ø,,,,,ø,,Tome of Beasts,331,,,Rat King,Medium,Monstrosity,,Chaotic Evil,5,,,,,,,,,,,,,,,,,,ø,,Tome of Beasts,318,,,,,,,,,,,
Russet Mold,Medium,Plant,Fungus,Unaligned,1/2,,,,,,,,,,,,,,,,x,,,,Fifth Edition Foes,194,,,Ratatosk,Tiny,Celestial,,Chaotic Neutral,4,,x,,,,,,,,,,,,,,,,,ø,Tome of Beasts,319,,,,,,,,,,,
Rust Drake,Medium,Dragon,,Chaotic Evil,8,,,,,,,,,,,,,,ø,,ø,,,,Tome of Beasts,155,,,Ratfolk,Small,Humanoid,,Neutral,1/4,,,,,,,,,,,ø,,,,,,,ø,,Tome of Beasts,320,,,,,,,,,,,
Rust Monster,Medium,Monstrosity,,Unaligned,1/2,,,,,,,,,,,,,,,,x,,,,Monster Manual,262,,,Ratfolk Rogue,Small,Humanoid,,Neutral,1,,,,,,,,,,,,,,,,,,ø,,Tome of Beasts,320,,,,,,,,,,,
Rutterkin,Medium,Fiend,demon,Chaotic Evil,2,,,,,,,,,,,,,,,,,,,,Mordenkainen Presents: Monsters of the Multiverse,210,Mordenkainen's Tome of Foes 136,,Ravenala,Large,Plant,,Unaligned,5,,x,,,,,,,ø,,,,,,ø,,,,,Tome of Beasts,321,,,,,,,,,,,
Ruxithid the Chosen,Medium,Aberration,Goblinoid,Neutral Evil,5,,,x,,x,,,,,,,,,,,,,,,Phandelver and Below: The Shattered Obelisk,99,,,Ravenfolk Scout,Medium,Humanoid,Kenku,Neutral,1/2,,,,,,,,,,,ø,,,,,,,ø,,Tome of Beasts,322,,,,,,,,,,,
Ryven,Medium,Humanoid,,Neutral,1,,,,,,,,,,,x,,,,,,,,,Fifth Edition Foes,195,,,Ravenfolk Warrior,Medium,Humanoid,Kenku,Neutral,3,,,,,,,,,,,ø,,,,,,,ø,,Tome of Beasts,323,,,,,,,,,,,
Saber-Toothed Tiger,Large,Beast,,Unaligned,2,,,,,,,,x,,,,,,x,,,,,,Monster Manual,336,,,Ravenfolk Doom Croaker,Medium,Humanoid,Kenku,Neutral,5,,x,,,,,,,,,,,,,,,,ø,,Tome of Beasts,324,,,,,,,,,,,
Sacred Statue,Large,Construct,,Any,12,,,,,,,,,,x,x,x,,x,,,,x,,Mordenkainen Presents: Monsters of the Multiverse,114,,,Redcap,Medium,Fey,,Neutral Evil,6,,,,,,,,,,,ø,,,,,,,ø,,Tome of Beasts,325,,,,,,,,,,,
Sacred Statue,Large,Construct,Eidolon,Unaligned,12,,,,,,,,,x,x,x,x,,x,,,,x,,Mordenkainen's Tome of Foes,194,Infernal Machine Rebuild 79,,Rift Swine,Large,Aberration,,Chaotic Neutral,5,,,,,,,,,,,,,,,,,,,ø,Tome of Beasts,326,,,,,,,,,,,
Sacred Stone Monk,Medium,Humanoid,Human,Lawful Neutral,1/2,,,,,,,,,,,,,,,,,,,,Princes of the Apocalypse,196,,,Adult Rime Worm,Large,Elemental,,Neutral,6,,,,,,,,ø,,,,,,,,,,,,Tome of Beasts,327,,,,,,,,,,,
Saemon Havarian,Medium,Humanoid,Human,Chaotic Neutral,10,,x,x,,x,,,,,,,,,,,,,ø,,Minsc and Boo's Journal of Villainy,122,,,Rime Worm Grub,Medium,Elemental,,Neutral,1,,,,,,,,,,,,,,,,,,,,Tome of Beasts,327,,,,,,,,,,,
Sage,Medium,Humanoid,Any Race,Not Provided,1/2,,x,,,,,,,,,,,,,,,,ø,,Candlekeep Mysteries,9,,,Risen Reaver,Large,Undead,,Chaotic Evil,7,,,,,,,,,,,,,,,ø,ø,,ø,,Tome of Beasts,328,,,,,,,,,,,
Sahuagin,Medium,Humanoid,Sahuagin,Lawful Neutral,1/2,,,,,,,,,x,,,,,,,,x,,,Monster Manual,263,,,Roachling Lord,Small,Humanoid,,Chaotic Neutral,2,,,,,,,,,,,,ø,ø,,,ø,,ø,,Tome of Beasts,329,,,,,,,,,,,
Sahuagin Baron,Large,Humanoid,Sahuagin,Lawful Neutral,5,,,,,,,,,x,,,,,,,,x,,,Monster Manual,264,,,Roachling Skirmisher,Small,Humanoid,,Chaotic Neutral,1/4,,,,,,,,,,,,,,,ø,ø,,ø,,Tome of Beasts,329,,,,,,,,,,,
Sahuagin Blademaster,Medium,Humanoid,Sahuagin,Lawful Evil,6,,,,,,,,,x,,,,,,,,x,,,Ghosts of Saltmarsh,249,,,Rotting Wind,Large,Undead,,Neutral Evil,6,,,,,,,,,ø,,ø,,ø,,,,,,,Tome of Beasts,330,,,,,,,,,,,
Sahuagin Champion,Medium,Humanoid,Sahuagin,Lawful Evil,3,,,,,,,,,x,,,,,,,,x,,,Ghosts of Saltmarsh,249,,,Rusalka,Medium,Undead,,Chaotic Evil,6,,x,,,,,,,,ø,,ø,ø,,,,,ø,,Tome of Beasts,331,,,,,,,,,,,
Sahuagin Coral Smasher,Medium,Humanoid,Sahuagin,Lawful Evil,1,,,,,,,,,x,,,,,,,,x,,,Ghosts of Saltmarsh,249,,,Sand Silhouette,Medium,Undead,,Neutral Evil,6,,,,,,,,,,,ø,,,,ø,,,,,Tome of Beasts,332,,,,,,,,,,,
Sahuagin Deep Diver,Medium,Humanoid,Sahuagin,Lawful Evil,4,,,,,,,,,x,,,,,,,,x,,,Ghosts of Saltmarsh,250,,,Sandman,Medium,Celestial,,Chaotic Neutral,5,,x,,,,,,,,ø,,,,,,,,,,Tome of Beasts,333,,,,,,,,,,,
Sahuagin Hatchling Swarm,Large,Beast,Swarm,Chaotic Evil,3,,,,,,,,,x,,,,,,,,x,,,Ghosts of Saltmarsh,250,,,Sandwyrm,Large,Dragon,,Unaligned,6,,,,,,,,,,ø,,,,,,,,,,Tome of Beasts,334,,,,,,,,,,,
Sahuagin High Priestess,Medium,Humanoid,Sahuagin,Lawful Evil,5,,x,,,,,,,x,,,,,,,,x,,,Ghosts of Saltmarsh,251,,,Sap Demon,Small,Ooze,,Chaotic Evil,4,,,,,,,,,,,ø,,,,ø,,,,,Tome of Beasts,335,,,,,,,,,,,
Sahuagin Priestess,Medium,Humanoid,Sahuagin,Lawful Neutral,2,,x,,,,,,,x,,,,,,,,x,,,Monster Manual,264,,,Sarcophagus Slime,Medium,Undead,,Neutral Evil,5,,,,,,,,,,,,,,,,ø,,,,Tome of Beasts,336,,,,,,,,,,,
Sahuagin Warlock of Uk'otoa,Medium,Humanoid,Sahuagin,Neutral Evil,3,,x,,,,,,,x,,,,,,,,x,,,Explorer's Guide to Wildemount,297,,,Sathaq Worm,Huge,Elemental,,Neutral Evil,10,,,,,,,,,,ø,,,,,,ø,,,,Tome of Beasts,337,,,,,,,,,,,
Sahuagin Wave Shaper,Medium,Humanoid,Sahuagin,Lawful Evil,5,,x,,,,,,,x,,,,,,,,x,,,Ghosts of Saltmarsh,251,,,Savager,Large,Beast,,Neutral Evil,8,,,,,,,,,,,ø,,,,,,,,,Tome of Beasts,338,,,,,,,,,,,
Salamander,Large,Elemental,,Neutral Evil,5,,,,,,,,,,,,,,,,x,,,,Monster Manual,266,,,Scheznyki,Small,Fey,,Chaotic Evil,6,,x,,,,,,,,,,,,,,ø,,,,Tome of Beasts,339,,,,,,,,,,,
Salamander Monarch,Large,Elemental,,Neutral Evil,13,,x,,,,,,,,,,,,x,,,,,x,Tome of Beasts 2,311,,,Night Scorpion,Large,Beast,,Unaligned,3,,,,,,,,,,ø,,,,,,ø,,,,Tome of Beasts,340,,,,,,,,,,,
Salt Devil,Medium,Fiend,Devil,Lawful Neutral,6,,x,,,,,,,,,,,,,,,,,ø,Tome of Beasts,113,,,Stygian Fat-Tailed Scorpion,Tiny,Beast,,Unaligned,3,,,,,,,,,,ø,,,,,,ø,,,,Tome of Beasts,340,,,,,,,,,,,
Salt Golem,Large,Construct,,Unaligned,10,,,,,,,,,ø,ø,,,,,,ø,,ø,,Tome of Beasts,235,,,Selang,Medium,Fey,,Chaotic Evil,4,,x,,,,,,,,,ø,,,,ø,,,,,Tome of Beasts,341,,,,,,,,,,,
Sammael,Medium,Celestial,Angel,Neutral Good,7,,,,,,,,x,x,x,x,x,x,x,x,x,x,x,x,Creature Codex,19,,,Serpopard,Large,Beast,,Unaligned,4,,,,,,,,,,ø,,,,,ø,,,,,Tome of Beasts,342,,,,,,,,,,,
Sanbalet,Medium,Humanoid,Human,Neutral Evil,1,,x,,,x,,,,,,,,,,,,,,,Ghosts of Saltmarsh,252,,,Shabti,Medium,Construct,,Unaligned,8,,,,,,,,,,ø,,,,,ø,,,,,Tome of Beasts,343,,,,,,,,,,,
Sand Hag,Medium,Fey,Hag,Chaotic Evil,5,,x,,,,,,,,ø,,,,,,,,,,Tome of Beasts,245,,,Shadhavar,Large,Monstrosity,,Neutral,2,,x,,,,,,,,,,,,,,,,,,Tome of Beasts,344,,,,,,,,,,,
Sand Silhouette,Medium,Undead,,Neutral Evil,6,,,,,,,,,,,ø,,,,ø,,,,,Tome of Beasts,332,,,Shadow Beast,Medium,Fey,,Chaotic Evil,7,,x,,,,,,,,,,,,,,,,,ø,Tome of Beasts,345,,,,,,,,,,,
Sand Spider,Large,Beast,Spider,Unaligned,7,,,,,,,,,,ø,,,,,,ø,,,,Tome of Beasts,364,,,Shellycoat,Medium,Fey,,Neutral Evil,2,,x,,,,,,ø,ø,,,,,,ø,,ø,,,Tome of Beasts,346,,,,,,,,,,,
Sanddrift Drake,Large,Dragon,,Neutral,6,,,,,,,,,,x,,,,,,,,,,Tome of Beasts 2,127,,,Shoggoth,Huge,Aberration,,Chaotic Neutral,19,,,,,,,,,,,,,,,,,,,ø,Tome of Beasts,347,,,,,,,,,,,
Sandling,Large,Elemental,,Unaligned,1,,,,,,,,,,,,,,,,,,,x,Fifth Edition Foes,196,,,Shroud,Medium,Undead,,Neutral Evil,1/8,,,,,,,,,,,,,,,,,,ø,,Tome of Beasts,348,,,,,,,,,,,
Sandman,Medium,Celestial,,Chaotic Neutral,5,,x,,,,,,,,ø,,,,,,,,,,Tome of Beasts,333,,,Skein Witch,Medium,Celestial,,Neutral,12,,,,,,,,,,,,,,,,,,,ø,Tome of Beasts,349,,,,,,,,,,,
Sandwyrm,Large,Dragon,,Unaligned,6,,,,,,,,,,ø,,,,,,,,,,Tome of Beasts,334,,,Sharkjaw Skeleton,Large,Undead,,Lawful Neutral,1,,,,,,,,,ø,,,,,,,,ø,,,Tome of Beasts,350,,,,,,,,,,,
Sane,Medium,Humanoid,Half-elf,Unaligned,11,,x,x,,x,,,,,,,,,,,,,ø,,Monster a Day Compendium 2.0,96,,,Vine Troll Skeleton,Large,Plant,,Unaligned,9,,,,,,,,,,,ø,,,,ø,,,,,Tome of Beasts,351,,,,,,,,,,,
Sap Demon,Small,Ooze,,Chaotic Evil,4,,,,,,,,,,,ø,,,,ø,,,,,Tome of Beasts,335,,,Skitterhaunt,Large,Ooze,,Unaligned,4,,,,,,,,ø,,,ø,,ø,ø,ø,ø,,,,Tome of Beasts,352,,,,,,,,,,,
Sapphire Dragon Wyrmling,Medium,Dragon,Gem,Lawful Neutral,3,,x,,,,,,,,,,,,,,ø,,,,Fizban's Treasury of Dragons,216,,,Slow Storm,Huge,Elemental,,Chaotic Neutral,15,,x,,,,,,,ø,ø,,ø,,,,,,,ø,Tome of Beasts,353,,,,,,,,,,,
Sapphire Jelly,Medium,Ooze,,Unaligned,6,,,,,,,,x,,,,,,x,,x,,,,Tome of Beasts 2,312,,,Swamp Adder,Small,Beast,,Unaligned,1/4,,,,,,,,,,,,,,,ø,,,,,Tome of Beasts,354,,,,,,,,,,,
Sapphire Sentinel,Large,Construct,,Unaligned,10,,,,,,,,,,,,,,,,,,,,Candlekeep Mysteries,201,,,Zanskaran Viper,Large,Beast,,Unaligned,1,,,,,,,,,,,,ø,,,ø,,,,,Tome of Beasts,354,,,,,,,,,,,
Sarcophagus Slime,Medium,Undead,,Neutral Evil,5,,,,,,,,,,,,,,,,ø,,,,Tome of Beasts,336,,,Son of Fenris,Huge,Monstrosity,,Chaotic Evil,12,,x,,,,,,ø,,,,,,,,,,,,Tome of Beasts,355,,,,,,,,,,,
Sarevok,Medium,Humanoid,Human,Neutral Evil,15,,x,x,,x,,,,,,,,,,,,,ø,,Minsc and Boo's Journal of Villainy,124,,,Soul Eater,Medium,Fiend,,Neutral Evil,7,,,,,,,,,,,,,,,,,,,ø,Tome of Beasts,356,,,,,,,,,,,
Sarsaok,Huge,Monstrosity,,Unaligned,7,,,,,,,,,,,,,x,x,,,,,,Tome of Beasts 2,313,,,Spark,Tiny,Elemental,,Chaotic Neutral,7,,x,,,,,,,,,,,,,,,,,ø,Tome of Beasts,357,,,,,,,,,,,
Sasori Fukurowashi,Medium,Fey,Kami,Neutral Good,9,,,,,,,,x,x,x,x,x,x,x,x,x,x,x,x,Tome of Beasts 2,224,,,Arcane Guardian,Medium,Undead,,Neutral Evil,6,,x,,,,,,,,,,,,,,,,ø,,Tome of Beasts,358,,,,,,,,,,,
Sasquatch,Large,Beast,,Unaligned,5,,,,,,,,,,,x,,,,,,,,,Tome of Beasts 2,314,,,Spectral Guardian,Medium,Undead,,Neutral Evil,6,,,,,,,,,,,,,,,,,,ø,,Tome of Beasts,358,,,,,,,,,,,
Satarre Destroyer,Medium,Humanoid,Satarre,Neutral Evil,3,,,,,,,,,,,,,,,,,,,x,Tome of Beasts 2,315,,,Gypsosphinx,Large,Monstrosity,Sphinx,Neutral Evil,14,,x,x,,,,,,,ø,,,,,,,,ø,,Tome of Beasts,359,,,,,,,,,,,
Satarre Mystic,Medium,Humanoid,Satarre,Neutral Evil,3,,,,,,,,,,,,,,,,,,,x,Tome of Beasts 2,316,,,Ghostwalk Spider,Large,Monstrosity,Spider,Neutral Evil,9,,,,,,,,,,,,,,,,ø,,,,Tome of Beasts,361,,,,,,,,,,,
Sathaq Worm,Huge,Elemental,,Neutral Evil,10,,,,,,,,,,ø,,,,,,ø,,,,Tome of Beasts,337,,,J’ba Fofi,Large,Beast,Spider,Unaligned,3,,,,,,,,,,ø,ø,,ø,,,,,,,Tome of Beasts,362,,,,,,,,,,,
Satyr,Medium,Fey,,Chaotic Neutral,1/2,,,,,,,,,,,x,,,,,,,,,Monster Manual,267,Infernal Machine Rebuild 80,,Red-Banded Line,Tiny,Beast,,Unaligned,1/4,,,,,,,,,,,ø,,,,ø,,,ø,,Tome of Beasts,363,,,,,,,,,,,
Satyr Reveler,Medium,Fey,,Chaotic Neutral,1,,,,,,,,,,,,,,,,,,x,,Mythic Odysseys of Theros,242,,,Sand Spider,Large,Beast,Spider,Unaligned,7,,,,,,,,,,ø,,,,,,ø,,,,Tome of Beasts,364,,,,,,,,,,,
Satyr Thornbearer,Medium,Fey,,Chaotic Neutral,2,,,,,,,,,,,x,,,,,,,,,Mythic Odysseys of Theros,243,,,Spider of Leng,Large,Aberration,,Chaotic Evil,7,,x,,,,,,,,,,,,,,,,,ø,Tome of Beasts,365,,,,,,,,,,,
Savage Orc,Medium,Humanoid,Orc,Chaotic Evil,1,,,,,,,,ø,,,ø,ø,ø,ø,ø,ø,,,,Monster a Day Compendium 2.0,156,,,Spider Thief,Small,Construct,,Unaligned,2,,,,,,,,,,,,,,,,,,ø,,Tome of Beasts,366,,,,,,,,,,,
Savager,Large,Beast,,Neutral Evil,8,,,,,,,,,,,ø,,,,,,,,,Tome of Beasts,338,,,Spire Walker,Tiny,Fey,,Chaotic Neutral,3,,,,,,,,,,,,,,,,,,ø,,Tome of Beasts,367,,,,,,,,,,,
Scaladar,Huge,Construct,,Unaligned,8,,,,,,,,,,,,,,,,ø,,,,Waterdeep: Dungeon of the Mad Mage,315,,,Star-Spawn of Cthulhu,Large,Fiend,,Chaotic Evil,15,,,,,,,,,,,,,,,,,,,ø,Tome of Beasts,368,,,,,,,,,,,
Scanlan Shorthalt,Small,Humanoid,gnome,Not Provided,15,,x,,,x,,,,,,,,,,,,,,,Tal'Dorei Campaign Setting Reborn,271,,,Stryx,Tiny,Monstrosity,,Neutral,1/8,,x,,,,v,,,,,ø,,,,,,,,,Tome of Beasts,369,,,,,,,,,,,
Scarecrow,Medium,Construct,,Chaotic Evil,1,,,,,,,,,,,,x,,,,,,,,Monster Manual,268,,,Stuhac,Medium,Fiend,,Neutral Evil,13,,,,,,,,,,,,,,,,,,,ø,Tome of Beasts,370,,,,,,,,,,,
Scarlet Ibis,Medium,Monstrosity,,Neutral,5,,,,,,,,,,,,,,,x,,,,,Tome of Beasts 2,318,,,Subek,Large,Humanoid,,Lawful Neutral,5,,,,,,,,,,,ø,,,,ø,,,,,Tome of Beasts,371,,,,,,,,,,,
Scheznyki,Small,Fey,,Chaotic Evil,6,,x,,,,,,,,,,,,,,ø,,,,Tome of Beasts,339,,,Suturefly,Tiny,Beast,,Unaligned,1/4,,,,,,,,,,,ø,,,,ø,,,,,Tome of Beasts,372,,,,,,,,,,,
Scholar Brain Cylinder,Tiny,Construct,human,Any,0,,,,,,,,,,,,,,,,,,,x,Sandy Petersen's Cthulhu Mythos,284,,,Fire Dancer Swarm,Medium,Elemental,Swarm,Neutral Evil,7,,,,,,,,,,,,,,,,,,,ø,Tome of Beasts,373,,,,,,,,,,,
Scholarly Agent,Small or Medium,Humanoid,Wizard,Any,1,,x,,,,,,,,,,,,,,,,,,Critical Role: Call of the Netherdeep,206,,,Manabane Scarab Swarm,Medium,Beast,Swarm,Unaligned,4,,,,,,,,,,ø,,,,,,,,,,Tome of Beasts,374,,,,,,,,,,,
Scholarly Excavator,Small or Medium,Humanoid,,Any,3,,,,,,,,,,,,,,,,,,,,Critical Role: Call of the Netherdeep,206,,,Prismatic Beetle Swarm,Medium,Beast,Swarm,Unaligned,3,,,,,,,,,,,,,,,ø,,,,,Tome of Beasts,375,,,,,,,,,,,
Scholarly Mastermind,Small or Medium,Humanoid,Wizard,Any,5,,x,,,,,,,,,,,,,,,,,,Critical Role: Call of the Netherdeep,207,,,Sluagh Swarm,Medium,Fey,Swarm,Chaotic Evil,3,,,,,,,,ø,,,,,,,,ø,,,,Tome of Beasts,376,,,,,,,,,,,
Scion of Chaugnar Faugn,Large,Monstrosity,,Chaotic Evil,7,,,,,,,,,,,,,x,,,,,x,,Sandy Petersen's Cthulhu Mythos,183,,,Wolf Spirit Swarm,Large,Undead,Swarm,Neutral Evil,6,,,,,,,,ø,,,ø,,,,,,,,,Tome of Beasts,377,,,,,,,,,,,
Scion of Grolantor,Gargantuan,Giant,Titan,Chaotic Evil,22,,,x,,,,,,,,,,,,,,,,,Bigby Presents: Glory of the Giants,165,,,Temple Dog,Medium,Celestial,,Any Good,5,,,,,,,,ø,,,,,,ø,,,,,,Tome of Beasts,378,,,,,,,,,,,
Scion of Memnor,Gargantuan,Giant,Titan,Chaotic Neutral,26,,,x,,,,,,,,,,,,,,,,,Bigby Presents: Glory of the Giants,167,,,Theullai,Huge,Elemental,,Chaotic Neutral,10,,,,,,,,ø,,,,,,ø,,,,,,Tome of Beasts,379,,,,,,,,,,,
Scion of Skoraeus,Gargantuan,Giant,Titan,Neutal,23,,,x,,,,,,,,,,,,,,,,,Bigby Presents: Glory of the Giants,169,,,Ancient Titan,Gargantuan,Celestial,,Neutral Good,12,,,,,,,,,ø,,,,,,,,ø,,,Tome of Beasts,380,,,,,,,,,,,
Scion of Stronmaus,Gargantuan,Giant,Titan,Chaotic Good,27,,,x,,,,,,,,,,,,,,,,,Bigby Presents: Glory of the Giants,171,,,Degenerate Titan,Huge,Giant,,Chaotic Evil,8,,,,,,,,,,,,,,,,,,,,Tome of Beasts,381,,,,,,,,,,,
Scion of Surtur,Gargantuan,Giant,Titan,Lawful Evil,25,,,x,,,,,,,,,,,,,,,,,Bigby Presents: Glory of the Giants,173,,,Titanoboa,Gargantuan,Beast,,Unaligned,12,,,,,,,,,,,,,,,ø,,,,,Tome of Beasts,382,,,,,,,,,,,
Scion of Thrym,Gargantuan,Giant,Titan,Neutral Evil,24,,,x,,,,,,,,,,,,,,,,,Bigby Presents: Glory of the Giants,175,,,Tosculi Hive Queen,Large,Monstrosity,,Lawful Neutral,12,,,x,x,,,,,,,,,,,,,,,,Tome of Beasts,385,,,,,,,,,,,
Scitalis,Large,Monstrosity,,Unaligned,2,,,,,,,,x,x,x,x,x,x,x,x,x,x,x,x,Creature Codex,321,,,Tosculi Drone,Small,Monstrosity,,Lawful Neutral,1/2,,,,,,,,,,,,,,,,,,,,Tome of Beasts,386,,,,,,,,,,,
Scopikis,Large,Monstrosity,,Chaotic Evil,6,,,,,,,,,,ø,,,,,,,,,,Monster a Day Compendium 2.0,173,,,Tosculi Elite Bow Raider,Medium,Monstrosity,,Lawful Neutral,5,,,,,,,,,,,,,,,,,,,,Tome of Beasts,386,,,,,,,,,,,
Scorchbringer Guard,Medium,Humanoid,Any Race,Chaotic Neutral,1/2,,,,,,,,,,,,,,,,,,ø,,Guildmaster's Guide to Ravnica,243,,,Tosculi Warrior,Small,Monstrosity,,Lawful Neutral,2,,,,,,,,,,,,,,,,,,,,Tome of Beasts,386,,,,,,,,,,,
Scorpion,Tiny,Beast,,Unaligned,0,,,,,,,,,,x,,,,,,,,,,Monster Manual,337,,,Treacle,Tiny,Ooze,,Unaligned,1/4,,,,,,,,,,,,,,ø,ø,ø,,,,Tome of Beasts,387,,,,,,,,,,,
Scorpion Assassin,Medium,Humanoid,Any Race,Neutral Evil,8,,x,,,,,,,,x,,,x,,,,,,,Creature Codex,405,,,Weeping Treant,Huge,Plant,,Neutral,6,,,,,,,,,,,ø,,,,ø,,,,,Tome of Beasts,388,,,,,,,,,,,
Scorpion Cultist,Medium,Humanoid,,Neutral,1/2,,,,,,,,,,ø,,,,ø,,ø,,ø,,Tome of Beasts,425,,,Lake Troll,Large,Giant,,Chaotic Evil,7,,,,,,,,,,,ø,ø,ø,,,,,,,Tome of Beasts,389,,,,,,,,,,,
Scourge,Small,Monstrosity,,Unaligned,3,,,,,,,,,,,,,,,ø,ø,,,,Monster a Day Compendium 2.0,175,,,Trollkin Reaver,Medium,Humanoid,,Neutral,4,,,,,,,,ø,,,ø,,,ø,,,,,,Tome of Beasts,390,,,,,,,,,,,
Scout,Medium,Humanoid,Any Race,Any,1/2,,,,,,,,x,x,x,,x,x,x,x,x,,,,Monster Manual,349,,,Tusked Skyfish,Large,Aberration,,Lawful Good,4,,,,,,,,,ø,,,,,ø,,,,,,Tome of Beasts,391,,,,,,,,,,,
Screaming Devilkin,Small,Fiend,,Lawful Neutral,1/4,,,,,,,,x,x,x,x,x,x,x,x,x,,x,,Fifth Edition Foes,197,,,Uraeus,Tiny,Celestial,,Lawful Neutral,2,,,,,,,,,,,,,,,,,,,ø,Tome of Beasts,392,,,,,,,,,,,
Screaming Devilkin,Small,Fey,,Lawful Evil,1,,,,,,,,,,,,,,,,,,,x,Mordenkainen's Fiendish Folio vol. 1,19,,,Urochar (strangling Watcher),Huge,Aberration,,Chaotic Evil,17,,x,x,,,,,,,,,,,,,ø,,,,Tome of Beasts,393,,,,,,,,,,,
Screecher,Large,Monstrosity,,Neutral,2,,,,,,,,,,ø,,,,,,,,,,Monster a Day Compendium 2.0,174,,,Ushabti,Large,Construct,,Unaligned,9,,,,,,,,,,ø,,,,,,,,,,Tome of Beasts,394,,,,,,,,,,,
Scribe Devil,Medium,Fiend,Devil,Lawful Evil,5,,x,,,,,,,,,,,,,,,,,x,Tome of Beasts 2,105,,,Vaettir,Medium,Undead,,Lawful Neutral,4,,x,,,,,,ø,ø,,,,,ø,,,ø,,,Tome of Beasts,395,,,,,,,,,,,
Scrofin,Medium,Fey,,Lawful Neutral,2,,,,,,,,,,,x,x,,,x,,,,,Tome of Beasts 2,319,,,Valkyrie,Medium,Celestial,,Neutral,11,,x,x,,,,,,,,,,,,,,,,ø,Tome of Beasts,396,,,,,,,,,,,
Scroll Mummy,Medium,Undead,,Neutral,6,,x,,,,,,,,,,,,,,,,x,,Tome of Beasts 2,262,,,Umbral,Medium,Fiend,Vampire,Chaotic Evil,7,,x,,,,,,,,,,,,,,,,ø,ø,Tome of Beasts,397,,,,,,,,,,,
Scuttling Serpentmaw,Small,Aberration,,Unaligned,4,,,,,,,,,,,,,,,,,,,,Critical Role: Call of the Netherdeep,208,,,Vapor Lynx,Large,Monstrosity,,Chaotic Neutral,5,,x,,,,,,,,,,,,,,,,,,Tome of Beasts,398,,,,,,,,,,,
Scythe Tree,Huge,Plant,,Chaotic Evil,5,,,,,,,,,,,x,,,,,,,,,Fifth Edition Foes,198,,,Vesiculosa,Gargantuan,Plant,,Unaligned,11,,,,,,,,,,ø,,,,,,,,,,Tome of Beasts,399,,,,,,,,,,,
Sea Dragon Qyrmling,Medium,Dragon,,Neutral Evil,2,,,,,,,,,,,,,,,,,ø,,,Tome of Beasts,136,,,Vila,Medium,Fey,,Lawful Neutral,5,,x,,,,,,,,,ø,,,,,,,,,Tome of Beasts,400,,,,,,,,,,,
Sea Fury,Medium,Fey,,Chaotic Evil,12,,x,x,x,,,,,ø,,,,,,,,x,,,Explorer's Guide to Wildemount,299,,,Vile Barber (Siabhra),Small,Fey,,Chaotic Evil,2,,,,,,,,,,,,,,,,,,,,Tome of Beasts,401,,,,,,,,,,,
Sea Hag,Medium,Fey,Hag,Chaotic Evil,2,,x,,,,,,,x,,,,,,,,x,,,Monster Manual,179,,,Vine Lord,Medium,Plant,,Lawful Neutral,7,,,,,,,,,,,ø,,,,ø,,,,,Tome of Beasts,402,,,,,,,,,,,
Sea Horse,Tiny,Beast,,Unaligned,0,,,,,,x,,,,,,,,,,,x,,,Monster Manual,337,,,Tendril Puppet,Medium,Plant,,Lawful Neutral,2,,,,,,,,,,,ø,,,,ø,,,,,Tome of Beasts,403,,,,,,,,,,,
Sea Lion,Large,Beast,,Unaligned,1/2,,,,,,,,,x,,,,,,,,x,,,Ghosts of Saltmarsh,252,Tales from the Yawning Portal 242,,Voidling,Large,Aberration,,Chaotic Evil,11,,x,,,,,,,,,,,,,,,,,ø,Tome of Beasts,404,,,,,,,,,,,
Sea Spawn,Medium,Monstrosity,,Neutral Evil,1,,,,,,,,,x,,,,,,,,x,,,Mordenkainen Presents: Monsters of the Multiverse,211,Volo's Guide to Monsters 189,,Wampus Cat,Medium,Monstrosity,,Chaotic Neutral,1,,x,,,,,,,,,ø,,,,,,,,,Tome of Beasts,405,,,,,,,,,,,
Seafallen Captain,Medium,Undead,,Neutral Evil,4,,,,,,,,,ø,,,,,,,,x,,,Dark Arts Player's Companion,50,,,Water Leaper,Large,Monstrosity,,Unaligned,4,,,,,,,,,ø,,ø,,,,,,ø,,,Tome of Beasts,406,,,,,,,,,,,
Seafallen Crew,Medium,Undead,,Neutral Evil,1/4,,,,,,,,,ø,,,,,,,,x,,,Dark Arts Player's Companion,49,,,Wharfling,Tiny,Beast,,Unaligned,1/8,,,,,,,,,ø,,,,,,,,,ø,,Tome of Beasts,407,,,,,,,,,,,
Seafallen Host,Medium,Undead,,Neutral Evil,1,,,,,,,,,ø,,,,,,,,x,,,Dark Arts Player's Companion,50,,,Wharfling Swarm,Large,Beast,Swarm,Unaligned,4,,,,,,,,,ø,,,,,,,,,ø,,Tome of Beasts,407,,,,,,,,,,,
Seal,Medium,Beast,,Unaligned,0,,,,,,,,ø,ø,,,,,,,,ø,,,Icewind Dale: Rime of the Frostmaiden,308,,,White Ape,Large,Monstrosity,,Neutral,6,,,,,,,,ø,,,ø,ø,ø,,,,,,,Tome of Beasts,408,,,,,,,,,,,
Selachian,Large,Humanoid,Selechian,Any Chaotic,8,,,,,,,,ø,ø,,,,,,,,ø,ø,,Monster a Day Compendium 2.0,176,,,Witchlight,Tiny,Construct,,Neutral,1/4,,,,,,o,,,,,ø,,ø,ø,ø,ø,,,,Tome of Beasts,409,,,,,,,,,,,
Selang,Medium,Fey,,Chaotic Evil,4,,x,,,,,,,,,ø,,,,ø,,,,,Tome of Beasts,341,,,Wormhearted Suffragan,Medium,Undead,,Chaotic Evil,5,,x,,,,,,,,,,ø,ø,ø,,,,,,Tome of Beasts,410,,,,,,,,,,,
Selenelion Twin,Medium,Humanoid,Elf,Chaotic Good,2,,,,,x,,,,,,,,,,,,,,,The Wild Beyond The Witchlight,241,,,Xanka,Small,Construct,,Unaligned,1/4,,,,,,,,,,,,,,,,ø,,ø,,Tome of Beasts,411,,,,,,,,,,,
Sema,Small,Aberration,,Neutral Evil,1,,,,,,,,,,,,,,,,,,,x,Tome of Beasts 2,320,,,Xhkarsh,Large,Aberration,,Neutral Evil,8,,,,,,,,,,,,,,,,,,,ø,Tome of Beasts,412,,,,,,,,,,,
Sentinel in Darkness,Large,Construct,,Unaligned,7,,,,,,,,,,,,,,,,x,,x,,Creature Codex,323,,,Ychen Bannog,Gargantuan,Beast,,Unaligned,11,,,,,,,,ø,ø,ø,ø,ø,ø,ø,ø,,,,,Tome of Beasts,413,,,,,,,,,,,
Seodra,Medium,Humanoid,Genasi,Any,1/8,,,,,x,,,,,,,,,,,,,,,Infernal Machine Rebuild,41,,,Zaratan,Gargantuan,Monstrosity,,Unaligned,26,,,,,,,,,ø,,,,,,,,ø,,,Tome of Beasts,414,,,,,,,,,,,
Septon Modron,Large,Construct,,Lawful Neutral,12,,x,,,,,,,,,,,,,,,,,x,Morte's Planar Parade,40,,,Zimwi,Medium,Giant,,Chaotic Evil,4,,,,,,,,,,ø,,ø,,,ø,,,,,Tome of Beasts,415,,,,,,,,,,,
Sepulchral Guardian,Medium,Construct,,Unaligned,3,,,,,,,,x,x,x,x,x,x,x,x,x,,x,,Fifth Edition Foes,206,,,Zmey,Huge,Dragon,,Chaotic Evil,14,,,x,,,,,,,,ø,,,,ø,ø,ø,,,Tome of Beasts,416,,,,,,,,,,,
Sergeant,Medium,Humanoid,Human,Unaligned,3,,,,,,,,,,,,,,,,,,ø,,Monster a Day Compendium 2.0,91,,,Bandit Lord,Medium,Humanoid,,Any Non-Lawful,4,,,,,,,,,,,,,,,,,,ø,,Tome of Beasts,418,,,,,,,,,,,
Serpentfolk,Medium,Monstrosity,shapechanger,Neutral Evil,3,,x,,,,,,,,,,,,,,x,,x,,Sandy Petersen's Cthulhu Mythos,365,,,Black Knight Commander,Medium,Humanoid,,Lawful Neutral,5,,,,,,,,,,,,,,,,,,ø,,Tome of Beasts,418,,,,,,,,,,,
Serpentfolk Alchemist,Medium,Monstrosity,shapechanger,Neutral Evil,9,,x,,,,,,,,,,,,,,x,,x,,Sandy Petersen's Cthulhu Mythos,365,,,City Watch Captain,Medium,Humanoid,,Lawful Neutral,4,,,,,,,,,,,,,,,,,,ø,,Tome of Beasts,419,,,,,,,,,,,
Serpentfolk of Yig,Medium,Humanoid,,Neutral Evil,1,,x,,,,,,,,,,,,,,,,x,,Creature Codex,324,,,Devilbound Gnomish Prince,Small,Humanoid,,Any Evil,9,,x,,,,,,,ø,,ø,ø,ø,,,,,ø,,Tome of Beasts,420,,,,,,,,,,,
Serpentine Lamia,Medium,Monstrosity,,Neutral Evil,1,,,,,,,,,,,x,,,x,,,,x,,Creature Codex,248,,,Dwarven Ringmage,Medium,Humanoid,Dwarf,Any,7,,x,,,,,,,,,,,ø,ø,,ø,,ø,,Tome of Beasts,420,,,,,,,,,,,
Serpopard,Large,Beast,,Unaligned,3,,,,,,,,,,x,,,,,,,,,,Planeshift: Amonkhet,37,,,Emerald Order Cult Leader,Medium,Humanoid,,Lawful Neutral,8,,x,,,,,,,,,ø,,,,,,,ø,,Tome of Beasts,421,,,,,,,,,,,
Serpopard,Large,Beast,,Unaligned,4,,,,,,,,,,ø,,,,,ø,,,,,Tome of Beasts,342,,,Elvish Veteran Archer,Medium,Humanoid,,Chaotic Neutral,3,,,,,,,,,,,ø,,,,,,,ø,,Tome of Beasts,422,,,,,,,,,,,
Servant of the Unsated God,Medium,Undead,,Neutral Evil,4,,x,,,,,,x,x,x,x,x,x,x,x,x,x,x,,Tome of Beasts 2,321,,,Corrupted Ogre Chieftain,Large,Giant,,Chaotic Evil,6,,,,,,,,,,,,,,,,,,ø,,Tome of Beasts,423,,,,,,,,,,,
Servant of the Vine,Medium,Humanoid,Elf,Chaotic Neutral,6,,x,,,,,,x,x,x,x,x,x,x,x,x,x,x,x,Creature Codex,144,,,Ghost Knight,Medium,Humanoid,,Lawful Neutral,6,,,,,,,,,,,,,,,,,,ø,,Tome of Beasts,423,,,,,,,,,,,
Servant of Yig,Medium,Aberration,,Neutral Evil,4,,x,,,,,,,,,,,,,,,,x,,Creature Codex,325,,,Scorpion Cultist,Medium,Humanoid,,Neutral,1/2,,,,,,,,,,ø,,,,ø,,ø,,ø,,Tome of Beasts,425,,,,,,,,,,,
Servitor of the Outer Gods,Medium,Aberration,,Chaotic Evil,3,,,,,,,,,,,,,,ø,,,,,x,Sandy Petersen's Cthulhu Mythos,367,,,Wolf Reaver Dwarf,Medium,Humanoid,Dwarf,Any Chaotic,3,,,,,,,,,,,,,ø,ø,,ø,,ø,,Tome of Beasts,426,,,,,,,,,,,
Servitor Thrull,Small,Construct,,Unaligned,1/4,,,,,,,,,,,,,,,,,,ø,,Guildmaster's Guide to Ravnica,221,,,Aalpamac,Huge,Monstrosity,,Unaligned,7,,,,,,,,,x,,,,,,,,x,,,Tome of Beasts 2,8,,,,,,,,,,,
Servo,Tiny,Construct,,Unaligned,0,,,,,,,,,,,,,,,,,,x,,Planeshift: Kaladesh,32,,,Ahu-Nixta Cataphract,Large,Aberration,,Neutral Evil,8,,x,,,,,,,,,,,,,,,,,x,Tome of Beasts 2,9,,,,,,,,,,,
Setessan Hoplite,Medium,Humanoid,Any Race,Any,4,,,,,,,,,,,,,,,,,,ø,,Mythic Odysseys of Theros,229,,,Ahu-Nixta Drudge,Medium,Aberration,,Neutral Evil,1/2,,x,,,,,,,,,,,,,,,,,x,Tome of Beasts 2,10,,,,,,,,,,,
Severin,Medium,Humanoid,Human,Neutral Evil,11,,,x,,x,,,,,,,,,,,,,,,Rise of Tiamat,92,,,Akaasit,Medium,Construct,,Unaligned,6,,,,,,,,,,,,,,,,,,,x,Tome of Beasts 2,11,,,,,,,,,,,
Shabti,Medium,Construct,,Unaligned,8,,,,,,,,,,ø,,,,,ø,,,,,Tome of Beasts,343,,,Akhlut,Large,Beast,,Unaligned,6,,,,,,,,x,x,,,,,,,,x,,,Tome of Beasts 2,12,,,,,,,,,,,
Shadar-Kai Gloom Weaver,Medium,Humanoid,elf,Neutral Evil,9,,x,,,,,,,,,,,,,,x,,x,,Mordenkainen Presents: Monsters of the Multiverse,213,,,Alchemical Skunk,Small,Monstrosity,,Unaligned,4,,,,,,,,,,,x,x,,,,,,x,,Tome of Beasts 2,13,,,,,,,,,,,
Shadar-Kai Shadow Dancer,Medium,Humanoid,elf,Any,7,,,,,,,,,,,x,,,,,x,,x,,Mordenkainen Presents: Monsters of the Multiverse,213,Mordenkainen's Tome of Foes 225,,Alpha Fish,Large,Beast,,Unaligned,3,,,,,,,,,,,,,,,,,x,,,Tome of Beasts 2,14,,,,,,,,,,,
Shadar-Kai Soul Monger,Medium,Humanoid,elf,Neutral Evil,11,,x,,,,,,,,,,,,,,x,,x,,Mordenkainen Presents: Monsters of the Multiverse,214,,,A-mi-kuk,Huge,Aberration,,Chaotic Evil,7,,,,,,,,x,,,,,,,,,x,,,Tome of Beasts 2,15,,,,,,,,,,,
Shadhavar,Large,Monstrosity,,Neutral,2,,x,,,,,,,,,,,,,,,,,,Tome of Beasts,344,,,Angel of Judgement,Huge,Celestial,,Neutral,18,,x,,,,,,,,,,,,,,,,,x,Tome of Beasts 2,16,,,,,,,,,,,
Shadow,Medium,Undead,,Chaotic Evil,1/2,,,,,,,,,,,,,,,,x,,x,,Monster Manual,269,Infernal Machine Rebuild 80,,Angelic Enforcer,Large,Celestial,,Lawful Good,12,,x,,,,,,,,,,,,,,,,,x,Tome of Beasts 2,17,,,,,,,,,,,
Shadow Assassin,Medium,Undead,,Chaotic Evil,9,,,,,,,,,,,,,,,,ø,,,,Waterdeep: Dungeon of the Mad Mage,316,,,Mead Archon,Medium,Celestial,,Chaotic Good,4,,x,,,,,,,,,,,,,,,,,x,Tome of Beasts 2,18,,,,,,,,,,,
Shadow Beast,Medium,Fey,,Chaotic Evil,7,,x,,,,,,,,,,,,,,,,,ø,Tome of Beasts,345,,,Urdimmu,Large,Celestial,,Lawful Good,14,,x,,,,,,,,,,,,,,,,,x,Tome of Beasts 2,19,,,,,,,,,,,
Shadow Blight,Small,Plant,,Neutral Evil,1,,,,,,,,x,,,x,,,,,,,,,Creature Codex,326,,,Queen of Scorpions,Medium,Fey,Shapechanger,Lawful Evil,13,,x,x,,x,,,,,x,,,,,,,,,,Tome of Beasts 2,21,,,,,,,,,,,
Shadow Boxer,Small,Fey,,Chaotic Neutral,3,,,,,,,,,,,,,,,,,,x,,Tome of Beasts 2,322,,,Toad King,Medium,Fey,Shapechanger,Neutral,10,,x,,,x,,,,,,,,,,x,,,,,Tome of Beasts 2,22,,,,,,,,,,,
Shadow Demon,Medium,Fiend,Demon,Chaotic Evil,4,,,,,,,,,,,,,,,,,,,ø,Monster Manual,64,,,Animated Bearskin Rug,Large,Construct,,Unaligned,4,,,,,,,,,,,,x,,,,,,x,,Tome of Beasts 2,24,,,,,,,,,,,
Shadow Elemental,Large,Elemental,,Neutral Evil,5,,,,,,,,,,,,,,,,x,,,x,Dark Arts Player's Companion,51,,,Aniwye,Large,Monstrosity,Shapechanger,Neutral Evil,5,,,,,,,,,,,x,,,,,,,,,Tome of Beasts 2,25,,,,,,,,,,,
Shadow Fey Ambassador,Medium,Humanoid,Elf,Lawful Evil,9,,,,,,,,,,,,,,,,x,,x,,Creature Codex,145,,,Anzu,Large,Monstrosity,,Neutral,9,,,,,,,,,,x,,x,,x,,,,,,Tome of Beasts 2,26,,,,,,,,,,,
Shadow Fey Elves,Medium,Humanoid,Elf,Lawful Neutral,1/4,,x,,,,,,,,,,,,,,ø,,,ø,Tome of Beasts,171,,,Apaxrusl,Medium,Construct,,Neutral,3,,,,,,,,,,x,,,,,,,,,,Tome of Beasts 2,27,,,,,,,,,,,
Shadow Fey Poisoner,Medium,Humanoid,Elf,Neutral,11,,,,,,,,,,,,,,,,x,,x,,Creature Codex,148,,,Ash Phoenix,Large,Undead,,Neutral Evil,9,,,,,,,,x,x,x,x,x,x,x,x,x,x,x,,Tome of Beasts 2,28,,,,,,,,,,,
Shadow Giant,Huge,Giant,,Chaotic Evil,15,,,,,,,,,,,,,,,,,,,x,Tome of Beasts 2,173,,,Ashen Custodian,Medium,Fey,,Neutral,6,,x,,,,,,,,,x,,,,,,,,,Tome of Beasts 2,29,,,,,,,,,,,
Shadow Goblin,Small,Humanoid,Goblin,Neutral Evil,1/2,,,,,,,,,,,,,,,,x,,,,Creature Codex,191,,,Astral Devourer,Medium,Aberration,Swarm,Chaotic Evil,8,,,,,,,,,,,,,x,,,,,,x,Tome of Beasts 2,30,,,,,,,,,,,
Shadow Horror,Large,Aberration,,Neutral Evil,9,,,,,,,,,,,,,,,,ø,,ø,,Guildmaster's Guide to Ravnica,205,,,Astri,Small,Celestial,,Chaotic Good,8,,x,,,,,,,,x,,,x,x,,,,,,Tome of Beasts 2,31,,,,,,,,,,,
Shadow Mastiff,Medium,Fiend,Monstrosity,Chaotic Neutral,1/2,,,,,,,,x,x,x,x,x,x,x,x,x,,x,,Fifth Edition Foes,207,,,Atterroppe,Tiny,Fey,,Chaotic Evil,1/2,,x,,,,,,,,,x,x,,,x,,,,,Tome of Beasts 2,32,,,,,,,,,,,
Shadow Mastiff,Medium,Monstrosity,,Neurtral Evil,2,,,,,,,,,,,x,,x,,x,,,,,Mordenkainen Presents: Monsters of the Multiverse,215,Volo's Guide to Monsters 190,,August Rooster,Medium,Monstrosity,,Neutral Evil,4,,x,,,,,,,,,,x,,,,,,x,,Tome of Beasts 2,33,,,,,,,,,,,
Shadow Mastiff Alpha,Medium,Monstrosity,,Neutral Evil,3,,,,,,,,,,,x,,x,,x,,,,,Mordenkainen Presents: Monsters of the Multiverse,215,,,Aurora Horribilis,Large,Aberration,,Chaotic Neutral,9,,,,,,,,x,,,,,,,,,,,,Tome of Beasts 2,34,,,,,,,,,,,
Shadow of Death,Large,Celestial,,Chaotic Evil,21,,,,,,,,x,x,x,x,x,x,x,x,x,x,x,,Tome of Beasts 2,323,,,Avalanche Screamer,Large,Aberration,,Chaotic Evil,7,,,,,,,,x,,,,,,x,,,,,,Tome of Beasts 2,35,,,,,,,,,,,
Shadow Ooze,Medium,Ooze,,Unaligned,3,,,,,,,,,,,,,,,,,,x,,Creature Codex,287,,,Aviere,Tiny,Celestial,,Any Good,1/2,,,,,,v,,,,,,,,,,,,,x,Tome of Beasts 2,36,,,,,,,,,,,
Shadow Rat,Tiny,Undead,,Unaligned,0,,,,,,,,x,x,x,x,x,x,x,x,x,,x,,Fifth Edition Foes,191,,,Avulzor,Large,Aberration,,Lawful Evil,8,,,,,,,,x,x,x,x,x,x,x,x,x,x,x,x,Tome of Beasts 2,37,,,,,,,,,,,
Shadow River Lord,Medium,Undead,,Neutral Evil,9,,,,,,,,,,,x,,,,,,x,,,Creature Codex,327,,,Barometz,Large,Plant,,Chaotic Neutral,6,,,,,,,,,,,x,,,,,,,,,Tome of Beasts 2,38,,,,,,,,,,,
Shadow Skeleton,Medium,Undead,,Neutral Evil,2,,,,,,,,,,,x,,,,,,x,x,,Creature Codex,342,,,Giant Bombardier Beetle,Medium,Beast,,Unaligned,1/4,,,,,,,,,,,x,,,,,,,,,Tome of Beasts 2,39,,,,,,,,,,,
Shadow Troll,Large,Giant,,Chaotic Evil,7,,,,,,,,,,,,,,,,ø,,,ø,Monster a Day Compendium 2.0,210,,,Giant Snow Beetle,Large,Beast,,Unaligned,1,,,,,,,,x,,,,,,,,,,,,Tome of Beasts 2,39,,,,,,,,,,,
Shadowgast,Medium,Undead,,Chaotic Evil,5,,,,,,,,,,,,,,,,,,,,Explorer's Guide to Wildemount,299,,,Lantern Beetle,Tiny,Beast,,Unaligned,0,,,,,,v,,,,,,,,,,x,,,,Tome of Beasts 2,40,,,,,,,,,,,
Shadowtouched Umberhulk,Large,Monstrosity,,Chaotic Evil,5,,,,,,,x,,,,,,,,,ø,,,x,Dark Arts Player's Companion,52,,,Sniffer Beetle,Small,Beast,,Unaligned,1/8,,,,,,v,,,,,,,,,,x,,,,Tome of Beasts 2,40,,,,,,,,,,,
Shadrix Silverquill,Gargantuan,Dragon,Bard,Neutral,22,,x,x,,x,,,,,,,,,,,,,,,Strixhaven: A Cirriculum of Chaos,212,,,Befouled Weird,Medium,Elemental,,Neutral Evil,5,,,,,,,,,,,,,,,x,,,,x,Tome of Beasts 2,41,,,,,,,,,,,
Shambling Mound,Large,Plant,,Unaligned,5,,,,,,,,,,,x,,,,,,,,,Monster Manual,270,,,Black Crier,Medium,Undead,,Neutral,11,,,,,,,,,,,,x,,,,,,x,,Tome of Beasts 2,42,,,,,,,,,,,
Shantak,Large,Monstrosity,,Lawful Evil,5,,,,,,,,,,,,,,,,,,,x,Creature Codex,328,,,Bleakheart,Medium,Undead,,Neutral Evil,3,,x,,,,,,,,,,,,,,,,x,,Tome of Beasts 2,43,,,,,,,,,,,
Shantak,Huge,Monstrosity,,Chaotic Evil,5,,,,,,,,,,,,,,ø,,,,,x,Sandy Petersen's Cthulhu Mythos,368,,,Bloodsapper,Medium,Aberration,,Chaotic Evil,3,,,,,,,,x,x,x,x,x,x,x,x,x,x,,,Tome of Beasts 2,44,,,,,,,,,,,
Shard Swarm,Medium,Construct,Swarm,Unaligned,1/2,,,,,,,,x,x,x,x,x,x,x,x,x,x,x,x,Creature Codex,329,,,Bloodstone Sentinel,Large,Construct,,Neutral Evil,8,,,,,,,,,,,,,,,,x,,x,,Tome of Beasts 2,45,,,,,,,,,,,
Sharkjaw Skeleton,Large,Undead,,Lawful Neutral,1,,,,,,,,,ø,,,,,,,,ø,,,Tome of Beasts,350,,,Boneshard Wraith,Medium,Undead,,Neutral Evil,12,,,,,,,,,,,,,x,,,,,,,Tome of Beasts 2,46,,,,,,,,,,,
Sharwyn Hucrele,Medium,Humanoid,,Neutral Evil,1/2,,x,,,x,,,,,,,,,,,,,,,Tales from the Yawning Portal,242,,,Bonespitter,Gargantuan,Monstrosity,,Unaligned,13,,,,,,,,,,,,x,,,,,,,,Tome of Beasts 2,47,,,,,,,,,,,
Shator Demodand,Large,Fiend,,Neutral Evil,16,,x,,,,,,,,,,,,,,,,,x,Morte's Planar Parade,28,,,Borea's Chosen,Medium,Humanoid,Any Race,Chaotic Evil,7,,,,,,,,x,,,,,,,,,,,,Tome of Beasts 2,48,,,,,,,,,,,
Shell Shark,Medium,Monstrosity,,Unaligned,2,,,,,,,,,,,,,,,,,x,,,Ghosts of Saltmarsh,252,,,Brachyura Shambler,Medium,Monstrosity,,Neutral Evil,4,,,,,,,,,,,,,,,x,,,,,Tome of Beasts 2,49,,,,,,,,,,,
Shellycoat,Medium,Fey,,Neutral Evil,2,,x,,,,,,ø,ø,,,,,,ø,,ø,,,Tome of Beasts,346,,,Brain Hood,Tiny,Aberration,,Neutral Evil,1/2,,x,,,,,, ,,,x,x,,,,,,,,Tome of Beasts 2,50,,,,,,,,,,,
Shemeshka,Medium,Fiend,Yugoloth,Neutral Evil,14,,x,x,,x,,,,,,,,,,,,,,x,Morte's Planar Parade,46,,,Brimstone Locusthound,Medium,Monstrosity,,Neutral,3,,,,,,,,,,,,x,x,,,x,,,,Tome of Beasts 2,51,,,,,,,,,,,
Shemshime,Medium,Undead,,Not Provided,4,,,,,x,,,,,,,,,,,,,ø,,Candlekeep Mysteries,69,,,Broodmother of Leng,Huge,Aberration,,Chaotic Evil,11,,x,,,,,,,,,,,,,,,,,x,Tome of Beasts 2,52,,,,,,,,,,,
Shield Guardian,Large,Construct,,Unaligned,7,,,,,,,,,,,,,,,,,,x,,Monster Manual,271,,,Bulbous Violet,Medium,Plant,,Unaligned,1,,,,,,,,,,,x,,,,,,,,,Tome of Beasts 2,53,,,,,,,,,,,
Shifter,Medium,Humanoid,Shifter,Any,1/2,,,,,,,,,,,,,,,,,,ø,,Eberron: Rising from the Last War,319,,,Butatsch,Gargantuan,Aberration,,Chaotic Neutral,14,,,,,,,,,,,,,x,x,,x,x,,,Tome of Beasts 2,54,,,,,,,,,,,
Shiftshroom,Medium,Plant,Shapechanger,Unaligned,1/4,,,,,,,,,,,,,,,,x,,,,Tome of Beasts 2,159,,,Cadaver Sprite,Tiny,Undead,,Neutral Evil,1/2,,,,,,,,,,,x,,,,,,,,,Tome of Beasts 2,55,,,,,,,,,,,
Shimmer Seal,Medium,Beast,,Unaligned,5,,,,,,,,x,,,,,,,,,x,,,Tome of Beasts 2,324,,,Carnivorous Ship,Gargantuan,Monstrosity,Shapechanger,Neutral,13,,,,,,,,,x,,,,,,,,x,,,Tome of Beasts 2,56,,,,,,,,,,,
Shipbreaker Sea Serpent,Gargantuan,Dragon,Aquatic,Chaotic Neutral,20,,,x,,,,,,,,,,,,,,x,,,Fifth Edition Foes,202,,,Carnivorous Sod,Medium,Plant,,Unaligned,1,,,,,,,,,,,,x,,,,,,,,Tome of Beasts 2,57,,,,,,,,,,,
Shippei-Tao,Large,Giant,,Chaotic Neutral,2,,,,,,,,,ø,ø,ø,ø,ø,ø,ø,,,,,Monster a Day Compendium 2.0,177,,,Catscratch,Huge,Aberration,,Chaotic Evil,3,,,,,,,,,,,,,,,,,,x,,Tome of Beasts 2,58,,,,,,,,,,,
Shoalar Quaderil,Medium,Humanoid,Water Genasi,Lawful Evil,6,,x,,,x,,,,,,,,,,,,,,,Locathah Rising,23,,,Chamrosh,Medium,Celestial,,Neutral Good,1,,,,,,,,,,,,,,,,,,,x,Tome of Beasts 2,59,,,,,,,,,,,
Shoalar Quanderil,Medium,Humanoid,Water Genasi,Lawful Neutral,4,,x,,,x,,,,,,,,,,,,,,,Princes of the Apocalypse,208,,,Chatterlome,Medium,Fiend,,Lawful Evil,7,,,,,,,,,,,,,,,,,,,x,Tome of Beasts 2,60,,,,,,,,,,,
Shoggoth,Huge,Aberration,,Unaligned,16,,,x,,,,,,,,,,,,,,,,ø,Monster a Day Compendium 2.0,178,,,Cherufe,Huge,Elemental,,Chaotic Evil,14,,,,,,,,,,,,,,x,,x,,,x,Tome of Beasts 2,61,,,,,,,,,,,
Shoggoth,Huge,Ooze,,Chaotic Evil,16,,,,,,,,x,x,,,,,,,x,x,,,Sandy Petersen's Cthulhu Mythos,371,,,Chill Haunt,Medium,Undead,,Neutral Evil,3,,,,,,,,x,,,,,,,,,,,,Tome of Beasts 2,62,,,,,,,,,,,
Shoggoth,Huge,Aberration,,Chaotic Neutral,19,,,,,,,,,,,,,,,,,,,ø,Tome of Beasts,347,,,Chimeric Phantom,Medium,Undead,,Chaotic Neutral,2,,,,,,,,x,x,x,x,x,x,x,x,x,x,x,x,Tome of Beasts 2,63,,,,,,,,,,,
Shoosuva,Large,Fiend,demon,Chaotic Evil,8,,,,,,,,,x,,x,x,x,,,,,,,Mordenkainen Presents: Monsters of the Multiverse,216,,,Chronomatic Enhancer,Large,Construct,,Unaligned,12,,,,,,,,,,,,,,,,,,x,,Tome of Beasts 2,64,,,,,,,,,,,
Shoosuva,Large,Fiend,Demon,Chaotic Evil,8,,,,,,,,x,,,x,x,x,,,,,,,Volo's Guide to Monsters,137,,,Clockwork Archon,Gargantuan,Construct,,Unaligned,13,,,,,,,,,,,,,,,,,,x,x,Tome of Beasts 2,65,,,,,,,,,,,
Shoreline Scrapper,Large,Beast,,Unaligned,4,,,,,,,,,x,,,,,,,,x,,,Creature Codex,330,,,Clockwork Leech,Medium,Construct,,Neutral,1,,,,,,,,,,,,,,,x,,,x,,Tome of Beasts 2,66,,,,,,,,,,,
Shriekbat,Huge,Monstrosity,,Unaligned,9,,,,,,,,,,,,,,,,x,,,,Tome of Beasts 2,325,,,Clockwork Mantis,Large,Construct,,Unaligned,6,,,,,,,,x,x,x,x,x,x,x,x,x,x,x,,Tome of Beasts 2,67,,,,,,,,,,,
Shrieker,Medium,Plant,,Unaligned,0,,,,,,,,,,,,,,,,x,,,,Monster Manual,138,,,Clockwork Tiger,Large,Construct,,Unaligned,6,,,,,,,,,,,,,,,,,,x,,Tome of Beasts 2,68,,,,,,,,,,,
Shroom,Small,Plant,Fungus,Chaotic Evil,4,,x,,x,,,,,,,x,,,,x,x,,,,Fifth Edition Foes,209,,,Collais,Large,Monstrosity,,Neutral,10,,,,,,,,,,,x,,,,,,,,,Tome of Beasts 2,69,,,,,,,,,,,
Shroud,Medium,Undead,,Neutral Evil,1/8,,,,,,,,,,,,,,,,,,ø,,Tome of Beasts,348,,,Conjoined Queen,Large,Monstrosity,,Chaotic Neutral,10,,x,,,,,,,,,,,,,,x,,x,,Tome of Beasts 2,70,,,,,,,,,,,
Shukankor,Huge,Aberration,,Chaotic Evil,9,,,,,,,,,,x,,x,x,,,,,,,Tome of Beasts 2,326,,,Corpse Worm,Large,Monstrosity,,Unaligned,3,,,,,,,,,,,,,,,,x,,,,Tome of Beasts 2,71,,,,,,,,,,,
Shurale,Medium,Fey,,Neutral Evil,7,,x,,,,,,,,,x,x,,,,,,,,Tome of Beasts 2,327,,,Corrupted Pixie,Tiny,Fiend,,Chaotic Evil,1/2,,x,,,,,,x,x,x,x,x,x,x,x,x,,x,,Tome of Beasts 2,72,,,,,,,,,,,
Sibriex,Huge,Fiend,demon,Chaotic Evil,18,,x,x,,,,,,,,,,,,,x,,,,Mordenkainen Presents: Monsters of the Multiverse,217,,,Crimson Shambler,Medium,Plant,,Unaligned,1/2,,,,,,,,,,,,,,,,x,,,,Tome of Beasts 2,73,,,,,,,,,,,
Sibriex,Huge,Fiend,Demon,Chaotic Evil,18,,x,x,,,,,,,,,,,,,x,,,ø,Mordenkainen's Tome of Foes,137,,,Crinaea,Medium,Fey,,Neutral,2,,x,,,,,,,,,x,x,,,,,,x,,Tome of Beasts 2,74,,,,,,,,,,,
Sigilian,Medium,Construct,,Unaligned,2,,,,,,,,,,,,,,,,,,x,,Creature Codex,335,,,Crocotta,Medium,Monstrosity,,Neutral Evil,3,,,,,,,,,,,x,x,,,,,,,,Tome of Beasts 2,75,,,,,,,,,,,
Sildar Hallwinter,Medium,Humanoid,Human,Neutral Good,1,,,,,x,,,,,,,,,,,,,,,Lost Mines of Phandelver,61,,,Cryoceros,Large,Monstrosity,,Unaligned,6,,,,,,,,x,,,,,,,,,,,,Tome of Beasts 2,76,,,,,,,,,,,
Sildar Hallwinter,Medium,Humanoid,Human,Neutral Good,1,,,,,x,,,,,,,,,,,,,,,Phandelver and Below: The Shattered Obelisk,22,,,Crystalline Monolith,Huge,Aberration,,Lawful Neutral,7,,x,x,x,,,,,,,,,,x,,x,,,,Tome of Beasts 2,78,,,,,,,,,,,
Silenal,Small,Fey,,Chaotic Neutral,7,,,,,,,,,,,,,,,,,,x,,Tome of Beasts 2,328,,,Dancing Foliage,Medium,Plant,,Chaotic Good,4,,,,,,,,,,,x,,,,,,,,,Tome of Beasts 2,79,,,,,,,,,,,
Silver Dragon Wyrmling,Medium,Dragon,,Lawful Good,2,,,,,,,,,,,,,,x,,,,x,,Monster Manual,118,,,De Ogen,Medium,Undead,,Neutral Evil,4,,,,,,,,x,x,x,x,x,x,x,x,x,x,x,,Tome of Beasts 2,80,,,,,,,,,,,
Silver Dragon Wyrmling Skeleton,Medium,Undead,,Lawful Evil,2,,,,,,,x,x,,,,,,x,,,,,,Tome of Beasts 2,331,,,Death Vulture,Large,Monstrosity,,Neutral Evil,4,,,,,,,,,,,x,x,x,,x,,,x,,Tome of Beasts 2,81,,,,,,,,,,,
Silver Knight,Medium,Humanoid,,Lawful Neutral,6,,,,,,,,,,,,,,,,,,ø,,Monster a Day Compendium 2.0,180,,,Death Speaker,Medium,Undead,,Lawful Evil,4,,,,,,,,x,x,x,x,x,x,x,x,x,x,x,,Tome of Beasts 2,82,,,,,,,,,,,
Silverpaw Dog,Medium,Fey,,Unaligned,1,,,,,,,,,ø,,ø,ø,ø,,,,,ø,,Monster a Day Compendium 2.0,183,,,Deathweaver,Huge,Monstrosity,,Neutral Evil,5,,x,,,,,,,,,,,,,,x,,,,Tome of Beasts 2,83,,,,,,,,,,,
Silverpaw Paladin,Small,Humanoid,Halfling,Lawful Good,4,,x,,,,,,,ø,,ø,ø,ø,,,,,ø,,Monster a Day Compendium 2.0,183,,,Degmadu,Gargantuan,Monstrosity,,Chaotic Neutral,28,,,x,,x,,,,,,,,,,,x,,,,Tome of Beasts 2,84,,,,,,,,,,,
Silverquill Apprentice,Medium,Humanoid,Sorcerer,Any,2,,x,,,,,,,,,,,,,,,,ø,,Strixhaven: A Cirriculum of Chaos,214,,,"Alsikaya, The Screeching Mother of Volcanoes",Huge,Fiend,"Demon, Demon Lord",Chaotic Evil,28,,,x,x,x,,,,,,,,,,,,,,x,Tome of Beasts 2,85,,,,,,,,,,,
Silverquill Apprentice,Small,Humanoid,Sorcerer,Any,2,,x,,,,,,,,,,,,,,,,ø,,Strixhaven: A Cirriculum of Chaos,214,,,"Bathael, the Exiled Lord",Huge,Fiend,"Demon, Demon Lord",Chaotic Evil,16,,,,,x,,,,,,,,,,,,,,x,Tome of Beasts 2,87,,,,,,,,,,,
Silverquill Pledgemage,Medium,Humanoid,Sorcerer,Any,4,,x,,,,,,,,,,,,,,,,ø,,Strixhaven: A Cirriculum of Chaos,214,,,"Hriggala, Jaws of the Unsated God",Huge,Fiend,"Demon, Demon Lord",Chaotic Evil,23,,x,,,x,,,,,,,,,,,,,,x,Tome of Beasts 2,88,,,,,,,,,,,
Silverquill Pledgemage,Small,Humanoid,Sorcerer,Any,4,,x,,,,,,,,,,,,,,,,ø,,Strixhaven: A Cirriculum of Chaos,214,,,Spawn of Hriggala,Huge,Fiend,Demon,Chaotic Evil,10,,,,,,,,,,,,,,,,x,,,x,Tome of Beasts 2,89,,,,,,,,,,,
Silverquill Prof. of Radiance,Medium,Humanoid,Sorcerer,Any,7,,x,,,,,,,,,,,,,,,,ø,,Strixhaven: A Cirriculum of Chaos,215,,,"Rhopalocerex, Demon Lord of Deception",Large,Fiend,"Demon, Demon Lord",Chaotic Evil,20,,,x,x,x,,,,,,,,,,,,,,x,Tome of Beasts 2,90,,,,,,,,,,,
Silverquill Prof. of Radiance,Small,Humanoid,Sorcerer,Any,7,,x,,,,,,,,,,,,,,,,ø,,Strixhaven: A Cirriculum of Chaos,215,,,Spawn of Rhopalocerex,Large,Fiend,Demon,Chaotic Evil,6,,,,,,,,,,,,,,,,,,,x,Tome of Beasts 2,92,,,,,,,,,,,
Silverquill Prof. of Shadow,Medium,Humanoid,Sorcerer,Any,7,,x,,,,,,,,,,,,,,,,ø,,Strixhaven: A Cirriculum of Chaos,215,,,Baliri,Medium,Fiend,Demon,Chaotic Evil,14,,,,,,,,,,,,,,,,,,,x,Tome of Beasts 2,93,,,,,,,,,,,
Silverquill Prof. of Shadow,Small,Humanoid,Sorcerer,Any,7,,x,,,,,,,,,,,,,,,,ø,,Strixhaven: A Cirriculum of Chaos,215,,,Culicoid,Large,Fiend,Demon,Chaotic Evil,12,,,,,,,,,,,,,,,x,,,,x,Tome of Beasts 2,94,,,,,,,,,,,
Simhamukha,Huge,Celestial,Dakini,Chaotic Good,8,,x,,,,,,x,x,x,x,x,x,x,x,x,x,x,x,Creature Codex,70,,,Spawn of Alquam,Large,Fiend,Demon,Chaotic Evil,6,,,,,,,,,,,,,,,,,,,x,Tome of Beasts 2,95,,,,,,,,,,,
Simurg,Gargantuan,Celestial,,Neutral Good,5,,x,,,,,,x,x,x,x,x,x,x,x,x,x,x,x,Creature Codex,339,,,Derendian Moth Abomination,Huge,Monstrosity,,Neutral Evil,12,,,x,,,,,,,,x,,,,,,,,,Tome of Beasts 2,96,,,,,,,,,,,
Sinensa,Large,Plant,Myconid,Lawful Neutral,2,,,,,x,,,,,,,,,,,,,,,Dragons of Stormwreck Isle,45,,,Derro Explorer,Small,Humanoid,Derro,Any Non-Good,2,,,,,,,,,,,,,,,,x,,,,Tome of Beasts 2,97,,,,,,,,,,,
Sion,Medium,Humanoid,"Human, Sorcerer",Neutral Evil,2,,x,,,x,,,,,,,,,,,,,,,Quests from the Infinite Staircase,216,,,Derro Guard,Small,Humanoid,Derro,Any Non-Good,1/2,,,,,,,,,,,,,,,,x,,,,Tome of Beasts 2,97,,,,,,,,,,,
Sir Breaford,Medium,Humanoid,Human,Neutral Evil,1/2,,,,,x,,,,,,,,,,,,,,,Tales from the Yawning Portal,243,,,Derro Shadowseeker,Small,Humanoid,Derro,Chaotic Evil,6,,,,,,,,,,,,,,,,x,,,,Tome of Beasts 2,98,,,,,,,,,,,
"Sir Redar, Knight of the Secret Oath",Medium,Undead,,Lawful Neutral,6,,x,,,x,,,,,,,,,,,,,ø,,Monster a Day Compendium 2.0,181,,,"Poena, Duke of Retribution",Large,Fiend,"Devil, Archdevil",Lawful Evil,19,,x,,,x,,,,,,,,,,,,,,x,Tome of Beasts 2,99,,,,,,,,,,,
Sir Ursas,Medium,Humanoid,Human,Lawful Evil,5,,,,,x,,,,,,,,,,,,,,,Infernal Machine Rebuild,56,,,"The Curator, Hell's Collector",Large,Fiend,"Devil, Archdevil",Lawful Evil,24,,x,x,x,x,,,,,,,,,,,,,,x,Tome of Beasts 2,101,,,,,,,,,,,
Sire of Insanity,Huge,Fiend,Demon,Chaotic Evil,12,,x,,,,,,,,,,,,,,ø,,ø,ø,Guildmaster's Guide to Ravnica,197,,,Arachnocrat,Medium,Fiend,Devil,Lawful Evil,5,,,,,,,,,,,,,,,,,,,x,Tome of Beasts 2,102,,,,,,,,,,,
Sire of Stagnation,Gargantuan,Aberration,Eldrazi,Chaotic Evil,17,,,,,,,,,,,,,,,,,,,ø,Monster a Day Compendium 2.0,179,,,Blood Imp,Tiny,Fiend,Devil,Lawful Evil,1/2,,,,,,v,,,,,,,,,,,,,x,Tome of Beasts 2,103,,,,,,,,,,,
Siren,Medium,Fey,,Chaotic Good,3,,x,,,,,,,,,,,,,,,,,,Tales from the Yawning Portal,243,,,Nephirron Devil,Huge,Fiend,Devil,Lawful Evil,16,,x,,,,,,,,,,,,,,,,,x,Tome of Beasts 2,104,,,,,,,,,,,
Sirene,Medium,Fey,,Chaotic Neutral,3,,x,,,,,,,ø,,,,,,,,,,,Minsc and Boo's Journal of Villainy,145,,,Scribe Devil,Medium,Fiend,Devil,Lawful Evil,5,,x,,,,,,,,,,,,,,,,,x,Tome of Beasts 2,105,,,,,,,,,,,
Sivak Draconian,Large,Monstrosity,,Lawful Evil,4,,,,,,,,,,,,,,,,,,,,Dragonlance: Shadow of the Dragon Queen,199,,,Tzepharion,Large,Fiend,Devil,Lawful Evil,8,,,,,,,,,,,,,,,,,,,x,Tome of Beasts 2,106,,,,,,,,,,,
Skabatha Nightshade,Medium,Fey,Hag,Neutral Evil,8,,x,,,x,,,,,,,,,,,,,,,The Wild Beyond The Witchlight,218,,,Dimenshional Shambler,Large,Aberration,,Neutral Evil,9,,,,,,,,,,,,,,,,,,,x,Tome of Beasts 2,107,,,,,,,,,,,
Skeemo Weirdbottle,Small,Humanoid,Gnome,Neutral Evil,6,,x,,,x,,,,,,,,,,,,,ø,,Waterdeep: Dragon Heist,200,,,Compsognathus,Tiny,Beast,Dinosaur,Unaligned,1/8,,,,,,v,,,,,x,x,,,,,,,,Tome of Beasts 2,108,,,,,,,,,,,
Skein Witch,Medium,Celestial,,Neutral,12,,,,,,,,,,,,,,,,,,,ø,Tome of Beasts,349,,,Swarm of Compsognathus,Medium,Beast,"Swarm, Dinosaur",Unaligned,1,,,,,,,,,,,x,x,,,,,,,,Tome of Beasts 2,108,,,,,,,,,,,
Skeletal Alchemist,Medium,Undead,,Lawful Evil,1/2,,,,,,,,,,,,,,,,,,,,Ghosts of Saltmarsh,253,,,Tricenatorus,Huge,Monstrosity,Dinosaur,Unaligned,13,,,,,,,,,,,x,,,,,,,,,Tome of Beasts 2,109,,,,,,,,,,,
Skeletal Giant Owl,Large,Undead,,Neutral,1/4,,,,,,,,,,,,,,,,,,,,Infernal Machine Rebuild,33,,,Ancient Boreal Dragon,Gargantuan,Dragon,,Chaotic Neutral,24,,,x,x,,,,x,,,x,,,,,,,,,Tome of Beasts 2,110,,,,,,,,,,,
Skeletal Juggernaut,Large,Undead,,Lawful Evil,5,,,,,,,,,,,,,,,,,,,,Ghosts of Saltmarsh,253,Infernal Machine Rebuild 81,,Adult Boreal Dragon,Huge,Dragon,,Chaotic Neutral,17,,,x,x,,,,x,,,x,,,,,,,,,Tome of Beasts 2,111,,,,,,,,,,,
Skeletal Knight,Medium,Undead,,Lawful Evil,7,,,,,,,,,,,,,,,,,,,,Dragonlance: Shadow of the Dragon Queen,208,,,Young Boreal Dragon,Large,Dragon,,Chaotic Neutral,8,,,,,,,,x,,,x,,,,,,,,,Tome of Beasts 2,112,,,,,,,,,,,
Skeletal Owlbear,Large,Undead,,Unaligned,3,,,,,,,,,,,,,,,,,,,,Infernal Machine Rebuild,36,,,Boreal Dragon Wyrmling,Medium,Dragon,,Chaotic Neutral,2,,,,,,,,x,,,x,,,,,,,,,Tome of Beasts 2,113,,,,,,,,,,,
Skeletal Polar Bear,Large,Undead,,Unaligned,2,,,,,,,,,,,,,,,,,,,,Infernal Machine Rebuild,34,,,Adult Imperial Dragon,Huge,Dragon,,Neutral,20,,x,x,x,,,,,x,,,,,,,,x,,,Tome of Beasts 2,115,,,,,,,,,,,
Skeletal Swarm,Large,Undead,Swarm,Lawful Evil,2,,,,,,,,,,,,,,,,,,,,Ghosts of Saltmarsh,254,Infernal Machine Rebuild 81,,Ancient Imperial Dragon,Gargantuan,Dragon,,Neutral,26,,x,x,x,,,,,x,,,,,,,,x,,,Tome of Beasts 2,115,,,,,,,,,,,
Skeletal Titan,Gargantuan,Undead,,Lawful Neutral,15,,,,,,,,,,ø,,,,,,,,,,Monster a Day Compendium 2.0,182,,,Imperial Dragon Wyrmling,Medium,Dragon,,Neutral,3,,x,,,,,,,x,,,,,,,,x,,,Tome of Beasts 2,117,,,,,,,,,,,
Skeletal Two-Headed Owlbear,Large,Undead,,Unaligned,3,,,,,,,,,,,,,,,,,,,,Infernal Machine Rebuild,36,,,Young Imperial Dragon,Large,Dragon,,Neutral,11,,x,,,,,,,x,,,,,,,,x,,,Tome of Beasts 2,117,,,,,,,,,,,
Skeleton,Medium,Undead,,Lawful Neutral,1/4,,,,,,,,,,,,,,,,,,x,,Monster Manual,272,"Infernal Machine Rebuild 82, Lost Mines of Phandelver 62, Player's Handbook 310, The Lost Dungeon of Rickedness: Big Rick Energy 42",,Keyhole Dragonite,Tiny,Dragon,,Neutral,1/2,,,,,,v,,,,,,,,,,,,x,,Tome of Beasts 2,118,,,,,,,,,,,
Skeleton Lord,Medium,Undead,,Lawful Evil,9,,,,,,,,,,,,,,,,ø,,,,Minsc and Boo's Journal of Villainy,148,,,Cave Drake,Large,Dragon,,Neutral,3,,,,,,,,,,,,,,x,,x,,,,Tome of Beasts 2,119,,,,,,,,,,,
Skeleton Warrior,Medium,Undead,,Neutral Evil,14,,,x,,,,,x,x,x,x,x,x,x,x,x,,x,,Fifth Edition Foes,210,,,Crater Drake,Small,Dragon,,Neutral Evil,11,,,,,,,,,,,,,x,x,,,,,,Tome of Beasts 2,120,,,,,,,,,,,
Skeleton Warrior,Medium,Undead,,Lawful Evil,5,,,,,,,,,,,,,,,,,,,,Minsc and Boo's Journal of Villainy,149,,,Diminution Drake,Medium,Dragon,,Neutral Evil,5,,,,,,,,,,,x,,x,,,,,,,Tome of Beasts 2,121,,,,,,,,,,,
Skelzi,Medium,Humanoid,,Chaotic Evil,1,,,,,,,,x,x,x,x,x,x,x,x,x,,x,,Fifth Edition Foes,213,,,Hoard Drake,Large,Dragon,,Neutral Evil,8,,,,,,,,,,,,,,x,,x,,,,Tome of Beasts 2,122,,,,,,,,,,,
Skin Bat,Small,Fiend,,Neutral Evil,1/2,,,,,,,,,,,,,,,,,,,ø,Tome of Beasts,87,,,Hoarfrost Drake,Medium,Dragon,,Chaotic Evil,2,,,,,,,,x,,,,,,,,,,,,Tome of Beasts 2,123,,,,,,,,,,,
Skitterhaunt,Large,Ooze,,Unaligned,4,,,,,,,,ø,,,ø,,ø,ø,ø,ø,,,,Tome of Beasts,352,,,Kelp Drake,Medium,Dragon,,Neutral Evil,3,,,,,,,,,x,,,,,,,,x,,,Tome of Beasts 2,124,,,,,,,,,,,
Skittering Horro,Huge,Aberration,,Neutral Evil,15,,,,,,,,,,,,,,,,ø,,ø,,Guildmaster's Guide to Ravnica,205,,,Light Drake,Tiny,Dragon,,Neutral Good,1/2,,x,,,,v,,,,,,,,,,x,,,,Tome of Beasts 2,125,,,,,,,,,,,
Skitterwidget,Medium,Construct,,Not Provided,5,,,,,,,,,,,,,,,,,,ø,,Candlekeep Mysteries,136,,,Liminal Drake,Large,Dragon,,Neutral Evil,14,,,,,,,,,,,,,,,,,,,x,Tome of Beasts 2,126,,,,,,,,,,,
Skulk,Medium,Humanoid,,Chaotic Neutral,1/2,,,,,,,,x,x,x,x,x,x,x,x,x,,x,,Fifth Edition Foes,214,,,Sanddrift Drake,Large,Dragon,,Neutral,6,,,,,,,,,,x,,,,,,,,,,Tome of Beasts 2,127,,,,,,,,,,,
Skulk,Medium,Monstrosity,,Chaotic Neutral,1/2,,,,,,,,,x,,x,,,,x,x,,x,,Mordenkainen Presents: Monsters of the Multiverse,219,,,Vine Drake,Medium,Dragon,,Neutral,7,,x,,,,,,,,,x,,,,x,,,,,Tome of Beasts 2,128,,,,,,,,,,,
Skulk,Medium,Humanoid,,Chaotic Neutral,1/2,,,,,,,,,x,,x,,,,x,,,,,Mordenkainen's Tome of Foes,227,,,Dread Walker Excavator,Large,Construct,,Neutral,5,,,,,,,,,,,,,x,,,x,x,,,Tome of Beasts 2,129,,,,,,,,,,,
Skull Drake,Medium,Dragon,,Neutral,3,,,,,,,,x,x,x,x,x,x,x,x,x,x,x,x,Creature Codex,132,,,Mountain Dryad,Huge,Fey,,Neutral,11,,,,,,,,,,,,,x,x,,,,,,Tome of Beasts 2,130,,,,,,,,,,,
Skull Lantern,Tiny,Undead,,Unaligned,1/4,,,,,,,,x,x,x,x,x,x,x,x,x,x,x,x,Creature Codex,343,,,Edjet Initiate,Medium,Humanoid,Dragonborn,Lawful Neutral,1/4,,,,,,,,,,,,,,,,,,x,,Tome of Beasts 2,131,,,,,,,,,,,
Skull Lasher of Myrkul,Medium,Humanoid,Human,Neutral Evil,1,,x,,,,,,,,,,,,,,,,x,ø,Baldur's Gate: Descent into Avernus,234,,,Fire-Infused Water Elemental,Huge,Elemental,,Neutral,7,,,,,,,,x,x,x,x,x,x,x,x,x,x,x,x,Tome of Beasts 2,132,,,,,,,,,,,
Skull Lord,Medium,Undead,sorcerer,Lawful Evil,15,,x,x,,,,,,,x,,,,,x,x,,,,Mordenkainen Presents: Monsters of the Multiverse,220,,,Ice Elemental,Large,Elemental,,Neutral,5,,,,,,,,x,,,,,,,,,,,x,Tome of Beasts 2,133,,,,,,,,,,,
Skull Lord,Medium,Undead,,Lawful Neutral,15,,x,x,,,,,,,x,,,,,x,x,,,,Mordenkainen's Tome of Foes,230,,,Magnetic Elemental,Large,Elemental,,Neutral,6,,,,,,,,,,,,,x,x,,,,,x,Tome of Beasts 2,133,,,,,,,,,,,
Skum,Medium,Aberration,,Lawful Evil,5,,,,,,,,,ø,,,,,,,,ø,,,Ghosts of Saltmarsh,254,,,Emperor's Hyena,Medium,Undead,,Neutral Evil,4,,,,,,,,,,,,,,,,x,,,,Tome of Beasts 2,135,,,,,,,,,,,
Sky Leviathan,Gargantuan,Beast,,Unaligned,10,,,,,,,,ø,ø,ø,ø,ø,ø,ø,ø,ø,,ø,,Planeshift: Kaladesh,28,,,Empusa,Medium,Monstrosity,Shapechanger,Chaotic Evil,5,,,,,,,,,,,,x,,,,,,x,,Tome of Beasts 2,136,,,,,,,,,,,
Skyjek Roc,Large,Monstrosity,,Unaligned,2,,,,,,,,,,,,,,,,,,ø,,Guildmaster's Guide to Ravnica,219,,,Eonic Savant,Medium,Humanoid,Human,Neutral,7,,x,,,,,,,,,,,,,,,,,x,Tome of Beasts 2,137,,,,,,,,,,,
Skylla,Medium,Humanoid,"Human, Warlock",Chaotic Evil,2,,x,,,x,,,,,,,,,,,,,,,The Wild Beyond The Witchlight,220,,,Fabricator,Large,Construct,,Neutral,10,,,,,,,,x,x,x,x,x,x,x,x,x,x,x,,Tome of Beasts 2,138,,,,,,,,,,,
Skyswimmer,Gargantuan,Monstrosity,,Unaligned,13,,,,,,,,,,,,,,,,,,ø,,Guildmaster's Guide to Ravnica,220,,,Faceless Wanderer,Medium,Aberration,,Neutral Evil,4,,,,,,,,,,,,,,,,,,,x,Tome of Beasts 2,139,,,,,,,,,,,
Skyweaver,Medium,Humanoid,Human,Chaotic Evil,3,,x,,,,,,,,,,,,,,,,,,Princes of the Apocalypse,191,,,Falsifier Fog,Huge,Undead,,Chaotic Evil,4,,,,,,,,,,,,,,,,,,x,,Tome of Beasts 2,140,,,,,,,,,,,
Slaad Tadpole,Tiny,Aberration,,Chaotic Neutral,1/8,,,,,,,,,,,,,,,,,,,ø,Monster Manual,276,,,Fane Spirit,Medium,Undead,,Any Lawful,3,,x,,,,,,x,x,x,x,x,x,x,x,x,x,x,,Tome of Beasts 2,141,,,,,,,,,,,
Sleipnir,Large,Monstrosity,,Neutral Good,5,,,,,,,,x,,,,x,x,,,,,,,Creature Codex,344,,,Far Dorocha,Medium,Fey,,Lawful Evil,5,,x,,,,,,,,,,,,,,,,,x,Tome of Beasts 2,142,,,,,,,,,,,
Slime Mold,Large,Ooze,,Unaligned,8,,,,,,,,,,,,,,,,,,,x,Sandy Petersen's Cthulhu Mythos,378,,,Felid Dragon,Huge,Dragon,,Neutral,19,,,,,,,,,,,,,,,,,,,,Tome of Beasts 2,143,,,,,,,,,,,
Slithering Bloodfin,Large,Aberration,,Unaligned,9,,,,,,,,,,,,,,,,,,,,Critical Role: Call of the Netherdeep,209,,,Commander of Horn and Gold,Medium,Fey,,Lawful Neutral,15,,,x,x,x,,,,,,,,,x,,,,,x,Tome of Beasts 2,145,,,,,,,,,,,
Slithering Tracker,Small,Ooze,,Unaligned,1,,,,,,,,x,x,x,x,x,x,x,x,x,,x,,Fifth Edition Foes,215,,,Mistress of Midnight Teeth,Small,Fey,,Neutral Evil,15,,,x,x,x,,,,,,x,,,,,,,x,x,Tome of Beasts 2,147,,,,,,,,,,,
Slithering Tracker,Medium,Ooze,,Chaotic Evil,3,,,,,,,,,,,,,,,,x,,x,,Mordenkainen Presents: Monsters of the Multiverse,221,,,Tarkun the Dessicated,Medium,Fey,,Chaotic Neutral,8,,,x,,x,,,,,x,,,,,,,,,,Tome of Beasts 2,148,,,,,,,,,,,
Slithering Tracker,Medium,Ooze,,Chaotic Evil,3,,,,,,,,,,,,,,,,x,,x,,Volo's Guide to Monsters,191,Infernal Machine Rebuild 82,,Fey Revenant,Large,Fey,,Lawful Evil,7,,,,,,,,,,,,,,,,x,,,,Tome of Beasts 2,150,,,,,,,,,,,
Sliver,Medium,Monstrosity,Sliver,Neutral Evil,1/2,,,,,,,,,ø,,ø,ø,ø,ø,ø,ø,,,,Monster a Day Compendium 2.0,182,,,Flayed Wraith,Medium,Undead,,Neutral Evil,5,,,,,,,,x,x,x,x,x,x,x,x,x,x,x,,Tome of Beasts 2,151,,,,,,,,,,,
Sliver Queen,Huge,Monstrosity,Sliver,Neutral Evil,13,,,x,,,,,,ø,,ø,ø,ø,ø,ø,ø,,,,Monster a Day Compendium 2.0,188,,,Fleshdreg,Huge,Plant,,Neutral Good,5,,,,,,,,,,,,,,,x,,,,,Tome of Beasts 2,152,,,,,,,,,,,
Slow Storm,Huge,Elemental,,Chaotic Neutral,15,,x,,,,,,,ø,ø,,ø,,,,,,,ø,Tome of Beasts,353,,,Fleshspurned,Medium,Undead,,Chaotic Evil,4,,,,,,,,x,x,x,x,x,x,x,x,x,x,x,,Tome of Beasts 2,153,,,,,,,,,,,
Sluagh Swarm,Medium,Fey,Swarm,Chaotic Evil,3,,,,,,,,ø,,,,,,,,ø,,,,Tome of Beasts,376,,,Flithidir,Small,Fey,Shapechanger,Chaotic Neutral,1,,x,,,,,,,,,x,,,,,,,x,,Tome of Beasts 2,154,,,,,,,,,,,
Smaragdine Golem,Large,Construct,,Unaligned,14,,,,,,,,,,,,,,,,ø,,,,Tome of Beasts,236,,,Forest Emperor,Huge,Aberration,,Neutral Evil,15,,,,,,,,,,,x,,,x,,,,,,Tome of Beasts 2,155,,,,,,,,,,,
Smoke Mephit,Small,Elemental,,Neutral Evil,1/4,,x,,,,,,,,,,,,,,,,x,,Monster Manual,217,,,Fragrant one,Small,Fey,,Chaotic Neutral,3,,,,,,,,,,,x,x,,,,,,,,Tome of Beasts 2,156,,,,,,,,,,,
Smolder Souleater,Medium,Fiend,Demon,Chaotic Evil,8,,,,,,,,,,,,,,,,,,,ø,Monster a Day Compendium 2.0,190,,,Boomer,Medium,Plant,,Unaligned,1/2,,,,,,,,,,,,,,,,x,,,,Tome of Beasts 2,157,,,,,,,,,,,
Snake with a Hundred Mage Hands,Small,Monstrosity,,Neutral,3,,,,,,,,,,,,,,,,,,x,,Tome of Beasts 2,333,,,Ophio Fungus,Huge,Plant,,Unaligned,7,,,,,,,,,,,,,,,,x,,,x,Tome of Beasts 2,157,,,,,,,,,,,
Sniffer Beetle,Small,Beast,,Unaligned,1/8,,,,,,v,,,,,,,,,,x,,,,Tome of Beasts 2,40,,,Pixie's Umbrella,Small,Plant,,Unaligned,1/8,,,,,,,,,,,,,,,,x,,,,Tome of Beasts 2,158,,,,,,,,,,,
Snow Cat,Medium,Beast,,Unaligned,1/4,,,,,,,,x,,,x,,,,,,,,,Creature Codex,346,,,Shiftshroom,Medium,Plant,Shapechanger,Unaligned,1/4,,,,,,,,,,,,,,,,x,,,,Tome of Beasts 2,159,,,,,,,,,,,
Snow Giant,Huge,Giant,,Neutral,5,,,,,,,,x,,,,,,,,,,,,Tome of Beasts 2,174,,,Strobing Fungus,Medium,Plant,,Unaligned,4,,,,,,,,,,,,,,,,x,,,,Tome of Beasts 2,160,,,,,,,,,,,
Snow Golem,Medium,Construct,,Unaligned,4,,,,,,,,x,,,,,,,,,,,,Icewind Dale: Rime of the Frostmaiden,308,,,Galidroo,Huge,Monstrosity,,Neutral Evil,12,,,,,,,,,,,,x,x,,,x,,,,Tome of Beasts 2,161,,,,,,,,,,,
Snow Hag,Medium,Fey,,Neutral Evil,3,,x,,,,,,x,,,,,,,,,,,,Creature Codex,214,,,Garlicle,Small,Plant,,Chaotic Neutral,1,,x,,,,,,,,,x,x,,,,,,,,Tome of Beasts 2,162,,,,,,,,,,,
Snow Leopard,Medium,Beast,,Unaligned,1/4,,,,,,,,x,,,x,x,,x,,,,,,Fifth Edition Foes,163,,,Gaunt One,Medium,Aberration,,Neutral Evil,3,,,,,,,,,,,,,,,,x,,x,,Tome of Beasts 2,163,,,,,,,,,,,
Snow Spider,Large,Beast,Spider,Unaligned,3,,,,,,,,ø,,,,,,,,,,,,Monster a Day Compendium 2.0,191,,,Greater Ghast of Leng,Large,Aberration,,Chaotic Evil,8,,,,,,,,,,,,,,,,,,,x,Tome of Beasts 2,164,,,,,,,,,,,
Snow Terror,Large,Fiend,Shapechanger,Chaotic Evil,8,,,,,,,,x,,,,,,,,,,,x,Tome of Beasts 2,334,,,Ghillie Dubh,Medium,Celestial,,Lawful Good,1,,,,,,,,x,,,x,,,,,,,,x,Tome of Beasts 2,165,,,,,,,,,,,
Society of Sensation Muse,Small or Medium,Humanoid,,Any,3,,x,,,,,,,,,,,,,,,,,x,Morte's Planar Parade,61,,,Bloated Ghoul,Medium,Undead,,Neutral Evil,6,,,,,,,,,,,,,,,,x,,,,Tome of Beasts 2,166,,,,,,,,,,,
Solar,Large,Celestial,,Lawful Good,21,,x,x,,,,,,,,,,,,,,,,ø,Monster Manual,18,,,Darakhul Captain,Medium,Undead,,Lawful Evil,9,,,,,,,,,,,,,,,,x,,x,,Tome of Beasts 2,166,,,,,,,,,,,
Solar Dragon Wyrmling,Medium,Dragon,,Neutral,3,,,,,,,,,,,,,,,,,,,,Boo's Astral Menagerie,53,,,Darakhul Spy,Medium,Undead,,Neutral Evil,5,,,,,,,,,,,,,,,,x,,x,,Tome of Beasts 2,168,,,,,,,,,,,
Soldier,Medium,Humanoid,Any Race,Any,1/2,,,,,,,,,,,,,,,,,,ø,,Guildmaster's Guide to Ravnica,226,,,Ghul,Medium,Undead,,Any Evil,5,,x,,,,,,,,x,,,,,,,,,,Tome of Beasts 2,169,,,,,,,,,,,
Somberweave,Medium,Fey,,Neutral Evil,5,,,,,,,,x,x,x,x,x,x,x,x,x,x,x,,Tome of Beasts 2,335,,,Abbanith Giant,Large,Giant,,Neutral,3,,,,,,,,,,,,,,x,,x,,,,Tome of Beasts 2,170,,,,,,,,,,,
Son of Fenris,Huge,Monstrosity,,Chaotic Evil,12,,x,,,,,,ø,,,,,,,,,,,,Tome of Beasts,355,,,Cave Giant Shaman,Huge,Giant,,Chaotic Evil,14,,x,,,,,,,,,,,,,,x,,,,Tome of Beasts 2,171,,,,,,,,,,,
Song Angel,Large,Celestial,Angel,Lawful Good,6,,x,,,,,,,,,,,,,,,,,x,Creature Codex,20,,,Phase Giant,Huge,Giant,,Neutral,5,,,,,,,,,,,,,,,,x,,,,Tome of Beasts 2,172,,,,,,,,,,,
Sooze,Medium,Aberration,Shoth,Lawful Neutral,1/2,,,,,,,,,,,,,,,,,,x,,Creature Codex,334,,,Shadow Giant,Huge,Giant,,Chaotic Evil,15,,,,,,,,,,,,,,,,,,,x,Tome of Beasts 2,173,,,,,,,,,,,
Sorcerer Brain Cylinder,Tiny,Construct,human,Any,1,,x,,,,,,,,,,,,,,,,,x,Sandy Petersen's Cthulhu Mythos,284,,,Snow Giant,Huge,Giant,,Neutral,5,,,,,,,,x,,,,,,,,,,,,Tome of Beasts 2,174,,,,,,,,,,,
Soul Eater,Medium,Fiend,,Neutral Evil,7,,,,,,,,,,,,,,,,,,,ø,Tome of Beasts,356,,,Thin Giant,Huge,Giant,,Chaotic Evil,9,,,,,,,,,,,,,,,,x,,x,,Tome of Beasts 2,175,,,,,,,,,,,
Soul Monger,Medium,Humanoid,"Elf, Shadar-Kai",Neutral,11,,,,,,,,,,,,,,,,x,,x,,Mordenkainen's Tome of Foes,226,,,Glacial Corruptor,Medium,Undead,,Lawful Evil,1,,,,,,,,x,,,,,,x,,,,,,Tome of Beasts 2,176,,,,,,,,,,,
Soul Reaper,Large,Undead,,Neutral Evil,16,,x,,,,,,x,x,x,x,x,x,x,x,x,,x,,Fifth Edition Foes,216,,,Glacier Behemoth,Huge,Beast,,Unaligned,12,,,,,,,,x,,,,,,,,,,,,Tome of Beasts 2,177,,,,,,,,,,,
Soul Shaker,Large,Undead,,Chaotic Evil,4,,,,,,,,,,,,,,,,,,,,Journeys Through the Radiant Citadel,47,,,Bearing Golem,Medium,Construct,,Unaligned,6,,,,,,,,x,x,x,x,x,x,x,x,x,x,x,,Tome of Beasts 2,178,,,,,,,,,,,
Space Clown,Medium,Fiend,,Chaotic Evil,2,,x,,,,,,,,,,,,,,,,,,Boo's Astral Menagerie,54,,,Death Shroud Golem,Large,Construct,,Unaligned,5,,,,,,,,x,x,x,x,x,x,x,x,x,x,x,,Tome of Beasts 2,179,,,,,,,,,,,
Space Eel,Small,Beast,,Unaligned,1/2,,,,,,,,,,,,,,,,,,,,Boo's Astral Menagerie,55,,,Dragonflesh Golem,Large,Construct,,Unaligned,10,,,,,,,,x,x,x,x,x,x,x,x,x,x,x,,Tome of Beasts 2,180,,,,,,,,,,,
Space Guppy,Small,Beast,,Unaligned,0,,,,,,,,,,,,,,,,,,,,Boo's Astral Menagerie,55,,,Vine Golem,Medium,Construct,,Neutral,3,,,,,,,,,,,x,,,,,,,,,Tome of Beasts 2,181,,,,,,,,,,,
Space Hamster,Tiny,Monstrosity,,Neutral Good,1/4,,,,,,,,,,,,,,,,,,,,Boo's Astral Menagerie,56,,,Graknork,Gargantuan,Monstrosity,,Unaligned,14,,,,,,,,x,,,,,,,,,,,,Tome of Beasts 2,182,,,,,,,,,,,
Space Mollymawk,Small,Beast,,Unaligned,0,,,,,,,,,,,,,,,,,,,,Boo's Astral Menagerie,57,,,Graveyard Dragon,Large,Undead,,Neutral Evil,7,,,,,,,,x,x,x,x,x,x,x,x,x,x,x,,Tome of Beasts 2,183,,,,,,,,,,,
Space Swine,Medium,Beast,,Unaligned,1/4,,,,,,,,,,,,,,,,,,,,Boo's Astral Menagerie,57,,,Greed Swarm,Medium,Construct,Swarm,Unaligned,1/2,,,,,,,,,,,,,,,,,,x,,Tome of Beasts 2,184,,,,,,,,,,,
Spark,Tiny,Elemental,,Chaotic Neutral,7,,x,,,,,,,,,,,,,,,,,ø,Tome of Beasts,357,,,Rum Lord,Small,Fey,,Chaotic Evil,4,,x,,,,,,,,,,,,,,,,x,,Tome of Beasts 2,185,,,,,,,,,,,
Spawn of Akyishigal,Medium,Fiend,,Chaotic Evil,5,,,,,,,,,,,,,,,,,,,ø,Tome of Beasts,83,,,Grimmlet,Tiny,Monstrosity,,Unaligned,1,,x,,,,,,,,,,,x,,,,,,,Tome of Beasts 2,186,,,,,,,,,,,
Spawn of Alquam,Large,Fiend,Demon,Chaotic Evil,6,,,,,,,,,,,,,,,,,,,x,Tome of Beasts 2,95,,,Grimmlet Swarm,Large,Monstrosity,Swarm,Unaligned,14,,x,,,,,,,,,,,x,,,,,,,Tome of Beasts 2,187,,,,,,,,,,,
Spawn of Arbeyach,Medium,Fiend,,Lawful Neutral,5,,x,,,,,,,ø,ø,,,,,,,,,,Tome of Beasts,97,,,Guiguai,Medium,Undead,,Any,4,,,,,,,,x,x,x,x,x,x,x,x,x,x,x,,Tome of Beasts 2,188,,,,,,,,,,,
Spawn of Chernobog,Large,Fiend,,Chaotic Evil,4,,,,,,,,x,,,,,,,,x,,,,Creature Codex,347,,,Gulper Behemoth,Gargantuan,Monstrosity,,Unaligned,9,,,,x,,,,,,,,,,,,,x,,,Tome of Beasts 2,190,,,,,,,,,,,
Spawn of Hriggala,Huge,Fiend,Demon,Chaotic Evil,10,,,,,,,,,,,,,,,,x,,,x,Tome of Beasts 2,89,,,Haleshi,Large,Fey,,Lawful Neutral,7,,x,,,,,,,x,,,,,,,,x,,,Tome of Beasts 2,191,,,,,,,,,,,
Spawn of Kyuss,Medium,Undead,,Chaotic Evil,5,,,,,,,,,,x,,,,,,x,,,,Mordenkainen Presents: Monsters of the Multiverse,225,Volo's Guide to Monsters 192,,Hantu Penanggal,Medium,Fiend,,Any Evil,8,,x,,,,,,,,,,,,,,,,,x,Tome of Beasts 2,192,,,,,,,,,,,
Spawn of Parzelon,Medium,Fiend,Devil,Lawful Evil,5,,x,,,,,,,,,,,,,,,,,x,Creature Codex,102,,,Harbinger of Wrath,Gargantuan,Construct,,Chaotic Evil,20,,,,,,,,,,,,,,,,,,,x,Tome of Beasts 2,193,,,,,,,,,,,
Spawn of Rhopalocerex,Large,Fiend,Demon,Chaotic Evil,6,,,,,,,,,,,,,,,,,,,x,Tome of Beasts 2,92,,,Harefolk,Small,Humanoid,Harefolk,Chaotic Good,1/4,,,,,,,,x,,,,x,,,,,,,,Tome of Beasts 2,194,,,,,,,,,,,
Speaker to the Darkness,Small,Humanoid,Derro,Chaotic Evil,5,,,,,,,,,,,,,,,,x,,,,Creature Codex,96,,,Egret Harpy,Medium,Monstrosity,,Neutral,2,,x,,,,,,,,,,,,,x,,,,,Tome of Beasts 2,195,,,,,,,,,,,
Spectator,Medium,Aberration,Beholder,Lawful Neutral,3,,,,,,,,,,,,,,,,ø,,ø,,Monster Manual,30,"Lost Mines of Phandelver 62, The Lost Dungeon of Rickedness: Big Rick Energy 42",,Heggarna,Tiny,Aberration,,Neutral Evil,1,,,,,,,,,,,,x,,,,,,x,,Tome of Beasts 2,196,,,,,,,,,,,
Specter,Medium,Undead,,Chaotic Evil,1,,,,,,,,,,,,,,,,x,,x,,Monster Manual,279,Rise of Tiamat Online Supplement 22,,Helashruu,Huge,Aberration,,Chaotic Evil,13,,x,,,,,,x,x,x,x,x,x,x,x,x,x,x,x,Tome of Beasts 2,197,,,,,,,,,,,
Specter (poltergeist),Medium,Undead,,Chaotic Evil,2,,,,,,,,,,,,,,,,x,,x,,Monster Manual,279,,,Herald of Slaughter,Large,Fiend,,Chaotic Evil,11,,x,,,,,,,,,,,,,,,,x,,Tome of Beasts 2,198,,,,,,,,,,,
Spectral Cloud,Huge,Undead,,Neutral,13,,,,,,,,,,,,,,,,,,,,Bigby Presents: Glory of the Giants,176,,,Herald of the Void,Large,Fiend,,Chaotic Evil,11,,,x,,,,,,,,,,,,,,,,x,Tome of Beasts 2,199,,,,,,,,,,,
Spectral Guardian,Medium,Undead,,Neutral Evil,6,,,,,,,,,,,,,,,,,,ø,,Tome of Beasts,358,,,Hodag,Large,Beast,,Unaligned,3,,,,,,,,,,,x,x,x,,,,,,,Tome of Beasts 2,200,,,,,,,,,,,
Spectral Troll,Large,Undead,,Chaotic Evil,4,,,,,,,,x,x,x,x,x,x,x,x,x,,x,,Fifth Edition Foes,234,,,Hongaek,Large,Elemental,,Neutral Evil,8,,x,,,,,,,,,,,,,,,,,x,Tome of Beasts 2,201,,,,,,,,,,,
Spellhound,Large,Monstrosity,,Lawful Neutral,4,,,,,,,,,,,x,x,x,,,,,,x,Tome of Beasts 2,336,,,Hooden Horse,Medium,Undead,,Lawful Evil,6,,,,,,,,,,,,,,,,,,x,,Tome of Beasts 2,202,,,,,,,,,,,
Spellskite,Large,Construct,,Unaligned,5,,,,,,,,,,,,,,,,,,ø,,Monster a Day Compendium 2.0,192,,,Huecambra,Large,Monstrosity,,Unaligned,8,,,,,,,,,,,x,,,,x,,,,,Tome of Beasts 2,203,,,,,,,,,,,
Sperm Whale,Gargantuan,Beast,,Unaligned,8,,,,,,,,ø,,,,,,,,,ø,,,Icewind Dale: Rime of the Frostmaiden,309,,,Huli Jing,Medium,Fey,Shapechanger,Neutral,9,,x,,,,,,,,,,x,,,,,,x,,Tome of Beasts 2,204,,,,,,,,,,,
Sperman,Medium,Humanoid,Human,Unaligned,1/4,,,,,,,,,,,,,,,,,,ø,,Monster a Day Compendium 2.0,89,,,Giant Husk,Huge,Undead,,Chaotic Evil,7,,,,,,,,x,x,x,x,x,x,x,x,x,x,x,,Tome of Beasts 2,205,,,,,,,,,,,
Spider,Tiny,Beast,,Unaligned,0,,,,,,x,,,,ø,ø,ø,ø,ø,ø,ø,,ø,,Monster Manual,337,,,Husk,Medium,Undead,,Chaotic Evil,1/2,,,,,,,,x,x,x,x,x,x,x,x,x,x,x,,Tome of Beasts 2,205,,,,,,,,,,,
Spider Drake,Large,Dragon,,Lawful Evil,9,,,,,,,,,,,,,,,,x,,,,Creature Codex,133,,,Hverhuldra,Small,Fey,,Neutral Good,6,,x,,,,,,x,,,,,,,,,,,,Tome of Beasts 2,206,,,,,,,,,,,
Spider of Leng,Large,Aberration,,Chaotic Evil,7,,x,,,,,,,,,,,,,,,,,ø,Tome of Beasts,365,,,Bloom Hydra,Medium,Plant,,Unaligned,6,,,,,,,,,,,x,,,,,,,,,Tome of Beasts 2,207,,,,,,,,,,,
Spider Skull,Tiny,Undead,,Neutral Evil,1/2,,,,,,,,,,,,,,,,ø,,,,Monster a Day Compendium 2.0,193,,,Chameleon Hydra,Huge,Monstrosity,,Unaligned,10,,,,,,,,,,,x,,,,,,,,,Tome of Beasts 2,208,,,,,,,,,,,
Spider Thief,Small,Construct,,Unaligned,2,,,,,,,,,,,,,,,,,,ø,,Tome of Beasts,366,,,Ice Bogie,Small,Fey,,Chaotic Neutral,1/8,,,,,,,,x,,,,,,,,,,x,,Tome of Beasts 2,209,,,,,,,,,,,
Spiderdragon,Huge,Monstrosity,,Chaotic Evil,11,,,,,,,,,,,,,,,,,,,,Vecna: Eve of Ruin,233,,,Ikuchi,Gargantuan,Elemental,,Chaotic Neutral,8,,,,,,,,,x,,,,,,,,x,,x,Tome of Beasts 2,210,,,,,,,,,,,
Spined Devil,Small,Fiend,Devil,Lawful Neutral,2,,,,,,,,,,,,,,,,,,,ø,Monster Manual,78,,,"Illhveli, Kembingur",Gargantuan,Monstrosity,,Chaotic Evil,12,,,,,,,,,,,,,,,,,x,,,Tome of Beasts 2,211,,,,,,,,,,,
Spinosaurus,Gargantuan,Beast,Dinosaur,Unaligned,13,,,x,,,,,,ø,,ø,,,,ø,,,,,Tome of Beasts,116,,,"Illhveli, Nauthveli",Gargantuan,Monstrosity,,Chaotic Evil,16,,,,,,,,,,,,,,,,,x,,,Tome of Beasts 2,212,,,,,,,,,,,
Spire Walker,Tiny,Fey,,Chaotic Neutral,3,,,,,,,,,,,,,,,,,,ø,,Tome of Beasts,367,,,Incarnate Gloom,Gargantuan,Undead,,Neutral Evil,13,,,,,,,,x,x,x,x,x,x,x,x,x,x,x,,Tome of Beasts 2,213,,,,,,,,,,,
Spirit,Medium,Undead,,Any,1/2,,,,,,,,,,,,,,,,ø,,ø,,Monster a Day Compendium 2.0,194,,,Infernal Centaur,Medium,Fiend,,Lawful Evil,4,,,,,,,,,,,x,x,,,,,,,,Tome of Beasts 2,214,,,,,,,,,,,
Spirit Lamp,Medium,Undead,,Chaotic Evil,7,,,,,,,,x,x,x,x,x,x,x,x,x,x,x,x,Creature Codex,349,,,Infernal Swarm,Huge,Fiend,"Swarm, Devil",Lawful Evil,12,,,,,,,,,,,,,,,,,,,x,Tome of Beasts 2,215,,,,,,,,,,,
Spirit Naga,Large,Monstrosity,,Chaotic Evil,8,,x,,,,,,,,,,,,,,x,,,,Monster Manual,234,,,Initiate of the Elder Elementals,Small,Humanoid,Kobold,Any Evil,2,,x,,,,,,x,x,x,x,x,x,x,x,x,x,x,,Tome of Beasts 2,216,,,,,,,,,,,
Spirit Statue Mascot,Medium,Construct,,Any,1/4,,,,,,,,,,,,,,,,,,ø,,Strixhaven: A Cirriculum of Chaos,216,,,Irid,Small,Humanoid,Kobold,Any Evil,2,,x,,,,,,x,x,x,x,x,x,x,x,x,x,x,x,Tome of Beasts 2,216,,,,,,,,,,,
Spirit Troll,Large,Giant,,Chaotic Evil,11,,,,,,,,,x,,x,,,,x,x,,,,Mordenkainen Presents: Monsters of the Multiverse,247,Mordenkainen's Tome of Foes 244,,Jack of Strings,Medium,Fey,,Chaotic Neutral,5,,,,,,,,,,,x,x,,,,,,x,x,Tome of Beasts 2,218,,,,,,,,,,,
Spitting Mimic,Large,Monstrosity,Shapechanger,Neutral,5,,,,,,,,ø,,,,,,,,ø,,,,Icewind Dale: Rime of the Frostmaiden,302,,,Kachlian,Huge,Aberration,,Neutral Evil,8,,x,,,,,,,,,,,,,,,,,x,Tome of Beasts 2,219,,,,,,,,,,,
Spitting Sea Serpent,Large,Dragon,Aquatic,Chaotic Evil,5,,,,,,,,,,,,,,,,,x,,,Fifth Edition Foes,204,,,Kamaitachi,Small,Monstrosity,Shapechanger,Chaotic Neutral,5,,,,,,,,x,,,x,,,,,,,,,Tome of Beasts 2,220,,,,,,,,,,,
Spitting Sliver,Large,Monstrosity,Sliver,Neutral Evil,2,,,,,,,,,ø,,ø,ø,ø,ø,ø,ø,,,,Monster a Day Compendium 2.0,187,,,Gorao-Ka,Tiny,Fey,Kami,Neutral Good,1/8,,,,,,,,,,,,x,,,,,,x,,Tome of Beasts 2,221,,,,,,,,,,,
Splugoth the Returned,Small,Humanoid,Goblinoid,Neutral Evil,2,,,,,x,,,,,,,,,,,,,ø,,Acquisitions Incorporated,213,,,Hebi-Doku,Medium,Fey,Kami,Chaotic Evil,8,,,,,,,,,,x,x,x,,,x,x,,x,,Tome of Beasts 2,222,,,,,,,,,,,
Spore Servant Octopus,Large,Plant,,Unaligned,1,,,,,,,,,,,,,,,,,,,,Dragons of Stormwreck Isle,46,,,Naizu-Ha,Small,Fey,Kami,Neutral Evil,6,,,,,,,,,,,,,,,,,,x,,Tome of Beasts 2,223,,,,,,,,,,,
Sporous Crab,Small,Beast,,Unaligned,1,,,,,,,,,,,,,,,x,,,x,,Tome of Beasts 2,398,,,Sasori Fukurowashi,Medium,Fey,Kami,Neutral Good,9,,,,,,,,x,x,x,x,x,x,x,x,x,x,x,x,Tome of Beasts 2,224,,,,,,,,,,,
Spotted Lion,Huge,Beast,,Unaligned,3,,,,,,,,,,,,,,,,,,,,Bigby Presents: Glory of the Giants,177,,,Kaveph,Huge,Aberration,,Neutral Evil,6,,,,,,,,,,,,,,,,x,,,x,Tome of Beasts 2,225,,,,,,,,,,,
Spree,Small,Fiend,Demon,Chaotic Evil,5,,,,,,,,,,,,,,,,,,x,,Creature Codex,91,,,Keelbreaker Crab,Huge,Monstrosity,,Unaligned,9,,,,,,,,,x,,,,,,,,x,,,Tome of Beasts 2,226,,,,,,,,,,,
Spring Eladrin,Medium,Fey,elf,Chaotic Neutral,10,,x,,,,,,,,,x,x,,,,,,,,Mordenkainen Presents: Monsters of the Multiverse,116,,,Kelp Eel,Huge,Plant,,Unaligned,10,,,,,,,,,,,,,,,,,x,,,Tome of Beasts 2,227,,,,,,,,,,,
Spring Eladrin,Medium,Fey,Elf,Chaotic Neutral,10,,x,,,,,,,,,x,x,,,,,,,,Mordenkainen's Tome of Foes,196,,,Kezai,Medium,Monstrosity,,Unaligned,4,,,,,,,,,,x,,,x,,,,,,,Tome of Beasts 2,228,,,,,,,,,,,
Sprite,Tiny,Fey,,Neutral Good,1/4,,,,,,,,,,,x,,,,,,,,,Monster Manual,283,"Infernal Machine Rebuild 83, Player's Handbook 310",,Khodumodumo,Gargantuan,Monstrosity,,Unaligned,14,,,,,,,,,,,,x,x,,,,,,,Tome of Beasts 2,229,,,,,,,,,,,
Spurred Water Skate,Large,Beast,,Unaligned,1,,,,,,,,,,,,,,,x,,,,,Tome of Beasts 2,399,,,Kirikari,Huge,Monstrosity,,Unaligned,9,,,,,,,,,,,,,,,x,,,,,Tome of Beasts 2,230,,,,,,,,,,,
Spy,Medium,Humanoid,Any Race,Any,1,,,,,,,,,,,,,,,,,,x,,Monster Manual,349,Infernal Machine Rebuild 56,,Knight Ab-errant,Large,Humanoid,,Any,5,,,,,,,,,,,,,x,,,,,x,,Tome of Beasts 2,231,,,,,,,,,,,
Squirt the Oilcan,Tiny,Construct,,Chaotic Neutral,1/4,,,,,x,,,,,,,,,,,,,,,The Wild Beyond The Witchlight,111,,,Kobold Spellclerk,Small,Humanoid,Kobold,Lawful Neutral,1/2,,x,,,,,,,,,,,,,,,,x,,Tome of Beasts 2,232,,,,,,,,,,,
Ssadar,Medium,Humanoid,,Chaotic Evil,3,,,,,,,,,,x,x,,,,,,,,,Tome of Beasts 2,337,,,Kobold War Machine,Large,Construct,,Unaligned,9,,,,,,,,x,x,x,x,x,x,x,x,x,x,x,,Tome of Beasts 2,233,,,,,,,,,,,
"Ssendam, Lord of Madness",Large,Aberration,Shapechanger,Chaotic Evil,23,,x,x,x,x,,,,,,,,,,,,ø,ø,,Minsc and Boo's Journal of Villainy,107,,,Lambent Witchfyre,Large,Aberration,,Unaligned,7,,,,,,,,x,x,x,x,x,x,x,x,x,x,x,,Tome of Beasts 2,234,,,,,,,,,,,
Ssurran Defiler,Medium,Monstrosity,Lizardfolk,Any,3,,x,,,,,,,,,,,,,,,,,,Boo's Astral Menagerie,58,,,Lava Keeper,Huge,Elemental,,Lawful Neutral,18,,x,,,,,,,,,,,x,x,,,,,x,Tome of Beasts 2,235,,,,,,,,,,,
Ssurran Poisoner,Medium,Monstrosity,Lizardfolk,Any,1/2,,,,,,,,,,,,,,,,,,,,Boo's Astral Menagerie,58,,,Lazivik,Tiny,Fey,,Neutral Good,3,,,,,,,,,,,,,,,x,,,,,Tome of Beasts 2,236,,,,,,,,,,,
Stahnk (Undead Beast),Huge,Undead,,Neutral Evil,7,,,,,,,,ø,ø,ø,ø,ø,ø,ø,ø,,,,,Monster a Day Compendium 2.0,195,,,Virtuoso Lich,Medium,Undead,,Any Evil,12,,x,x,x,,,,,,,,,,,,,,x,,Tome of Beasts 2,238,,,,,,,,,,,
Stalker of Baphomet,Huge,Fiend,Demon,Chaotic Evil,12,,x,,,,,,,,,,,,,,,,,,Bigby Presents: Glory of the Giants,178,,,Vent Linnorm,Gargantuan,Dragon,,Neutral Evil,16,,,,,,,,,,,,,,,,,x,,,Tome of Beasts 2,239,,,,,,,,,,,
Star Angler,Large,Monstrosity,,Unaligned,8,,,,,,,,,,,,,,,,,,,,Vecna: Eve of Ruin,237,,,Locksmith,Medium,Construct,,Unaligned,8,,x,,,,,,,,,,,,,,,,x,,Tome of Beasts 2,240,,,,,,,,,,,
Star Drake,Large,Dragon,,Neutral,15,,x,x,,,,,,,,,,,,,,,,ø,Tome of Beasts,156,,,Luck Leech,Medium,Fey,,Neutral Evil,10,,,,,,,,,,,,,,,,,,x,,Tome of Beasts 2,241,,,,,,,,,,,
Star Spawn Grue,Small,Aberration,,Neutral Evil,1/4,,,,,,,,,,,,,,x,x,,,,,Mordenkainen Presents: Monsters of the Multiverse,227,Mordenkainen's Tome of Foes 234,,Greater Lunarchidna,Medium,Aberration,,Neutral Evil,4,,x,,,,,,,,,x,,,,,,,,,Tome of Beasts 2,242,,,,,,,,,,,
Star Spawn Hulk,Large,Aberration,,Chaotic Evil,10,,,,,,,,,,,,,,,,,,,,Mordenkainen Presents: Monsters of the Multiverse,227,Mordenkainen's Tome of Foes 234,,Lesser Lunarchidna,Medium,Aberration,,Neutral Evil,2,,,,,,,,,,,x,,,,,,,,,Tome of Beasts 2,242,,,,,,,,,,,
Star Spawn Larva Mage,Medium,Aberration,,Neutral Evil,16,,x,x,,,,,,,,,,,x,,x,,,,Mordenkainen's Tome of Foes,235,,,Transcendent Lunarchidna,Medium,Aberration,,Neutral Evil,6,,x,,,,,,,,,x,,,,,,,,,Tome of Beasts 2,244,,,,,,,,,,,
Star Spawn Larve Mage,Medium,Aberration,,Chaotic Evil,16,,x,x,,,,,,,,,,,x,,,,,,Mordenkainen Presents: Monsters of the Multiverse,228,,,Lunarian,Medium,Fey,,Neutral,5,,,,,,,,,,,,,,,,x,,,,Tome of Beasts 2,245,,,,,,,,,,,
Star Spawn Mangler,Medium,Aberration,,Chaotic Evil,5,,,,,,,,,,,,,,,,,,,,Mordenkainen Presents: Monsters of the Multiverse,229,Mordenkainen's Tome of Foes 236,,Werewowl,Medium,Humanoid,"Elf, Shapechanger",Lawful Evil,5,,,,,,,,,,,x,,,x,,,,x,,Tome of Beasts 2,246,,,,,,,,,,,
Star Spawn Seer,Medium,Aberration,,Neutral Evil,13,,,,,,,,,,,,,,x,x,,,x,,Mordenkainen Presents: Monsters of the Multiverse,230,,,Wereshark,Large,Humanoid,"Human, Shapechanger",Chaotic Evil,5,,,,,,,,,x,,,,,,,,x,x,,Tome of Beasts 2,247,,,,,,,,,,,
Star Spawn Seer,Medium,Aberration,,Neutral Evil,13,,,,,,,,,,,,,,x,,x,,,,Mordenkainen's Tome of Foes,236,,,Lymarien,Tiny,Fey,,Neutral Good,1/8,,,,,,v,,,,,x,x,,,,,,,,Tome of Beasts 2,248,,,,,,,,,,,
Star Vampire,Large,Aberration,,Chaotic Evil,4,,,,,,,,,,,,,,,,,,,ø,Monster a Day Compendium 2.0,196,,,Lymarien Swarm,Large,Fey,Swarm,Neutral Good,5,,x,,,,,,,,,x,x,,,,,,,,Tome of Beasts 2,248,,,,,,,,,,,
Star Vampire,Large,Aberration,,Chaotic Evil,8,,,,,,,,,,,,,,,,,,,x,Sandy Petersen's Cthulhu Mythos,379,,,Mad Piper,Large,Construct,,Neutral,2,,,,,,,,,,,,,x,,,,,x,,Tome of Beasts 2,250,,,,,,,,,,,
Star-Spawn of Cthulhu,Large,Fiend,,Chaotic Evil,15,,,,,,,,,,,,,,,,,,,ø,Tome of Beasts,368,,,Magma Octopus,Large,Elemental,,Neutral,8,,,,,,,,,,,,,,x,,x,,,x,Tome of Beasts 2,251,,,,,,,,,,,
Starlight Apparition,Medium,Celestial,,Neutral Good,5,,,,,,,,,,,,,,,,,,,,Boo's Astral Menagerie,59,,,Minor Malleable,Medium,Aberration,,Chaotic Evil,1,,,,,,,,x,x,x,x,x,x,x,x,x,x,x,,Tome of Beasts 2,252,,,,,,,,,,,
Starspawn,Huge,Aberration,,Chaotic Evil,21,,x,x,,,,,,x,,,,,ø,,,x,,x,Sandy Petersen's Cthulhu Mythos,382,,,Moderate Malleable,Large,Aberration,,Chaotic Evil,5,,,,,,,,x,x,x,x,x,x,x,x,x,x,x,,Tome of Beasts 2,253,,,,,,,,,,,
Steam Golem,Large,Construct,,Unaligned,13,,,,,,,,,,,,,,,,,,ø,,Tome of Beasts,237,,,Major Malleable,Huge,Aberration,,Chaotic Evil,10,,,,,,,,x,x,x,x,x,x,x,x,x,x,x,,Tome of Beasts 2,254,,,,,,,,,,,
Steam Mephit,Small,Elemental,,Neutral Evil,1/4,,x,,,,,,,,,,,,,,,x,,,Monster Manual,217,,,Massive Malleable,Gargantuan,Aberration,,Chaotic Evil,16,,,,,,,,x,x,x,x,x,x,x,x,x,x,x,,Tome of Beasts 2,255,,,,,,,,,,,
Steel Crane,Medium,Humanoid,Human,Lawful Evil,8,,,,,x,,,,,,,,,,,,,ø,,Candlekeep Mysteries,164,,,Manggus,Large,Giant,Shapechanger,Chaotic Evil,5,,,,,,,,,,,x,,,,x,,,,,Tome of Beasts 2,256,,,,,,,,,,,
Steel Leaf Kavu,Large,Beast,,Unaligned,4,,,,,,,,,,,x,,,,,,,,,Planeshift: Dominaria,24,,,Mari Lwyd,Large,Undead,,Neutral,4,,x,,,,,,x,x,x,x,x,x,x,x,x,x,x,,Tome of Beasts 2,257,,,,,,,,,,,
Steel Predator,Large,Construct,,Lawful Neutral,16,,x,,,,,,,,,,,,,,,,x,,Mordenkainen Presents: Monsters of the Multiverse,232,,,Marsh Dire,Medium,Undead,,Neutral Evil,8,,,,,,,,,,,,,,,x,,,,,Tome of Beasts 2,258,,,,,,,,,,,
Steel Predator,Large,Construct,,Lawful Neutral,16,,x,,,,,,,,,,,,,,,,x,,Mordenkainen's Tome of Foes,239,,,Mei Jiao Shou,Gargantuan,Beast,,Unaligned,7,,,,,,,,,,,,x,x,,,,,,,Tome of Beasts 2,259,,,,,,,,,,,
Stegocentipede,Huge,Beast,,Unaligned,4,,,,,,,,,,,x,,,,,x,,,,Fifth Edition Foes,217,,,Moonkite,Large,Celestial,,Lawful Good,5,,,,,,,,,,,,,,,,,,,x,Tome of Beasts 2,260,,,,,,,,,,,
Stegosaurus,Huge,Beast,dinosaur,Unaligned,4,,,,,,,,,,,x,x,,,,,,,,Mordenkainen Presents: Monsters of the Multiverse,96,"Volo's Guide to Monsters 140, Tomb of Annihilation 231",,Mountain Strider,Large,Monstrosity,,Chaotic Neutral,1,,,,,,,,,,,,,,x,,,,,,Tome of Beasts 2,261,,,,,,,,,,,
Stellar Rorqual,Gargantuan,Aberration,,Neutral,12,,,,,,,,,,,,,,,,,,,x,Tome of Beasts 2,338,,,Scroll Mummy,Medium,Undead,,Neutral,6,,x,,,,,,,,,,,,,,,,x,,Tome of Beasts 2,262,,,,,,,,,,,
Stench Kow,Large,Fiend,cattle,Unaligned,1/2,,,,,,,,,,,,x,,,,,,x,,Mordenkainen Presents: Monsters of the Multiverse,72,,,Murgrik,Large,Aberration,,Chaotic Evil,9,,,,,,,,,,,,,,,x,,,,x,Tome of Beasts 2,263,,,,,,,,,,,
Stirge,Tiny,Beast,,Unaligned,1/8,,,,,,,,,x,x,x,x,x,x,x,x,,x,,Monster Manual,284,"Infernal Machine Rebuild 83, Lost Mines of Phandelver 62, The Lost Dungeon of Rickedness: Big Rick Energy 43",,Mydnari,Medium,Humanoid,,Neutral Evil,1/2,,,,,,,,,,,,,,,,x,,,,Tome of Beasts 2,264,,,,,,,,,,,
Stolos,Medium,Humanoid,Human,Neutral Evil,6,,x,,,x,,,,,,,,,,,,,,,Infernal Machine Rebuild,33,,,Swamp Naga,Large,Monstrosity,,Lawful Evil,6,,x,,,,,,,,,,,,,x,,,,,Tome of Beasts 2,265,,,,,,,,,,,
Stone Creeper,Medium,Plant,,Unaligned,1,,,,,,,,,,,,,,,,x,,x,,Tome of Beasts 2,339,,,Narshark,Large,Monstrosity,,Unaligned,1/2,,,,,,,,,,,,x,x,x,,,,,,Tome of Beasts 2,266,,,,,,,,,,,
Stone Cursed,Medium,Construct,,Lawful Evil,1,,,,,,,,,,x,,,,x,,,,x,,Mordenkainen Presents: Monsters of the Multiverse,233,,,Bone Colossus,Gargantuan,Undead,,Chaotic Evil,13,,,,,x,,,x,x,x,x,x,x,x,x,x,x,x,,Tome of Beasts 2,267,,,,,,,,,,,
Stone Cursed,Medium,Construct,,Lawful Neutral,1,,,,,,,,,,x,,,,x,,,,x,,Mordenkainen's Tome of Foes,240,,,Death Barque,Gargantuan,Undead,,Neutral Evil,12,,,,,x,,,,,,,,,,,,x,,,Tome of Beasts 2,268,,,,,,,,,,,
Stone Defender,Medium,Construct,,Unaligned,4,,,,,,,,,,,x,x,x,x,,,,,,Mordenkainen's Tome of Foes,126,,,Nharyth,Huge,Aberration,,Chaotic Evil,9,,,,,,,,,,,,,,,,x,,,x,Tome of Beasts 2,269,,,,,,,,,,,
Stone Giant,Huge,Giant,Stone Giant,Neutral,7,,,,,,,,,,,,,x,x,,x,,,,Monster Manual,156,,,Noth-Norren,Gargantuan,Elemental,,Chaotic Evil,13,,,,,,,,,,,,x,,,,,,,x,Tome of Beasts 2,270,,,,,,,,,,,
Stone Giant Dreamwalker,Huge,Giant,,Chaotic Neutral,10,,,,,,,,,x,,,,x,x,,,,,,Mordenkainen Presents: Monsters of the Multiverse,234,Volo's Guide to Monsters 150,,Nyctli,Tiny,Fey,,Chaotic Evil,1/4,,,,,,,,,,,x,,,,,,,,,Tome of Beasts 2,271,,,,,,,,,,,
Stone Giant of Evil Earth,Huge,Giant,,Neutral Evil,9,,,,,,,,,,,,,,,,,,,,Bigby Presents: Glory of the Giants,179,,,Nyctli Swarm,Large,Fey,Swarm,Chaotic Evil,10,,x,,,,,,,,,x,,,,,,,,,Tome of Beasts 2,271,,,,,,,,,,,
Stone Giant Rockspeaker,Huge,Giant,Wizard,Any,16,,,x,,,,,,,,,,,,,,,,,Bigby Presents: Glory of the Giants,180,,,Mountain Nymph,Medium,Fey,,Chaotic Neutral,6,,x,,,,,,,,,,,,x,,,,,,Tome of Beasts 2,272,,,,,,,,,,,
Stone Golem,Large,Construct,,Unaligned,10,,,,,,,,ø,ø,ø,ø,ø,ø,ø,ø,ø,ø,ø,ø,Monster Manual,170,Infernal Machine Rebuild 84,,Oasis Keeper,Huge,Monstrosity,,Unaligned,9,,,,,,,,,,x,,,,,,,x,,,Tome of Beasts 2,273,,,,,,,,,,,
Stone Guardian Golem,Medium,Construct,,Unaligned,2,,,,,,,,x,x,x,x,x,x,x,x,x,,x,,Fifth Edition Foes,128,,,One-Horned Ogre,Large,Giant,,Any Evil,5,,x,,,,,,,,,,,x,x,,,,,,Tome of Beasts 2,274,,,,,,,,,,,
Stone Juggernaut,Large,Construct,,Unaligned,12,,,,,,,,,,,,,,,,,,,,Tomb of Annihilation,231,,,Ogrepede,Huge,Undead,,Chaotic Evil,6,,,,,,,,x,x,x,x,x,x,x,x,x,x,x,,Tome of Beasts 2,275,,,,,,,,,,,
Stone Strix,Huge,Monstrosity,,Unaligned,8,,,,,,,,,,,ø,,ø,ø,,,,,,Monster a Day Compendium 2.0,197,,,Onyx Magistrate,Large,Construct,,Lawful Evil,8,,,,,,,,,,,,,,,,x,,x,,Tome of Beasts 2,276,,,,,,,,,,,
Stonemelder,Medium,Humanoid,Human,Neutral Evil,4,,x,,,,,,,,,,,,,,,,,,Princes of the Apocalypse,197,,,Amber Ooze,Large,Ooze,,Unaligned,4,,,,,,,,,,,x,,,,,,,,,Tome of Beasts 2,277,,,,,,,,,,,
Storm Crab,Gargantuan,Monstrosity,,Unaligned,11,,,,,,,,,,,,,,,,,,,,Bigby Presents: Glory of the Giants,181,,,Eldritch Ooze,Large,Ooze,,Unaligned,5,,,,,,,,,,,,,,,,x,,x,,Tome of Beasts 2,278,,,,,,,,,,,
Storm Giant,Huge,Giant,Storm Giant,Chaotic Good,13,,x,,,,,,,x,,,,,ø,,,x,,,Monster Manual,156,,,Ichor Ooze,Medium,Ooze,,Neutral Evil,2,,,,,,,,,,,,,,,,,,,x,Tome of Beasts 2,279,,,,,,,,,,,
Storm Giant Quintessent,Huge,Giant,,Chaotic Good,16,,,x,x,,,,,x,x,,,,x,,,x,,,Mordenkainen Presents: Monsters of the Multiverse,235,,,Mineral Ooze,Large,Ooze,,Neutral,3,,,,,,,,,,,,,,,,x,,,,Tome of Beasts 2,280,,,,,,,,,,,
Storm Giant Quintessent,Huge,Giant,Storm Giant,Chaotic Good,16,,x,x,x,,,,x,x,x,,,,x,,,x,,,Volo's Guide to Monsters,151,Ghosts of Saltmarsh 255,,Tar Ooze,Large,Ooze,,Unaligned,6,,,,,,,,x,x,x,x,x,x,x,x,x,x,x,,Tome of Beasts 2,281,,,,,,,,,,,
Storm Giant Skeleton,Huge,Undead,,Not Provided,16,,,,,,,,,ø,,,,,ø,,,ø,,,Candlekeep Mysteries,208,,,Ophidiotaur,Large,Monstrosity,,Chaotic Evil,5,,,,,,,,,,x,,x,,,x,,,,,Tome of Beasts 2,282,,,,,,,,,,,
Storm Giant Tempest Caller,Huge,Giant,Sorcerer,Any,20,,x,x,,,,,,,,,,,,,,,,,Bigby Presents: Glory of the Giants,182,,,Ophinix,Large,Monstrosity,,Unaligned,2,,,,,,,,,,,,,,,,x,,,,Tome of Beasts 2,283,,,,,,,,,,,
Storm Herald,Huge,Aberration,,Lawful Evil,17,,x,,,,,,,,,,,,,,,,,,Bigby Presents: Glory of the Giants,183,,,Gray Orc,Medium,Humanoid,Orc,Neutral,1/4,,,,,,,,,,,,,x,x,,x,,,,Tome of Beasts 2,284,,,,,,,,,,,
Storm Lord,Huge,Elemental,,Neutral,13,,,,,,,,,x,,,,,,,,x,,,Creature Codex,139,,,Orniraptor,Small,Monstrosity,,Unaligned,1/4,,,,,,,,,,,,,x,,,,,,,Tome of Beasts 2,285,,,,,,,,,,,
Storm Maiden,Medium,Elemental,,Chaotic Evil,4,,x,,,,,,x,x,x,x,x,x,x,x,x,x,x,,Tome of Beasts 2,340,,,Orphan of the Black,Small,Fey,,Neutral Evil,2,,,,,,,,,,,,,,,,,,x,x,Tome of Beasts 2,286,,,,,,,,,,,
Storm Spirit,Medium,Elemental,,Neutral,1/2,,,,,,,,x,x,x,x,x,x,x,x,x,x,x,x,Creature Codex,350,,,Ortifex,Medium,Undead,,Neutral Evil,4,,,,,,,,,,,,,,,,,,x,,Tome of Beasts 2,287,,,,,,,,,,,
Stormboar,Large,Monstrosity,,Unaligned,6,,,,,,,,,,,x,x,,,,,,,,Tome of Beasts 2,341,,,Otterfolk,Small,Humanoid,Otterfolk,Chaotic Good,1/4,,,,,,,,,,,,,,,x,,,,,Tome of Beasts 2,288,,,,,,,,,,,
Strahd Von Zarovich,Medium,Undead,Shapechanger,Lawful Neutral,15,,x,x,x,x,,,,,,,,,,,,,ø,,Curse of Strahd,240,,,Overshadow,Large,Undead,,Chaotic Evil,4,,,,,,,,,,,,,,,,x,,,,Tome of Beasts 2,289,,,,,,,,,,,
Strahd Zombie,Medium,Undead,,Unaligned,1,,,,,,,,,,,,,,,,,,ø,,Curse of Strahd,241,,,Pale Screamer,Medium,Aberration,,Neutral Evil,3,,,,,,,,,,,,,,,,x,x,,,Tome of Beasts 2,290,,,,,,,,,,,
"Strahd, Master of Death House",Medium,Undead,"Vampire, Wizard",Lawful Evil,15,,x,x,,x,,,,,,,,,,,,,,,Vecna: Eve of Ruin,251,,,Pal-Rai-Yuk,Huge,Monstrosity,,Neutral Evil,8,,,,,,,,x,,,,,,,,x,x,,,Tome of Beasts 2,291,,,,,,,,,,,
Strahd's Animated Armor,Medium,Construct,,Lawful Neutral,6,,,,,,,,,,,,,,,,,,ø,,Curse of Strahd,227,,,Parzz'val,Large,Aberration,,Chaotic Evil,8,,,,,,,,,,,,,x,,,,,,,Tome of Beasts 2,292,,,,,,,,,,,
Strangle Weed,Large,Plant,Aquatic,Unaligned,2,,,,,,,,,x,,,,,,x,x,x,,,Fifth Edition Foes,218,,,Peat Mammoth,Huge,Plant,,Neutral,10,,,,,,,,,,,,,,,x,,,,,Tome of Beasts 2,293,,,,,,,,,,,
Strigoi,Medium,Monstrosity,,Not Provided,4,,,,,,,,,ø,ø,ø,ø,ø,ø,ø,ø,,ø,,Van Richten's Guide to Ravenloft,246,,,Pestilence Swarm,Medium,Beast,Swarm,Unaligned,1,,,,,,,,,,,,x,,,,x,,,,Tome of Beasts 2,294,,,,,,,,,,,
Strixhaven Campus Guide,Small,Construct,,Lawful Good,1,,,,,,,,,,,,,,,,,,ø,,Strixhaven: A Cirriculum of Chaos,217,,,Pine Doom,Huge,Plant,,Neutral,9,,,,,,,,x,,,x,,,,,,,,,Tome of Beasts 2,295,,,,,,,,,,,
Strobing Fungus,Medium,Plant,,Unaligned,4,,,,,,,,,,,,,,,,x,,,,Tome of Beasts 2,160,,,Plague Spirit,Medium,Fey,,Unaligned,9,,,,,,,,x,x,x,x,x,x,x,x,x,x,x,,Tome of Beasts 2,296,,,,,,,,,,,
Strongheart,Medium,Humanoid,"Human, Paladin",Lawful Good,4,,x,,,x,,,,,,,,,,,,,,,The Wild Beyond The Witchlight,228,,,Primal Oozer,Medium,Aberration,,Neutral Evil,6,,,,,,,,,,,,,,,x,,,,,Tome of Beasts 2,297,,,,,,,,,,,
Stryx,Tiny,Monstrosity,,Neutral,1/8,,x,,,,v,,,,,ø,,,,,,,,,Tome of Beasts,369,,,Pumpkin King,Huge,Fey,,Chaotic Neutral,10,,x,x,,x,,,,,,x,x,,,,,,,,Tome of Beasts 2,298,,,,,,,,,,,
Stuhac,Medium,Fiend,,Neutral Evil,13,,,,,,,,,,,,,,,,,,,ø,Tome of Beasts,370,,,Pustulent Shambler,Gargantuan,Ooze,,Unaligned,13,,,,,,,,x,x,x,x,x,x,x,x,x,x,x,,Tome of Beasts 2,299,,,,,,,,,,,
Stygian Fat-Tailed Scorpion,Tiny,Beast,,Unaligned,3,,,,,,,,,,ø,,,,,,ø,,,,Tome of Beasts,340,,,Putrescent Slime,Medium,Ooze,,Unaligned,1,,,,,,,,,,,,,,,,,,,,Tome of Beasts 2,300,,,,,,,,,,,
Stygian Skeleton,Medium,Undead,,Chaotic Evil,7,,,,,,,,,,,,,,,,x,,,,Fifth Edition Foes,212,,,Qiqirin,Small,Monstrosity,,Neutral,2,,,,,,,,x,,,,,,,,,,,,Tome of Beasts 2,301,,,,,,,,,,,
Su-Monster,Medium,Monstrosity,,Chaotic Evil,1,,,,,,,,,,,,,,,,,,,,Tomb of Annihilation,232,,,Tormented Qiqirin,Large,Fiend,,Chaotic Evil,10,,,,,,,,x,,,,,,,,,,,,Tome of Beasts 2,302,,,,,,,,,,,
Subek,Large,Humanoid,,Lawful Neutral,5,,,,,,,,,,,ø,,,,ø,,,,,Tome of Beasts,371,,,Quickserpent,Large,Beast,,Unaligned,4,,,,,,,,,,,,,,,x,,,,,Tome of Beasts 2,303,,,,,,,,,,,
Succubus,Medium,Fiend,Shapechanger,Neutral Evil,4,,,,,,,,,,,,,,,,,,x,,Monster Manual,285,"Rise of Tiamat Online Supplement, 23",,Quoreq,Medium,Aberration,,Chaotic Evil,5,,,,,,,,x,x,x,x,x,x,x,x,x,x,x,,Tome of Beasts 2,304,,,,,,,,,,,
Sul Khatesh,Large,Fiend,,Lawful Evil,28,,x,x,,x,,,,,,,,,,,,,,ø,Eberron: Rising from the Last War,304,,,Radiant Spark Swarm,Medium,Elemental,Swarm,Neutral,3,,,,,,,,,,,,,,,,,,,x,Tome of Beasts 2,305,,,,,,,,,,,
Suldil Baldoriel,Medium,Humanoid,Half-Elf,Chaotic Good,10,,x,,,x,,,,,,,,,,,,,ø,,Minsc and Boo's Journal of Villainy,66,,,Repository,Medium,Construct,,Unaligned,7,,,,,,,,,,,,,,,,,,x,,Tome of Beasts 2,306,,,,,,,,,,,
Sulsha,Large,Humanoid,Simian,Lawful Evil,4,,,,,,,,,,,x,,x,x,,,,,,Tome of Beasts 2,329,,,Righteous Sentinel,Large,Construct,,Lawful Good,9,,,,,,,,,,,,,,,,,,x,,Tome of Beasts 2,307,,,,,,,,,,,
Summer Eladrin,Medium,Fey,elf,Chaotic Neutral,10,,x,,,,,,,,x,x,,,,,,,,,Mordenkainen Presents: Monsters of the Multiverse,116,,,Rock Roach,Medium,Beast,,Unaligned,2,,,,,,,,,,,,,,,,x,,,,Tome of Beasts 2,308,,,,,,,,,,,
Summer Eladrin,Medium,Fey,Elf,Chaotic Neutral,10,,,,,,,,,,x,x,,,,,,,,,Mordenkainen's Tome of Foes,196,,,Rotsam,Tiny,Ooze,,Unaligned,2,,,,,,,,,,,,,,,x,,,,,Tome of Beasts 2,309,,,,,,,,,,,
Sunbird,Gargantuan,Monstrosity,,Unaligned,13,,,,,,,,,,,,,,x,,,,,,Planeshift: Ixalan,35,,,Rotsam Swarm,Large,Ooze,Swarm,Unaligned,6,,,,,,,,,,,,,,,x,,,,,Tome of Beasts 2,309,,,,,,,,,,,
Sunder Shaman,Huge,Giant,,Chaotic Neutral,10,,,,,,,,,,,ø,ø,ø,,,,,ø,,Guildmaster's Guide to Ravnica,202,,,Runeswarm,Large,Construct,Swarm,Unaligned,10,,,,,,,,x,x,x,x,x,x,x,x,x,x,x,,Tome of Beasts 2,310,,,,,,,,,,,
Sunflies,Tiny,Celestial,,Chaotic Good,0,,,,,,,,,,,,,,,,,,,x,Morte's Planar Parade,47,,,Salamander Monarch,Large,Elemental,,Neutral Evil,13,,x,,,,,,,,,,,,x,,,,,x,Tome of Beasts 2,311,,,,,,,,,,,
Sunset Raptor,Medium,Monstrosity,,Unaligned,1,,,,,,,,,,,x,x,,,,,,,,Creature Codex,351,,,Sapphire Jelly,Medium,Ooze,,Unaligned,6,,,,,,,,x,,,,,,x,,x,,,,Tome of Beasts 2,312,,,,,,,,,,,
Suppurating Ooze,Medium,Ooze,,Unaligned,1,,,,,,,,,,,,,,,,x,,x,,Creature Codex,288,,,Sarsaok,Huge,Monstrosity,,Unaligned,7,,,,,,,,,,,,,x,x,,,,,,Tome of Beasts 2,313,,,,,,,,,,,
Suturefly,Tiny,Beast,,Unaligned,1/4,,,,,,,,,,,ø,,,,ø,,,,,Tome of Beasts,372,,,Sasquatch,Large,Beast,,Unaligned,5,,,,,,,,,,,x,,,,,,,,,Tome of Beasts 2,314,,,,,,,,,,,
Svirfneblin,Small,Humanoid,Deep Gnome,Neutral Good,1/2,,x,,,,,,,,,,,,,,x,,,,Monster Manual,164,,,Satarre Destroyer,Medium,Humanoid,Satarre,Neutral Evil,3,,,,,,,,,,,,,,,,,,,x,Tome of Beasts 2,315,,,,,,,,,,,
Swamp Adder,Small,Beast,,Unaligned,1/4,,,,,,,,,,,,,,,ø,,,,,Tome of Beasts,354,,,Satarre Mystic,Medium,Humanoid,Satarre,Neutral Evil,3,,,,,,,,,,,,,,,,,,,x,Tome of Beasts 2,316,,,,,,,,,,,
Swamp Lily,Medium,Plant,,Unaligned,7,,,,,,,,,,,,,,,x,,,,,Tome of Beasts 2,342,,,Yskarakta,Large,Fiend,,Neutral Evil,12,,,x,,x,,,,,,,,,,,,,,x,Tome of Beasts 2,317,,,,,,,,,,,
Swamp Naga,Large,Monstrosity,,Lawful Evil,6,,x,,,,,,,,,,,,,x,,,,,Tome of Beasts 2,265,,,Scarlet Ibis,Medium,Monstrosity,,Neutral,5,,,,,,,,,,,,,,,x,,,,,Tome of Beasts 2,318,,,,,,,,,,,
Swampgas Bubble,Medium,Ooze,,Unaligned,2,,,,,,,,,,,,,,,x,,,,,Tome of Beasts 2,343,,,Scrofin,Medium,Fey,,Lawful Neutral,2,,,,,,,,,,,x,x,,,x,,,,,Tome of Beasts 2,319,,,,,,,,,,,
Swarm of Animated Books,Medium,Construct,Swarm,Not Provided,1/4,,,,,,,,,,,,,,,,,,ø,,Candlekeep Mysteries,19,,,Sema,Small,Aberration,,Neutral Evil,1,,,,,,,,,,,,,,,,,,,x,Tome of Beasts 2,320,,,,,,,,,,,
Swarm of Bats,Medium,Beast,,Unaligned,1/4,,,,,,,,,,,,,x,x,,,,x,,Monster Manual,337,,,Servant of the Unsated God,Medium,Undead,,Neutral Evil,4,,x,,,,,,x,x,x,x,x,x,x,x,x,x,x,,Tome of Beasts 2,321,,,,,,,,,,,
Swarm of Bees,Medium,Beast,Swarm,Unaligned,1,,,,,,,,,,,x,x,,,,,,,,Tome of Beasts 2,400,,,Shadow Boxer,Small,Fey,,Chaotic Neutral,3,,,,,,,,,,,,,,,,,,x,,Tome of Beasts 2,322,,,,,,,,,,,
Swarm of Campestris,Medium,Plant,Swarm,Unaligned,1,,,,,,,,,,,ø,,,,ø,,,,,The Wild Beyond The Witchlight,232,,,Shadow of Death,Large,Celestial,,Chaotic Evil,21,,,,,,,,x,x,x,x,x,x,x,x,x,x,x,,Tome of Beasts 2,323,,,,,,,,,,,
Swarm of Centipedes,Medium,Beast,,Unaligned,1/2,,,,,,,,,,x,x,x,x,,x,,,x,,Fifth Edition Foes,52,,,Shimmer Seal,Medium,Beast,,Unaligned,5,,,,,,,,x,,,,,,,,,x,,,Tome of Beasts 2,324,,,,,,,,,,,
Swarm of Compsognathus,Medium,Beast,"Swarm, Dinosaur",Unaligned,1,,,,,,,,,,,x,x,,,,,,,,Tome of Beasts 2,108,,,Shriekbat,Huge,Monstrosity,,Unaligned,9,,,,,,,,,,,,,,,,x,,,,Tome of Beasts 2,325,,,,,,,,,,,
Swarm of Cranium Rats,Medium,Aberration,Swarm,Lawful Evil,5,,x,,,,,,,,,,,,,,x,,x,,Mordenkainen Presents: Monsters of the Multiverse,83,,,Shukankor,Huge,Aberration,,Chaotic Evil,9,,,,,,,,,,x,,x,x,,,,,,,Tome of Beasts 2,326,,,,,,,,,,,
Swarm of Cranium Rats,Medium,Beast,Swarm,Lawful Neutral,5,,x,,,,,,,,,,,,,,x,,x,,Volo's Guide to Monsters,133,,,Shurale,Medium,Fey,,Neutral Evil,7,,x,,,,,,,,,x,x,,,,,,,,Tome of Beasts 2,327,,,,,,,,,,,
Swarm of Esteron,Medium,Beast,Swarm,Unaligned,2,,,,,,,,,,,,,,,,x,,,,Tome of Beasts 2,400,,,Silenal,Small,Fey,,Chaotic Neutral,7,,,,,,,,,,,,,,,,,,x,,Tome of Beasts 2,328,,,,,,,,,,,
Swarm of Gibberlings,Large,Fiend,Demon,Chaotic Evil,3,,,,,,,,,,,,,,,,,,,,Quests from the Infinite Staircase,202,,,Sulsha,Large,Humanoid,Simian,Lawful Evil,4,,,,,,,,,,,x,,x,x,,,,,,Tome of Beasts 2,329,,,,,,,,,,,
Swarm of Gremishkas,Medium,Monstrosity,,Not Provided,2,,,,,,,,,,,,,,,,,,ø,,Van Richten's Guide to Ravenloft,235,,,Cackling Skeleton,Medium,Undead,,Neutral Evil,1/2,,,,,,,,x,x,x,x,x,x,x,x,x,x,x,,Tome of Beasts 2,330,,,,,,,,,,,
Swarm of Hoard Scarabs,Medium,Monstrosity,,Unaligned,2,,,,,,,,,,,,,,,,,,,,Fizban's Treasury of Dragons,205,,,Silver Dragon Wyrmling Skeleton,Medium,Undead,,Lawful Evil,2,,,,,,,x,x,,,,,,x,,,,,,Tome of Beasts 2,331,,,,,,,,,,,
Swarm of Insects,Medium,Beast,,Unaligned,1/2,,,,,,,,,,x,x,x,x,,x,x,,x,,Monster Manual,338,Infernal Machine Rebuild 84,,Veteran Swordbreaker Skeleton,Medium,Undead,,Lawful Evil,3,,,,,,,x,x,x,x,x,x,x,x,x,x,x,x,,Tome of Beasts 2,332,,,,,,,,,,,
Swarm of Maggots,Medium,Beast,,Not Provided,2,,,,,,,,,ø,ø,ø,ø,ø,ø,ø,ø,,ø,,Van Richten's Guide to Ravenloft,247,,,Snake with a Hundred Mage Hands,Small,Monstrosity,,Neutral,3,,,,,,,,,,,,,,,,,,x,,Tome of Beasts 2,333,,,,,,,,,,,
Swarm of Poisonous Snakes,Medium,Beast,,Unaligned,2,,,,,,,,,,,x,,,,x,,,,,Monster Manual,338,Rise of Tiamat Online Supplement 23,,Snow Terror,Large,Fiend,Shapechanger,Chaotic Evil,8,,,,,,,,x,,,,,,,,,,,x,Tome of Beasts 2,334,,,,,,,,,,,
Swarm of Quippers,Medium,Beast,,Unaligned,1,,,,,,,,,,,,,,,,,x,,,Monster Manual,338,,,Somberweave,Medium,Fey,,Neutral Evil,5,,,,,,,,x,x,x,x,x,x,x,x,x,x,x,,Tome of Beasts 2,335,,,,,,,,,,,
Swarm of Rats,Medium,Beast,,Unaligned,1/4,,,,,,,,,,,,,,,x,,,x,,Monster Manual,339,,,Spellhound,Large,Monstrosity,,Lawful Neutral,4,,,,,,,,,,,x,x,x,,,,,,x,Tome of Beasts 2,336,,,,,,,,,,,
Swarm of Ravens,Medium,Beast,,Unaligned,1/4,,,,,,,,,,,x,,x,,x,,,x,,Monster Manual,339,Rise of Tiamat Online Supplement 23,,Ssadar,Medium,Humanoid,,Chaotic Evil,3,,,,,,,,,,x,x,,,,,,,,,Tome of Beasts 2,337,,,,,,,,,,,
Swarm of Rot Grubs,Medium,Beast,swarm,Unaligned,1/2,,,,,,,,,,,,,,,x,x,,,,Mordenkainen Presents: Monsters of the Multiverse,237,,,Stellar Rorqual,Gargantuan,Aberration,,Neutral,12,,,,,,,,,,,,,,,,,,,x,Tome of Beasts 2,338,,,,,,,,,,,
Swarm of Rot Grubs,Medium,Beast,Swarm,Unaligned,1/2,,,,,,,,,,,,,,,x,x,,,,Volo's Guide to Monsters,208,Ghosts of Saltmarsh 255,,Stone Creeper,Medium,Plant,,Unaligned,1,,,,,,,,,,,,,,,,x,,x,,Tome of Beasts 2,339,,,,,,,,,,,
Swarm of Scarabs,Medium,Beast,,Not Provided,3,,,,,,,,,,ø,,,,,,,,,,Van Richten's Guide to Ravenloft,247,,,Storm Maiden,Medium,Elemental,,Chaotic Evil,4,,x,,,,,,x,x,x,x,x,x,x,x,x,x,x,,Tome of Beasts 2,340,,,,,,,,,,,
Swarm of Sorrowfish,Medium,Aberration,Swarm,Unaligned,6,,,,,,,,,,,,,,,,,,,,Critical Role: Call of the Netherdeep,210,,,Stormboar,Large,Monstrosity,,Unaligned,6,,,,,,,,,,,x,x,,,,,,,,Tome of Beasts 2,341,,,,,,,,,,,
Swarm of Squirrels,Medium,Beast,Swarm,Unaligned,2,,,,,,,,,,,ø,,,,,,,,,Monster a Day Compendium 2.0,198,,,Swamp Lily,Medium,Plant,,Unaligned,7,,,,,,,,,,,,,,,x,,,,,Tome of Beasts 2,342,,,,,,,,,,,
Swarm of Sunflies,Medium,Celestial,,Chaotic Good,1,,,,,,,,,,,,,,,,,,,x,Morte's Planar Parade,47,,,Swampgas Bubble,Medium,Ooze,,Unaligned,2,,,,,,,,,,,,,,,x,,,,,Tome of Beasts 2,343,,,,,,,,,,,
Swarm of Zombie Limbs,Medium,Undead,,Not Provided,1,,,,,,,,,,,,,,,,,,ø,,Van Richten's Guide to Ravenloft,254,,,Tembril,Large,Monstrosity,,Unaligned,6,,,,,,,,x,,,x,,,,,,,,,Tome of Beasts 2,344,,,,,,,,,,,
Swashbuckler,Medium,Humanoid,,Any,3,,,,,,,,,x,,,,,,,,,x,,Mordenkainen Presents: Monsters of the Multiverse,238,"Volo's Guide to Monsters 217, Waterdeep: Dragon Heist 216",,Tetomatli,Large,Construct,,Chaotic Evil,8,,,,,,,,,,,x,,,,,,,x,,Tome of Beasts 2,345,,,,,,,,,,,
Swavain Basilisk,Huge,Monstrosity,,Unaligned,7,,,,,,,,,x,,,,,,,,x,x,,Explorer's Guide to Wildemount,300,,,Thornheart Guardian,Large,Construct,,Lawful Evil,9,,,,,,,,,,,x,,,,x,,,,,Tome of Beasts 2,346,,,,,,,,,,,
Swolbold,Medium,Humanoid,Kobold,Chaotic Neutral,3,,,,,,,,,,,,,,,,x,,x,,Creature Codex,240,,,Thrummren,Gargantuan,Celestial,,Chaotic Good,12,,,,,,,,,,,,,,x,,,,,x,Tome of Beasts 2,347,,,,,,,,,,,
Sword Spider,Large,Beast,,Unaligned,3,,,,,,,,,,,ø,,,,,ø,,,,Minsc and Boo's Journal of Villainy,151,,,Tidehunter,Huge,Monstrosity,,Unaligned,6,,,,,,,,,x,,,,,,,,x,,,Tome of Beasts 2,348,,,,,,,,,,,
Sword Wraith Commander,Medium,Undead,,Lawful Evil,8,,,,,,,,,,,,x,,,x,,,,,Mordenkainen Presents: Monsters of the Multiverse,239,,,Timingila,Gargantuan,Monstrosity,Titan,Neutral Evil,15,,,,,,,,,,,,,,,,,x,,,Tome of Beasts 2,349,,,,,,,,,,,
Sword Wraith Commander,Medium,Undead,,Lawful Neutral,8,,,,,,,,,,,,x,,,x,,,,,Mordenkainen's Tome of Foes,241,,,Mangrove Treant,Huge,Plant,,Neutral,7,,,,,,,,,,,,,,,x,,,,,Tome of Beasts 2,350,,,,,,,,,,,
Sword Wraith Commander,Medium,Undead,,Lawful Evil,8,,,,,,,,,,,,,,,,,,,,Critical Role: Call of the Netherdeep,211,,,Tree Skinner,Medium,Fiend,,Chaotic Evil,2,,,,,,,,,,,x,,,,,,,,,Tome of Beasts 2,351,,,,,,,,,,,
Sword Wraith Warrior,Medium,Undead,,Lawful Evil,3,,,,,,,,,,,,x,,,x,,,,,Mordenkainen Presents: Monsters of the Multiverse,239,Mordenkainen's Tome of Foes 241,,Deep Troll,Large,Giant,,Chaotic Evil,4,,,,,,,,,,,,,,,,x,,,,Tome of Beasts 2,352,,,,,,,,,,,
Sword Wraith Warrior,Medium,Undead,,Lawful Evil,3,,,,,,,,,,,,,,,,,,,,Critical Role: Call of the Netherdeep,211,,,Trollkin,Medium,Humanoid,Trollkin,Neutral,1,,,,,,,,x,x,x,x,x,x,x,x,x,x,x,,Tome of Beasts 2,352,,,,,,,,,,,
Sylvan Stalker,Medium,Plant,,Neutral,8,,,,,,,,,,,ø,,,,,,,,,Monster a Day Compendium 2.0,199,,,Ulnorya,Large,Aberration,,Neutral Evil,7,,,,,,,,,,,x,,,,,,,,,Tome of Beasts 2,353,,,,,,,,,,,
Sythian Skalderang,Medium,Humanoid,"Bard, Tiefling",Chaotic Evil,7,,x,,,x,,,,,,,,,,,,,,,Keys from the Golden Vault,117,,,Valkruung,Tiny,Monstrosity,,Chaotic Neutral,1/2,,,,,,,,,,,x,x,,,x,,,x,,Tome of Beasts 2,355,,,,,,,,,,,
Tabaxi,Medium,Humanoid,,Chaotic Neutral,1/2,,,,,,,,,,,x,,,,x,,,,,Fifth Edition Foes,219,,,Vallowex,Large,Aberration,,Chaotic Neutral,7,,,,,,,,,,,x,,,,x,,,,,Tome of Beasts 2,356,,,,,,,,,,,
Tabaxi Hunter,Medium,Humanoid,Tabaxi,Chaotic Good,1,,,,,,,,,,,,,,,,,,,,Tomb of Annihilation,232,,,Psychic Vampire,Medium,Undead,,Lawful Evil,13,,,x,x,,,,,,,,,,,,,,x,,Tome of Beasts 2,357,,,,,,,,,,,
Tabaxi Minstrel,Medium,Humanoid,Tabaxi,Chaotic Good,1/4,,,,,,,,,,,,,,,,,,,,Tomb of Annihilation,233,,,Vangsluagh,Medium,Aberration,,Chaotic Evil,4,,,,,,,,,,,,,x,,,,,,,Tome of Beasts 2,359,,,,,,,,,,,
Taer,Medium,Humanoid,,Neutral,1,,,,,,,,x,,,,,,x,,,,,,Fifth Edition Foes,220,,,Vexxeh,Huge,Fiend,,Lawful Evil,6,,,,,,,,,,,,,,,,,,,x,Tome of Beasts 2,360,,,,,,,,,,,
Tai Feng,Medium,Humanoid,Half-orc,Unaligned,18,,,,,x,,,,,,,,,,,,,ø,,Monster a Day Compendium 2.0,98,,,Viiret,Large,Plant,,Unaligned,3,,,,,,,,,,,,,,,x,,,,,Tome of Beasts 2,361,,,,,,,,,,,
Talis The White,Medium,Humanoid,Half-Elf,Lawful Neutral,5,,x,,,x,,,,,,,,,,,,,,,Hoard of the Dragon Queen,93,,,Voidpool,Large,Ooze,,Unaligned,5,,,,,,,,,,,,,,,,,,,x,Tome of Beasts 2,362,,,,,,,,,,,
Tanarukk,Medium,Fiend,demon,Chaotic Evil,5,,,,,,,,,,,,,x,x,,x,,,,Mordenkainen Presents: Monsters of the Multiverse,240,Volo's Guide to Monsters 186,,Walled Horror,Large,Undead,,Chaotic Evil,7,,,,,,,,,,,,,,,,x,,x,,Tome of Beasts 2,363,,,,,,,,,,,
Tanazir Quandrix,Gargantuan,Dragon,Wizard,Lawful Neutral,24,,x,x,,x,,,,,,,,,,,,,,,Strixhaven: A Cirriculum of Chaos,218,,,Wanyudo,Large,Fiend,,Lawful Evil,8,,,,,,,,,,,,,,,,,,,x,Tome of Beasts 2,364,,,,,,,,,,,
Tangtal,Medium,Monstrosity,,Neutral Evil,1,,,,,,,,,,,x,x,,,,,,,,Fifth Edition Foes,221,,,Wardu,Medium,Aberration,,Neutral Evil,6,,,,,,,,,,,,,,,,,,,x,Tome of Beasts 2,365,,,,,,,,,,,
Tar Ghoul,Medium,Undead,,Neutral Evil,4,,,,,,,,x,x,x,x,x,x,x,x,x,x,x,x,Creature Codex,176,,,Warmth Thief,Tiny,Fey,,Neutral Evil,9,,,,,,,,x,,,,,,,,,,,,Tome of Beasts 2,366,,,,,,,,,,,
Tar Ooze,Large,Ooze,,Unaligned,6,,,,,,,,x,x,x,x,x,x,x,x,x,x,x,,Tome of Beasts 2,281,,,Werynax,Large,Monstrosity,,Unaligned,6,,,,,,,,,,,x,x,,,,,,,,Tome of Beasts 2,367,,,,,,,,,,,
Tarak,Medium,Humanoid,Human,Lawful Neutral,1,,,,,x,,,,,,,,,,,,,,,Dragons of Stormwreck Isle,47,,,Wicked Skull,Tiny,Monstrosity,Shapechanger,Chaotic Neutral,1/8,,,,,,v,,,,,,,,,,x,,x,,Tome of Beasts 2,368,,,,,,,,,,,
Tarkanan Assassin,Medium,Humanoid,Any Race,Any Non-Good,2,,x,,,,,,,,,,,,,,,,ø,,Eberron: Rising from the Last War,320,,,Willowhaunt,Huge,Undead,,Neutral Evil,5,,,,,,,,,,,,,,,x,,,,,Tome of Beasts 2,369,,,,,,,,,,,
Tarkun the Dessicated,Medium,Fey,,Chaotic Neutral,8,,,x,,x,,,,,x,,,,,,,,,,Tome of Beasts 2,148,,,Windy Wailer,Large,Undead,,Neutral Evil,5,,,,,,,,,x,,,,,,,,,,,Tome of Beasts 2,370,,,,,,,,,,,
Tarnhem,Huge,Fiend,Demon,Chaotic Evil,19,,,,,x,,,,,,,,,,,,,,,Infernal Machine Rebuild,19,,,Winterghast,Medium,Undead,,Chaotic Evil,4,,,,,,,,x,,,,,,,,,,,,Tome of Beasts 2,371,,,,,,,,,,,
Tarrasque,Gargantuan,Monstrosity,Titan,Unaligned,30,,,x,,x,,,,,,,,,,,,,x,,Monster Manual,286,Infernal Machine Rebuild 85,,Wintergrim,Small,Fey,,Chaotic Good,1/2,,x,,,,,,x,,,,,,,,,,,,Tome of Beasts 2,372,,,,,,,,,,,
Tarul Var,Medium,Undead,,Neutral Evil,13,,x,x,,x,,,,,,,,,,,,,,,Tales from the Yawning Portal,244,,,Woe Siphon,Medium,Fey,,Chaotic Neutral,3,,,,,,,,,,,,,,,,x,,x,,Tome of Beasts 2,373,,,,,,,,,,,
Taryon Darrington,Medium,Humanoid,human,Not Provided,9,,x,,,x,,,,,,,,,,,,,,,Tal'Dorei Campaign Setting Reborn,273,,,Wood Ward,Medium,Construct,,Unaligned,1,,,,,,,,,,,x,x,,,,,,,,Tome of Beasts 2,374,,,,,,,,,,,
Tasha the Witch,Medium,Humanoid,"Human, Wizard",Chaotic Neutral,19,,x,x,,x,,,,,,,,,,,,,,,Vecna: Eve of Ruin,252,,,Wraith Bear,Large,Undead,,Chaotic Evil,9,,,,,,,,,,,x,,,,,,,,,Tome of Beasts 2,375,,,,,,,,,,,
Tashlyn Yafeera,Medium,Humanoid,Human,Neutral,9,,,,,x,,,,,,,,,,,,,ø,,Waterdeep: Dragon Heist,200,,,Xing Tian,Huge,Giant,,Neutral,11,,,,,,,,,,,x,,x,,,,,,,Tome of Beasts 2,376,,,,,,,,,,,
Tasloi,Small,Humanoid,,Chaotic Evil,1/4,,,,,,,,,,,ø,,,,,,,,,Minsc and Boo's Journal of Villainy,153,,,Yaojing,Medium,Celestial,,Neutral Good,15,,x,,,,,,,,,x,x,,x,,,,,x,Tome of Beasts 2,377,,,,,,,,,,,
Tasloi Sniper,Small,Humanoid,goblinoid,Chaotic Evil,1,,,,,,,,,,,ø,,,,,,,,,Minsc and Boo's Journal of Villainy,153,,,Yathon,Large,Humanoid,,Neutral,7,,,,,,,,,,,,,,,,x,,,,Tome of Beasts 2,378,,,,,,,,,,,
Tazelwurm,Large,Monstrosity,,Unaligned,2,,,,,,,,,,,,,x,x,,,,,,Fifth Edition Foes,222,,,Yavalnoi,Large,Aberration,,Chaotic Evil,6,,x,,,,,,,,,,,,,,,x,,,Tome of Beasts 2,379,,,,,,,,,,,
Technothug,Medium,Humanoid,,Chaotic Neutral,1/2,,,,,,,,,,,,,,,,,,ø,,Monster a Day Compendium 2.0,201,,,Yowler,Tiny,Undead,,Chaotic Evil,1/2,,,,,,,,,,,,x,,,,,,x,,Tome of Beasts 2,380,,,,,,,,,,,
Tecuziztecatl,Large,Monstrosity,,Neutral,4,,,,,,,,,,,,,,,,,,,,Tales from the Yawning Portal,245,,,Yumerai,Medium,Fey,,Neutral,2,,x,,,,,,x,x,x,x,x,x,x,x,x,x,x,x,Tome of Beasts 2,381,,,,,,,,,,,
Tembril,Large,Monstrosity,,Unaligned,6,,,,,,,,x,,,x,,,,,,,,,Tome of Beasts 2,344,,,Zalikum,Huge,Construct,,Neutral Evil,7,,,,,,,,,,x,,,,,,,,,,Tome of Beasts 2,382,,,,,,,,,,,
Temp Temble,Small,Humanoid,"Sidekick, Kender",Chaotic Good,1,,x,,,x,,,,,,,,,,,,,,,Dragonlance: Shadow of the Dragon Queen,213,,,Zeitgeist,Medium,Humanoid,,Chaotic Neutral,6,,,,,,,,x,x,x,x,x,x,x,x,x,x,x,,Tome of Beasts 2,383,,,,,,,,,,,
Tempest Spirit,Huge,Undead,,Chaotic Evil,15,,,x,,,,,,,,,,,,,,,,,Bigby Presents: Glory of the Giants,184,,,Cavefish Zombie,Medium,Undead,,Neutral Evil,1/2,,,,,,,,,,,,,,,,x,x,,,Tome of Beasts 2,384,,,,,,,,,,,
Temple Dog,Medium,Celestial,,Any Good,5,,,,,,,,ø,,,,,,ø,,,,,,Tome of Beasts,378,,,Young Blue Dragon Zombie,Large,Undead,,Neutral Evil,10,,,,,,,x,x,x,x,x,x,x,x,x,x,x,x,,Tome of Beasts 2,385,,,,,,,,,,,
Temporal Crawler,Medium,Aberration,,Neutral Evil,2,,,,,,,,x,x,x,x,x,x,x,x,x,,x,,Fifth Edition Foes,223,,,Zouyu,Huge,Monstrosity,,Chaotic Good,6,,,,,,,,,,,x,x,,,,,,,,Tome of Beasts 2,386,,,,,,,,,,,
Tendriculos,Large,Plant,,Unaligned,4,,,,,,,,,,,x,x,x,,,,,,,Fifth Edition Foes,224,,,Alligator,Medium,Beast,,Unaligned,1/4,,,,,,,,,,,,,,,x,,,,,Tome of Beasts 2,387,,,,,,,,,,,
Tendril Puppet,Medium,Plant,,Lawful Neutral,2,,,,,,,,,,,ø,,,,ø,,,,,Tome of Beasts,403,,,Alligator Turtle,Medium,Beast,,Unaligned,1/4,,,,,,,,,,,,,,,x,,,,,Tome of Beasts 2,387,,,,,,,,,,,
Tentacled Horror,Huge,Aberration,,Chaotic Evil,11,,,x,,,,,,,,,,,,,x,,,,Fifth Edition Foes,225,,,Balloon Spider,Medium,Beast,,Unaligned,1,,,,,,,,,,,x,,x,x,,,,,,Tome of Beasts 2,387,,,,,,,,,,,
Tentaghoul,Large,Undead,,Chaotic Evil,3,,,,,,,,,,,,,,,ø,ø,,,ø,Monster a Day Compendium 2.0,202,,,Bilby,Tiny,Beast,,Unaligned,0,,,,,,o,,,,x,,,,,,x,,,,Tome of Beasts 2,388,,,,,,,,,,,
Teratashia,Large,Fiend,Demon,Chaotic Evil,15,,x,,,x,,,,,,,,,,,,,,x,Fifth Edition Foes,80,,,Bull,Large,Beast,,Unaligned,1/4,,,,,,,,,,,,x,,,,,,,,Tome of Beasts 2,388,,,,,,,,,,,
Terror Bird,Large,Beast,,Unaligned,2,,,,,,,,,,,x,,,,,,,,,Creature Codex,352,,,Carrier Mosquito,Large,Beast,,Unaligned,3,,,,,,,,,,,,,,,x,,,,,Tome of Beasts 2,389,,,,,,,,,,,
Tetomatli,Large,Construct,,Chaotic Evil,8,,,,,,,,,,,x,,,,,,,x,,Tome of Beasts 2,345,,,Cave Goat,Small,Beast,,Unaligned,1/4,,,,,,,,,,,,,,,,x,,,,Tome of Beasts 2,389,,,,,,,,,,,
"Tetzimoc, Primal Death",Gargantuan,Monstrosity,"titan, elder dinosaur",Unaligned,30,,,x,,,,,,ø,,ø,,,,,,,,,Planeshift: Ixalan,33,,,Fennec Fox,Tiny,Beast,,Unaligned,1/8,,,,,,o,,,,x,,x,,,,x,,,,Tome of Beasts 2,390,,,,,,,,,,,
Thalasskoptis,Large,Fiend,Demon,Chaotic Evil,10,,x,x,,x,,,,x,,,,,,x,,x,,x,Fifth Edition Foes,81,,,Forest Falcon,Medium,Beast,,Unaligned,1/4,,,,,,,,,,,x,,,,,,,,,Tome of Beasts 2,390,,,,,,,,,,,
Thayan Apprentice,Medium,Humanoid,,Any Non-Good,2,,x,,,,,,,,,,,,,,,,,,Tales from the Yawning Portal,245,,,Frost Mole,Small,Beast,,Unaligned,3,,,,,,,,x,,,,x,,,,x,,,,Tome of Beasts 2,391,,,,,,,,,,,
Thayan Warrior,Medium,Humanoid,,Any Non-Good,2,,,,,,,,,,,,,,,,,,,,Tales from the Yawning Portal,246,,,Ghoul Bat,Small,Undead,,Neutral Evil,1/4,,,,,,,,,,,,,,,,x,,,,Tome of Beasts 2,391,,,,,,,,,,,
The Bloated Woman,Large,Aberration,,Chaotic Evil,24,,x,x,,,,,,,,,,,,,,,,,Sandy Petersen's Cthulhu Mythos,230,,,Giant Armadillo,Small,Beast,,Unaligned,1/4,,,,,,,,,,,x,x,x,,,x,,,,Tome of Beasts 2,392,,,,,,,,,,,
"The Curator, Hell's Collector",Large,Fiend,"Devil, Archdevil",Lawful Evil,24,,x,x,x,x,,,,,,,,,,,,,,x,Tome of Beasts 2,101,,,Giant Frilled Lizard,Large,Beast,,Unaligned,5,,,,,,,,,,x,x,,,,,x,,,,Tome of Beasts 2,392,,,,,,,,,,,
The Dark Demon,Large,Monstrosity,proxy,Chaotic Evil,21,,x,x,,,,,,,,,,,,,,,,,Sandy Petersen's Cthulhu Mythos,232,,,Giant Honey Bee,Small,Beast,,Unaligned,1/4,,,,,,,,,,,x,x,,,,,,,,Tome of Beasts 2,392,,,,,,,,,,,
The Filth,Medium,Aberration,,Chaotic Evil,7,,x,,,,,,,,,,,,,,,,,,Sandy Petersen's Cthulhu Mythos,167,,,Giant Leech,Small,Beast,,Unaligned,1/4,,,,,,,,,,,x,x,,,x,,,,,Tome of Beasts 2,393,,,,,,,,,,,
The Forest Queen,Large,Fey,,Neutral,23,,x,x,x,x,,,,,,ø,,,,,,,,x,DM's Guild: Exploring Eberron,237,,,Giant Mongoose,Medium,Beast,,Unaligned,1/4,,,,,,,,,,,x,,,,,,,,,Tome of Beasts 2,393,,,,,,,,,,,
The Forgotten Prince,Medium,Fey,,Chaotic Neutral,21,,x,x,x,x,,,,,,,,,,,,,,x,DM's Guild: Exploring Eberron,241,,,Giant Water Scorpion,Large,Beast,,Unaligned,4,,,,,,,,,x,,,,,,x,,,,,Tome of Beasts 2,393,,,,,,,,,,,
The Gardener,Medium,Fey,"Archfey, Druid",Neutral Good,12,,x,x,x,x,,,,,,,,,,,,,,,Quests from the Infinite Staircase,200,,,Great Gray Owl,Small,Beast,,Unaligned,1/4,,,,,,,,,,,x,,,,,,,,,Tome of Beasts 2,394,,,,,,,,,,,
The Haunter,Huge,Aberration,proxy,Chaotic Evil,22,,x,x,,,,,,,,,,,,,,,,,Sandy Petersen's Cthulhu Mythos,234,,,Grove Bear,Medium,Beast,,Unaligned,1/4,,,,,,,,,,,x,,,,,,,,,Tome of Beasts 2,394,,,,,,,,,,,
The Holwer,Huge,Aberration,proxy,Chaotic Evil,25,,x,x,,,,,,,,,,,,,,,,,Sandy Petersen's Cthulhu Mythos,237,,,Holler Spider,Tiny,Beast,,Chaotic Neutral,1/4,,,,,,o,,,,,,,,,,x,,x,,Tome of Beasts 2,395,,,,,,,,,,,
The Hungry,Medium,Monstrosity,Sorrowsworn,Neutral Evil,11,,,,,,,,,,,x,,,,,x,,x,,Mordenkainen's Tome of Foes,232,,,Howler Baboon,Medium,Beast,,Unaligned,1/4,,,,,,,,,,,x,,x,,,,,,,Tome of Beasts 2,395,,,,,,,,,,,
The King in Yellow,Medium,Fiend,"human, proxy",Chaotic Evil,22,,x,x,,,,x,,,,,,,,,,,,,Sandy Petersen's Cthulhu Mythos,224,,,Leech Swarm,Medium,Beast,Swarm,Unaligned,2,,,,,,,,,,,,,,,x,,,,,Tome of Beasts 2,396,,,,,,,,,,,
The Lord of Blades,Medium,Humanoid,Warforged,Lawful Evil,18,,x,x,,x,,,,,,,,,,,,,,,Eberron: Rising from the Last War,300,,,Megaloceros,Huge,Beast,,Unaligned,4,,,,,,,,x,,,x,,,,,,,,,Tome of Beasts 2,396,,,,,,,,,,,
The Lost,Medium,Monstrosity,Sorrowsworn,Neutral Evil,7,,,,,,,,x,,x,x,,,x,x,x,,x,,Mordenkainen's Tome of Foes,233,,,Resinous Frog,Small,Beast,,Unaligned,1/4,,,,,,o,,,,,,,,,x,,,,,Tome of Beasts 2,397,,,,,,,,,,,
The Pudding King,Small,Humanoid,"Gnome, Shapechanger",Chaotic Evil,4,,x,,,x,,,,,,,,,,,,,,,Out of the Abyss,233,,,Sporous Crab,Small,Beast,,Unaligned,1,,,,,,,,,,,,,,,x,,,x,,Tome of Beasts 2,398,,,,,,,,,,,
The Shadow Pharaoh,Huge,Aberration,proxy,Chaotic Evil,23,,x,x,,,,,,,,,,,,,,,,,Sandy Petersen's Cthulhu Mythos,238,,,Spurred Water Skate,Large,Beast,,Unaligned,1,,,,,,,,,,,,,,,x,,,,,Tome of Beasts 2,399,,,,,,,,,,,
Theran Chimera,Large,Monstrosity,,Unaligned,7,,,,,,,,x,x,x,x,x,x,x,x,x,x,,,Mythic Odysseys of Theros,216,,,Swarm of Bees,Medium,Beast,Swarm,Unaligned,1,,,,,,,,,,,x,x,,,,,,,,Tome of Beasts 2,400,,,,,,,,,,,
Thessalar,Medium,Humanoid,Human,Neutral Evil,12,,x,,,x,,,,,,,,,,,,,,,Infernal Machine Rebuild,57,,,Swarm of Esteron,Medium,Beast,Swarm,Unaligned,2,,,,,,,,,,,,,,,,x,,,,Tome of Beasts 2,400,,,,,,,,,,,
Thessalar's Homunculus,Tiny,Construct,,Neutral,0,,,,,x,,,,,,,,,,,,,,,Infernal Machine Rebuild,35,,,"Aboleth, Nihileth",Large,Undead,,Chaotic Evil,12,,,x,x,,,,,,,,,,,,ø,,,ø,Tome of Beasts 5e,8,,,,,,,,,,,
Thessalheart Construct,Tiny,Construct,,Neutral,0,,,,,,,,,,,,,,,,,,,,Infernal Machine Rebuild,86,,,Isolde,Medium,Fey,Elf,Any Evil,5,,x,,,x,,,,,,,,,,,,,,ø,Van Richten's Guide to Ravenloft,86,,,,,,,,,,,
Thessalhydra,Huge,Monstrosity,,Unaligned,4,,,x,,,,,,,,,,,,,,,,,Infernal Machine Rebuild,86,,,Elise,Medium,Construct,,Neutral,5,,,,,x,,,,,,,,,,,,,,ø,Van Richten's Guide to Ravenloft,143,,,,,,,,,,,
Thessalkraken,Gargantuan,Monstrosity,Titan,Chaotic Evil,14,,,x,x,,,,,,,,,,,,,,,,Infernal Machine Rebuild,87,,,Bodytaker Plant,Huge,Plant,,Not Provided,7,,,,,,,,,,,ø,ø,ø,,,ø,,ø,,Van Richten's Guide to Ravenloft,227,,,,,,,,,,,
Theullai,Huge,Elemental,,Chaotic Neutral,10,,,,,,,,ø,,,,,,ø,,,,,,Tome of Beasts,379,,,Podling,Medium,Plant,,Not Provided,1/2,,,,,,,,,,,ø,ø,ø,,,ø,,ø,,Van Richten's Guide to Ravenloft,227,,,,,,,,,,,
Thief Lord,Medium,Humanoid,Any Race,Lawful Evil,8,,,,,,,,,,,,,,,,,,x,,Creature Codex,406,,,Boneless,Medium,Undead,,Not Provided,1,,,,,,,,,,,,,,,,,,ø,,Van Richten's Guide to Ravenloft,228,,,,,,,,,,,
Thin Giant,Huge,Giant,,Chaotic Evil,9,,,,,,,,,,,,,,,,x,,x,,Tome of Beasts 2,175,,,Brain in a Jar,Small,Undead,,Not Provided,3,,,,,,,,,,,,,,,,ø,,ø,ø,Van Richten's Guide to Ravenloft,229,"Icewind Dale: Icewind Dale: Rime of the Frostmaiden 279, Infernal Machine Rebuild 62, Lost Laboratory of Kwalish 38",,,,,,,,,,
Tho-Tcho,Medium,Humanoid,human,Chaotic Evil,1/4,,,,,,,,,,,,,x,,,,,,,Sandy Petersen's Cthulhu Mythos,385,,,Carrion Stalker,Tiny,Monstrosity,,Not Provided,3,,,,,,,,,,,,,,,,ø,,ø,,Van Richten's Guide to Ravenloft,230,,,,,,,,,,,
Thorn Slinger,Large,Plant,,Unaligned,1/2,,,,,,,,,,,ø,,,,,,,,,Tales from the Yawning Portal,246,,,Carrionette,Small,Construct,,Not Provided,1,,,,,,,,,,,,,,,,,,ø,,Van Richten's Guide to Ravenloft,231,,,,,,,,,,,
Thorned Sulfurlord,Huge,Fiend,,Chaotic Evil,11,,,,,,,,x,x,x,x,x,x,x,x,x,x,x,x,Creature Codex,306,,,Death's Head,Tiny,Undead,,Not Provided,1/2,,,,,,,,,,,ø,ø,ø,,ø,ø,,,,Van Richten's Guide to Ravenloft,232,,,,,,,,,,,
Thornheart Guardian,Large,Construct,,Lawful Evil,9,,,,,,,,,,,x,,,,x,,,,,Tome of Beasts 2,346,,,Dullahan,Medium,Undead,,Not Provided,10,,,x,,,,,ø,ø,ø,ø,ø,ø,ø,ø,ø,,ø,,Van Richten's Guide to Ravenloft,233,,,,,,,,,,,
Thorny Vegepygmy,Medium,Plant,,Neutral,1,,,,,,,,,,,x,,,,x,,,,,Mordenkainen Presents: Monsters of the Multiverse,253,"Volo's Guide to Monsters 197, Tomb of Annihilation 233",,Gallows Speaker,Medium,Undead,,Not Provided,6,,,,,,,,ø,ø,ø,ø,ø,ø,ø,ø,ø,,ø,,Van Richten's Guide to Ravenloft,234,,,,,,,,,,,
Thought Spy,Medium,Humanoid,Any Race,Neutral Evil,1,,x,,,,,,,,,,,,,,ø,,ø,,Guildmaster's Guide to Ravnica,233,,,Gremishka,Tiny,Monstrosity,,Not Provided,1/8,,,,,,,,,,,,,,,,,,ø,,Van Richten's Guide to Ravenloft,235,,,,,,,,,,,
Thousand Teeth,Large,Monstrosity,,Neutral Evil,6,,,x,,x,,,,ø,,,,,,ø,,,,,Ghosts of Saltmarsh,256,,,Swarm of Gremishkas,Medium,Monstrosity,,Not Provided,2,,,,,,,,,,,,,,,,,,ø,,Van Richten's Guide to Ravenloft,235,,,,,,,,,,,
Thrall of Yog-Sothoth,Medium,Humanoid,Any race,Chaotic Neutral,12,,x,,,,,,x,,,,,x,,,,,x,,Sandy Petersen's Cthulhu Mythos,353,,,Jiangshi,Medium,Undead,,Not Provided,9,,,,,,,,,,,,,,,,,,ø,,Van Richten's Guide to Ravenloft,236,,,,,,,,,,,
Thread-Bound Constrictor Snake,Huge,Construct,,Unaligned,3,,,,,,,x,,,,,,,,,,,x,,Creature Codex,353,,,Loup Garou,Medium,Monstrosity,Shapechanger,Not Provided,13,,,x,,,,,,,,ø,,ø,,,,,,,Van Richten's Guide to Ravenloft,237,,,,,,,,,,,
Three-Headed Clockwork Dragon,Huge,Construct,,Unaligned,14,,,,,,,,,,,,,,,,,,x,,Creature Codex,112,,,Nechrichor,Medium,Undead,,Not Provided,7,,,,,,,,ø,ø,ø,ø,ø,ø,ø,ø,ø,,ø,,Van Richten's Guide to Ravenloft,238,,,,,,,,,,,
Three-Headed Cobra,Large,Monstrosity,,Unaligned,5,,,,,,,,,,x,,x,,,,,,,,Creature Codex,354,,,Nosferatu,Medium,Undead,,Not Provided,8,,,,,,,,,,,,,,,,,,ø,,Van Richten's Guide to Ravenloft,239,,,,,,,,,,,
Thri-Kreen,Medium,Humanoid,Thri-Kreen,Chaotic Neutral,1,,,,,,,,,,x,,x,,,,,,,,Monster Manual,288,,,Priest of Osybus,Medium,Humanoid,,Not Provided,6,,,,,,,,,,,,,,,,,,ø,ø,Van Richten's Guide to Ravenloft,240,,,,,,,,,,,
Thri-kreen Gladiator,Medium,Monstrosity,,Any,7,,,,,,,,,,,,,,,,,,,,Boo's Astral Menagerie,60,,,Relentless Juggernaut,Large,Fiend,,Not Provided,12,,,x,,,,,ø,ø,ø,ø,ø,ø,ø,ø,ø,,ø,ø,Van Richten's Guide to Ravenloft,243,,,,,,,,,,,
Thri-kreen Hunter,Medium,Monstrosity,,Any,2,,,,,,,,,,,,,,,,,,,,Boo's Astral Menagerie,61,,,Relentless Slasher,Medium,Fiend,,Not Provided,8,,,x,,,,,ø,ø,ø,ø,ø,ø,ø,ø,ø,,ø,ø,Van Richten's Guide to Ravenloft,243,,,,,,,,,,,
Thri-kreen Mystic,Medium,Monstrosity,,Any,5,,x,,,,,,,,,,,,,,,,,,Boo's Astral Menagerie,61,,,Greater Star Spawn Emissary,Huge,Aberration,,Not Provided,21,,,x,,,,,ø,ø,ø,ø,ø,ø,ø,ø,ø,ø,ø,ø,Van Richten's Guide to Ravenloft,245,,,,,,,,,,,
Thrummren,Gargantuan,Celestial,,Chaotic Good,12,,,,,,,,,,,,,,x,,,,,x,Tome of Beasts 2,347,,,Lesser Star Spawn Emissary,Medium,Aberration,,Not Provided,19,,,x,,,,,ø,ø,ø,ø,ø,ø,ø,ø,ø,ø,ø,ø,Van Richten's Guide to Ravenloft,245,,,,,,,,,,,
Thug,Medium,Humanoid,Any Race,Any Non-Good,1/2,,,,,,,,,,,,,,,,,,x,,Monster Manual,350,,,Strigoi,Medium,Monstrosity,,Not Provided,4,,,,,,,,,ø,ø,ø,ø,ø,ø,ø,ø,,ø,,Van Richten's Guide to Ravenloft,246,,,,,,,,,,,
Thurl Merosska,Medium,Humanoid,Human,Lawful Neutral,3,,x,,,x,,,,,,,,,,,,,,,Princes of the Apocalypse,192,,,Swarm of Maggots,Medium,Beast,,Not Provided,2,,,,,,,,,ø,ø,ø,ø,ø,ø,ø,ø,,ø,,Van Richten's Guide to Ravenloft,247,,,,,,,,,,,
Thursir Giant,Large,Giant,,Chaotic Evil,3,,,,,,,,ø,,,,,,ø,,ø,,,,Tome of Beasts,227,,,Swarm of Scarabs,Medium,Beast,,Not Provided,3,,,,,,,,,,ø,,,,,,,,,,Van Richten's Guide to Ravenloft,247,,,,,,,,,,,
Tiamat,Gargantuan,Fiend,,Chaotic Evil,30,,x,x,,x,,,,,,,,,,,,,,ø,Baldur's Gate: Descent into Avernus,151,Rise of Tiamat 92,,Inquisitor of the Mind Fire,Medium,Humanoid,,Not Provided,8,,x,,,,,,,,,,,,,,,,ø,ø,Van Richten's Guide to Ravenloft,248,,,,,,,,,,,
Tiberius Inuus,Medium,Humanoid,Human,Lawful Good,9,,,,,x,,,,,,,,,,,,,x,,Minsc and Boo's Journal of Villainy,44,,,Inquisitor of the Sword,Medium,Humanoid,,Not Provided,8,,x,,,,,,,,,,,,,,,,ø,ø,Van Richten's Guide to Ravenloft,249,,,,,,,,,,,
Tidehunter,Huge,Monstrosity,,Unaligned,6,,,,,,,,,x,,,,,,,,x,,,Tome of Beasts 2,348,,,Inquisitor of the Tome,Medium,Humanoid,,Not Provided,8,,x,,,,,,,,,,,,,,,,ø,ø,Van Richten's Guide to Ravenloft,249,,,,,,,,,,,
Tiefling Muralist,Medium,Humanoid,Tiefling,Any Non-Good,1/8,,x,,,,,,,,,,,,,,,,,,Infernal Machine Rebuild,17,,,Unspeakable Horror,Huge,Monstrosity,,Not Provided,8,,,,,,,,,,,,,,,,,,,ø,Van Richten's Guide to Ravenloft,250,,,,,,,,,,,
Tiger,Large,Beast,,Unaligned,1,,,,,,,,,,,x,x,,,,,,,,Monster Manual,339,Player's Handbook 311,,Vampiric Mind Flayer,Medium,Undead,,Not Provided,5,,,,,,,,,,,,,,,,ø,,,,Van Richten's Guide to Ravenloft,252,,,,,,,,,,,
Time Dragon Wyrmling,Medium,Dragon,,Neutral,5,,,,,,,,,,,,,,,,,,,x,Morte's Planar Parade,51,,,Wereraven,Medium,Humanoid,,Not Provided,2,,,,,,,,,,,ø,ø,ø,,ø,,,ø,,Van Richten's Guide to Ravenloft,253,Curse of Strahd 242,,,,,,,,,,
Timeless Chronomancer,Medium,Humanoid,Construct,Neutral,14,,x,,,,,,,,,,,,,,,,ø,ø,Monster a Day Compendium 2.0,20,,,Swarm of Zombie Limbs,Medium,Undead,,Not Provided,1,,,,,,,,,,,,,,,,,,ø,,Van Richten's Guide to Ravenloft,254,,,,,,,,,,,
Timingila,Gargantuan,Monstrosity,Titan,Neutral Evil,15,,,,,,,,,,,,,,,,,x,,,Tome of Beasts 2,349,,,Zombie Clot,Huge,Undead,,Not Provided,6,,,,,,,,,,,,,,,,,,ø,,Van Richten's Guide to Ravenloft,255,,,,,,,,,,,
Titanoboa,Gargantuan,Beast,,Unaligned,12,,,,,,,,,,,,,,,ø,,,,,Tome of Beasts,382,,,Zombie Plague Spreader,Medium,Undead,,Not Provided,4,,,,,,,,,,,,,,,,,,ø,,Van Richten's Guide to Ravenloft,255,,,,,,,,,,,
Titanothere,Huge,Beast,,Unaligned,5,,,,,,,,,,,,,,,,,,,,Bigby Presents: Glory of the Giants,185,,,Banderbobb,Large,Monstrosity,,Neutral Evil,5,,,,,,,,,,,,,,,,,,x,,Volo's Guide to Monsters,122,,,,,,,,,,,
Titivilus,Medium,Fiend,devil,Lawful Evil,16,,x,x,,x,,,,,,,,,,,,,,ø,Mordenkainen Presents: Monsters of the Multiverse,242,,,Barghest,Large,Fiend,Shapechanger,Neutral Evil,4,,x,,,,,,,,,x,x,x,x,,x,,,,Volo's Guide to Monsters,123,Tales from the Yawning Portal 230,,,,,,,,,,
Titivilus,Medium,Fiend,"Devil, Archdevil",Lawful Neutral,16,,x,x,,x,,,,,,,,,,,,,,ø,Mordenkainen's Tome of Foes,179,,,Death Kiss,Large,Aberration,Beholder,Neutral Evil,10,,,,,,,,,,,,,,,,x,,,,Volo's Guide to Monsters,124,,,,,,,,,,,
Tixie Tockworth,Small,Humanoid,Gnome,Chaotic Evil,7,,x,,,x,,,,,,,,,,,,,,,Keys from the Golden Vault,85,,,Bodak,Medium,Undead,,Chaotic Evil,6,,,,,,,,,,,,,,,x,x,,x,,Volo's Guide to Monsters,127,"Ghosts of Saltmarsh 231, Tomb of Annihilation 215",,,,,,,,,,
Tlacatecolo,Medium,Fiend,Demon,Neutral Evil,5,,,,,,,,,,,,,,,,,,,,Journeys Through the Radiant Citadel,65,,,Boggle,Small,Fey,,Chaotic Evil,1/8,,,,,,,,,,,x,,x,,,x,,,,Volo's Guide to Monsters,128,"Infernal Machine Rebuild 61, The Wild Beyond The Witchlight 229",,,,,,,,,,
Tlexolotl,Huge,Elemental,,Neutral,10,,,,,,,,,,,,,,,,,,,,Journeys Through the Radiant Citadel,119,,,Catoblepas,Large,Monstrosity,,Unaligned,5,,,,,,,,,,,,,,,x,,,,,Volo's Guide to Monsters,129,,,,,,,,,,,
Tlincalli,Large,Monstrosity,,Neutral,5,,,,,,,,,,x,,,,,,,,,,Mordenkainen Presents: Monsters of the Multiverse,243,Volo's Guide to Monsters 193,,Cave Fisher,Medium,Monstrosity,,Unaligned,3,,,,,,,,,,,,,,,,x,,,,Volo's Guide to Monsters,130,,,,,,,,,,,
Toad King,Medium,Fey,Shapechanger,Neutral,10,,x,,,x,,,,,,,,,,x,,,,,Tome of Beasts 2,22,,,Choldrith,Medium,Monstrosity,,Chaotic Evil,3,,x,,,,,,,,,,,,,,x,,,,Volo's Guide to Monsters,132,,,,,,,,,,,
Tomb Tapper,Huge,Construct,,Lawful Neutral,10,,,,,,,,,,,,,,,,x,,,,Icewind Dale: Rime of the Frostmaiden,310,,,Cranium Rat,Tiny,Beast,,Lawful Neutral,0,,,,,,ø,,,,,,,,,,x,,x,,Volo's Guide to Monsters,133,,,,,,,,,,,
Topaz Dragon Wyrmling,Medium,Dragon,Gem,Chaotic Neutral,2,,x,,,,,,,ø,,,,,,ø,,ø,,,Fizban's Treasury of Dragons,223,,,Swarm of Cranium Rats,Medium,Beast,Swarm,Lawful Neutral,5,,x,,,,,,,,,,,,,,x,,x,,Volo's Guide to Monsters,133,,,,,,,,,,,
Tophet,Huge,Construct,,Neutral Evil,8,,,,,,,,,,ø,,,,,,,,,,Tome of Beasts,283,,,Darkling,Small,Fey,,Chaotic Evil,1/2,,,,,,,,,,,x,,,,x,x,,x,,Volo's Guide to Monsters,134,,,,,,,,,,,
Topi,Small,Undead,,Chaotic Evil,1/2,,,,,,,,,,,ø,,,,,,,ø,,The Tortle Package,22,,,Darkling Elder,Medium,Fey,,Chaotic Evil,2,,,,,,,,,,,x,,,,x,x,,x,,Volo's Guide to Monsters,134,,,,,,,,,,,
Tormented Qiqirin,Large,Fiend,,Chaotic Evil,10,,,,,,,,x,,,,,,,,,,,,Tome of Beasts 2,302,,,Deep Scion,Medium,Humanoid,Shapechanger,Neutral Evil,3,,,,,,,,,x,,,,,,,,x,,,Volo's Guide to Monsters,135,Ghosts of Saltmarsh 233,,,,,,,,,,
Tortle,Medium,Humanoid,,Any,1/4,,,,,,,,,x,,,,,,,,,,,Mordenkainen Presents: Monsters of the Multiverse,244,,,Babau,Medium,Fiend,Demon,Chaotic Evil,4,,x,,,,,,,,,,,,,,x,,x,,Volo's Guide to Monsters,136,,,,,,,,,,,
Tortle,Medium,Humanoid,Tortle,Lawful Good,1/4,,,,,,,,,x,,,,,,,,,,,Mordenkainen's Tome of Foes,242,The Tortle Package 23,,Maw Demon,Medium,Fiend,Demon,Chaotic Evil,1,,,,,,,,,,,,,,,,x,,,,Volo's Guide to Monsters,137,Ghosts of Saltmarsh 243,,,,,,,,,,
Tortle Druid,Medium,Humanoid,,Any,2,,x,,,,,,,x,,,,,,,,,,,Mordenkainen Presents: Monsters of the Multiverse,244,,,Shoosuva,Large,Fiend,Demon,Chaotic Evil,8,,,,,,,,x,,,x,x,x,,,,,,,Volo's Guide to Monsters,137,,,,,,,,,,,
Tortle Druid,Medium,Humanoid,Tortle,Lawful Good,2,,,,,,,,,x,,,,,,,,,,,Mordenkainen's Tome of Foes,242,The Tortle Package 23,,Draegloth,Large,Fiend,Demon,Chaotic Evil,7,,x,,,,,,,,,,,,,,x,,,,Volo's Guide to Monsters,141,,,,,,,,,,,
Tosculi Drone,Small,Monstrosity,,Lawful Neutral,1/2,,,,,,,,,,,,,,,,,,,,Tome of Beasts,386,,,Firenewt Warrior,Medium,Humanoid,Firenewt,Neutral Evil,1/2,,,,,,,,,,x,,,x,x,,x,,,,Volo's Guide to Monsters,142,Tomb of Annihilation 219,,,,,,,,,,
Tosculi Elite Bow Raider,Medium,Monstrosity,,Lawful Neutral,5,,,,,,,,,,,,,,,,,,,,Tome of Beasts,386,,,Firenewt Giant Strider,Large,Monstrosity,Firenewt,Neutral Evil,1,,,,,,,,,,x,,,x,x,,x,,,,Volo's Guide to Monsters,143,,,,,,,,,,,
Tosculi Hive Queen,Large,Monstrosity,,Lawful Neutral,12,,,x,x,,,,,,,,,,,,,,,,Tome of Beasts,385,,,Firenewt Warlock of Imix,Medium,Humanoid,Firenewt,Neutral Evil,1,,x,,,,,,,,x,,,x,x,,x,,,,Volo's Guide to Monsters,143,Tomb of Annihilation 219,,,,,,,,,,
Tosculi Jeweled Drone,Small,Humanoid,Tosculi,Lawful Evil,4,,,,,,,,,,x,x,x,,,,,,,,Creature Codex,355,,,Flail Snail,Large,Elemental,,Unaligned,3,,,,,,,,,,,x,,,,x,x,,,,Volo's Guide to Monsters,144,Tomb of Annihilation 220,,,,,,,,,,
Tosculi Warrior,Small,Monstrosity,,Lawful Neutral,2,,,,,,,,,,,,,,,,,,,,Tome of Beasts,386,,,Froghemoth,Huge,Monstrosity,,Unaligned,10,,,,,,,,,,,,,,,x,x,,,,Volo's Guide to Monsters,145,Tomb of Annihilation 221,,,,,,,,,,
"Totivillus, Scribe of Hell",Medium,Fiend,Devil,Lawful Neutral,24,,x,x,,x,,,,,,,,,,,,,,ø,Tome of Beasts,101,,,Cloud Giant Smiling One,Huge,Giant,Cloud Giant,Chaotic Neutral,11,,x,,,,,,,,,,,,x,,,,,,Volo's Guide to Monsters,146,,,,,,,,,,,
Tower Hand,Medium,Humanoid,,Any,1/2,,,,,,,,,,,,,,,,,,,,Quests from the Infinite Staircase,217,,,Fire Giant Dreadnought,Huge,Giant,Fire Giant,Lawful Neutral,14,,,,,,,,,,,,,,x,,x,,,,Volo's Guide to Monsters,147,,,,,,,,,,,
Tower Sage,Medium,Humanoid,,Any,1,,x,,,,,,,,,,,,,,,,,,Quests from the Infinite Staircase,217,,,Storm Giant Quintessent,Huge,Giant,Storm Giant,Chaotic Good,16,,x,x,x,,,,x,x,x,,,,x,,,x,,,Volo's Guide to Monsters,151,Ghosts of Saltmarsh 255,,,,,,,,,,
Transcendent Lunarchidna,Medium,Aberration,,Neutral Evil,6,,x,,,,,,,,,x,,,,,,,,,Tome of Beasts 2,244,,,Flind,Medium,Humanoid,Gnoll,Chaotic Evil,9,,,,,,,,x,,,x,x,x,,,,,,,Volo's Guide to Monsters,153,,,,,,,,,,,
Transcendent Order Conduit,Small or Medium,Humanoid,,Any,8,,,,,,,,,,,,,,,,,,,x,Morte's Planar Parade,62,,,Gnoll Flesh Gnawer,Medium,Humanoid,Gnoll,Chaotic Evil,1,,,,,,,,x,,,x,x,x,,,,,,,Volo's Guide to Monsters,154,,,,,,,,,,,
Transcendent Order Instinct,Small or Medium,Humanoid,,Any,3,,,,,,,,,,,,,,,,,,,x,Morte's Planar Parade,62,,,Gnoll Hunter,Medium,Humanoid,Gnoll,Chaotic Evil,1/2,,,,,,,,x,,,x,x,x,,,,,,,Volo's Guide to Monsters,154,,,,,,,,,,,
Transmuter,Medium,Humanoid,Any Race,Any,5,,x,,,,,,,,,,,,,,,,x,,Volo's Guide to Monsters,218,Tales from the Yawning Portal 247,,Gnoll Witherling,Medium,Undead,Gnoll,Chaotic Evil,1/4,,,,,,,,x,,,x,x,x,,x,x,,x,,Volo's Guide to Monsters,155,,,,,,,,,,,
Transmuter Wizard,Medium,Humanoid,,Any,5,,x,,,,,,,,,,,,,,,,x,,Mordenkainen Presents: Monsters of the Multiverse,265,,,Grung,Small,Humanoid,Grung,Lawful Neutral,1/4,,,,,,,,,,,x,,,,,,,,,Volo's Guide to Monsters,156,Tomb of Annihilation 223,,,,,,,,,,
Trapper,Large,Monstrosity,,Unaligned,3,,,,,,,,,,,,,,,,x,,,,Mordenkainen Presents: Monsters of the Multiverse,245,,,Grung Elite Warrior,Small,Humanoid,Grung,Lawful Neutral,2,,,,,,,,,,,x,,,,,,,,,Volo's Guide to Monsters,157,Tomb of Annihilation 223,,,,,,,,,,
Trapper,Large,Monstrosity,,Unaligned,3,,,,,,,,,,,,,,,,,,,,Volo's Guide to Monsters,194,Infernal Machine Rebuild 88,,Grung Wildling,Small,Humanoid,Grung,Lawful Neutral,1,,x,,,,,,,,,x,,,,,,,,,Volo's Guide to Monsters,157,Tomb of Annihilation 224,,,,,,,,,,
Treacle,Tiny,Ooze,,Unaligned,1/4,,,,,,,,,,,,,,ø,ø,ø,,,,Tome of Beasts,387,,,Guard Drake,Medium,Dragon,,Unaligned,2,,,,,,,,x,,x,,,,x,x,x,,x,,Volo's Guide to Monsters,158,"Hoard of the Dragon Queen 91, Rise of Tiamat 90",,,,,,,,,,
Treant,Huge,Plant,,Chaotic Good,9,,,,,,,,,,,x,,,,,,,,,Monster Manual,289,Infernal Machine Rebuild 88,,Annis Hag,Large,Fey,Hag,Chaotic Evil,6,,x,,,,,,,,,,,x,x,,,,,,Volo's Guide to Monsters,159,,,,,,,,,,,
Treant Sapling,Large,Plant,,Chaotic Good,2,,,,,,,,,,,ø,,,,,,,,,The Wild Beyond The Witchlight,36,,,Bheur Hag,Medium,Fey,Hag,Chaotic Evil,7,,x,,,,,,x,,,,,,,,,,,,Volo's Guide to Monsters,160,,,,,,,,,,,
Tree Blight,Huge,Plant,,Neutral Evil,7,,,,,,,,,,,,,,,ø,,,,,Curse of Strahd,230,The Wild Beyond The Witchlight 84,,Hobgoblin Devastator,Medium,Humanoid,Goblinoid,Lawful Neutral,4,,x,,,,,,,,,x,x,x,,,x,,,,Volo's Guide to Monsters,161,,,,,,,,,,,
Tree Skinner,Medium,Fiend,,Chaotic Evil,2,,,,,,,,,,,x,,,,,,,,,Tome of Beasts 2,351,,,Hobgoblin Iron Shadow,Medium,Humanoid,Goblinoid,Lawful Neutral,2,,x,,,,,,,,,x,x,x,,,x,,,,Volo's Guide to Monsters,162,,,,,,,,,,,
Tressym,Tiny,Monstrosity,,Chaotic Neutral,0,,,,,,o,,,,,,,,,,,,,,Baldur's Gate: Descent into Avernus,241,"Infernal Machine Rebuild 89, Storm King's Thunder 242",,Ki-Rin,Huge,Celestial,,Lawful Good,12,,x,x,x,,,,,x,x,,x,,x,,,,,,Volo's Guide to Monsters,163,,,,,,,,,,,
Tri-Flower Frond,Medium,Plant,,Unaligned,1/2,,,,,,,,,,,x,,x,,x,,,,,Fifth Edition Foes,232,,,Kobold Dragonshield,Small,Humanoid,Kobold,Lawful Neutral,1,,,,,,,,,,,x,,x,x,,x,,,,Volo's Guide to Monsters,165,,,,,,,,,,,
Tri-Flower Frond,Medium,Plant,,Neutral,1/2,,,,,,,,,,,,,,,,,,,,Tomb of Annihilation,234,,,Kobold Scale Sorcerer,Small,Humanoid,Kobold,Lawful Neutral,1,,x,,,,,,,,,x,,x,x,,x,,x,,Volo's Guide to Monsters,167,,,,,,,,,,,
Tribal Warrior,Medium,Humanoid,Any Race,Any,1/8,,,,,,,,x,x,x,x,x,x,x,x,x,,,,Monster Manual,350,Rise of Tiamat Online Supplement 24,,Korred,Small,Fey,,Chaotic Neutral,7,,x,,,,,,,,,x,,,,,,,,,Volo's Guide to Monsters,168,,,,,,,,,,,
Tricenatorus,Huge,Monstrosity,Dinosaur,Unaligned,13,,,,,,,,,,,x,,,,,,,,,Tome of Beasts 2,109,,,Leucrotta,Large,Monstrosity,,Chaotic Evil,3,,,,,,,,,,x,,x,,,,,,,,Volo's Guide to Monsters,169,Tales from the Yawning Portal 239,,,,,,,,,,
Triceratops,Huge,Beast,Dinosaur,Unaligned,5,,,,,,,,,,,,x,,,,,,,,Monster Manual,80,,,Alhoon,Medium,Undead,Mindflayer,Any Evil,10,,x,,,,,,,,,,,,,,x,,,,Volo's Guide to Monsters,172,,,,,,,,,,,
Tridrone,Medium,Construct,Modron,Lawful Neutral,1/2,,,,,,,,,,,,,,,,,,,ø,Monster Manual,225,,,Mind Flayer Lich (Illithilich),Medium,Undead,Mindflayer,Any Evil,22,,x,x,,,,,,,,,,,,,,,,,Volo's Guide to Monsters,172,,,,,,,,,,,
Trinket,Large,Beast,brown bear,Not Provided,5,,,,,x,,,,,,,,,,,,,,,Tal'Dorei Campaign Setting Reborn,266,,,Elder Brain,Large,Aberration,,Lawful Neutral,14,,x,x,x,,,,,,,,,,,,x,,,,Volo's Guide to Monsters,174,,,,,,,,,,,
Triton Master of Waves,Medium,Humanoid,Triton,Neutral,8,,x,,,,,,,x,,,,,,,,x,,,Mythic Odysseys of Theros,245,,,Ulitharid,Large,Aberration,,Lawful Neutral,9,,x,,,,,,,,,,,,,,x,,,,Volo's Guide to Monsters,175,Waterdeep: Dungeon of the Mad Mage 316,,,,,,,,,,
Triton Shorestalker,Medium,Humanoid,Triton,Neutral Evil,2,,x,,,,,,,x,,,,,,,,x,,,Mythic Odysseys of Theros,244,,,Morkoth,Medium,Aberration,,Chaotic Evil,11,,x,,x,,,,,x,,,,,,,,x,,,Volo's Guide to Monsters,178,,,,,,,,,,,
Troglodyte,Medium,Humanoid,Troglodyte,Chaotic Evil,1/4,,,,,,,,,,,,,,,,x,,,,Monster Manual,290,,,Neogi Master,Medium,Aberration,,Lawful Neutral,4,,x,,,,,,,,,,,x,,,x,,,,Volo's Guide to Monsters,180,,,,,,,,,,,
Troglodyte Champion of Laogzed,Medium,Humanoid,Troglodyte,Chaotic Evil,3,,,,,,,,,,,,,,,,,,,,Out of the Abyss,229,,,Nilbog,Small,Humanoid,Goblinoid,Chaotic Evil,1,,x,,,,,,,,,x,,x,,,x,,,,Volo's Guide to Monsters,182,,,,,,,,,,,
Troll,Large,Giant,,Chaotic Evil,5,,,,,,,,x,,,x,,x,x,x,x,,,,Monster Manual,291,Rise of Tiamat Online Supplement 24,,Orc Blade of Ilneval,Medium,Humanoid,Orc,Chaotic Evil,4,,,,,,,,,,,x,x,x,x,,x,,,,Volo's Guide to Monsters,183,,,,,,,,,,,
Troll Amalgam,Gargantuan,Giant,,Chaotic Evil,17,,,x,,,,,,,,,,,,,,,,,Bigby Presents: Glory of the Giants,186,,,Orc Claw of Luthic,Medium,Humanoid,Orc,Chaotic Evil,2,,x,,,,,,,,,x,x,x,x,,x,,,,Volo's Guide to Monsters,183,,,,,,,,,,,
Troll Boar,Large,Monstrosity,,Chaotic Evil,3,,,,,,,,,,,ø,,,,,,,,,Monster a Day Compendium 2.0,211,,,Orc Hand of Yurtrus,Medium,Humanoid,Orc,Chaotic Evil,2,,x,,,,,,,,,x,x,x,x,,x,,,,Volo's Guide to Monsters,184,,,,,,,,,,,
Troll Mutate,Large,Giant,,Chaotic Evil,7,,,,,,,,,,,,,,,,,,,,Bigby Presents: Glory of the Giants,187,,,Orc Nurtured One of Yurtrus,Medium,Humanoid,Orc,Chaotic Evil,1/2,,,,,,,,,,,x,x,x,x,,x,,,,Volo's Guide to Monsters,184,,,,,,,,,,,
Troll Runt,Medium,Giant,Troll,Neutral Evil,4,,,,,,,,ø,,,ø,ø,ø,ø,ø,ø,,,,Monster a Day Compendium 2.0,143,,,Orc Red Fang of Shargaas,Medium,Humanoid,Orc,Chaotic Evil,3,,,,,,,,x,,,x,x,x,x,x,x,,,,Volo's Guide to Monsters,185,,,,,,,,,,,
Trollkin,Medium,Humanoid,Trollkin,Neutral,1,,,,,,,,x,x,x,x,x,x,x,x,x,x,x,,Tome of Beasts 2,352,,,Slithering Tracker,Medium,Ooze,,Chaotic Evil,3,,,,,,,,,,,,,,,,x,,x,,Volo's Guide to Monsters,191,Infernal Machine Rebuild 82,,,,,,,,,,
Trollkin Grunt,Medium,Humanoid,Trollkin,Neutral,2,,,,,,,,x,x,x,x,x,x,x,x,x,x,x,x,Creature Codex,357,,,Trapper,Large,Monstrosity,,Unaligned,3,,,,,,,,,,,,,,,,,,,,Volo's Guide to Monsters,194,Infernal Machine Rebuild 88,,,,,,,,,,
Trollkin Reaver,Medium,Humanoid,,Neutral,4,,,,,,,,ø,,,ø,,,ø,,,,,,Tome of Beasts,390,,,Vargouille,Tiny,Fiend,,Chaotic Evil,1,,,,,,,,,,x,,,,,x,x,,,,Volo's Guide to Monsters,195,,,,,,,,,,,
Trollkin Shaman,Medium,Humanoid,Trollkin,Neutral,4,,x,,,,,,x,x,x,x,x,x,x,x,x,x,x,x,Creature Codex,357,,,Wood Woad,Medium,Plant,,Lawful Neutral,5,,,,,,,,,,,x,,,,,,,,,Volo's Guide to Monsters,198,,,,,,,,,,,
Tromokratis,Gargantuan,Monstrosity,"Mythic, Titan",Any,26,,,x,,x,,,,x,,,,,,,,x,,,Mythic Odysseys of Theros,254,,,Xvart,Small,Humanoid,Xvart,Chaotic Evil,1/8,,,,,,,,,,,,,x,,,x,,,,Volo's Guide to Monsters,200,,,,,,,,,,,
Trostani,Large,Fey,,Neutral Good,18,,x,x,,x,,,,,,ø,,,,,,,,,Guildmaster's Guide to Ravnica,252,,,Xvart Warlock of Raxivort,Small,Humanoid,Xvart,Chaotic Evil,1,,x,,,,,,,,,,,x,,,x,,,,Volo's Guide to Monsters,200,,,,,,,,,,,
Truesong Dancer,Medium,Humanoid,Any Race,Chaotic Neutral,3,,,,,,,,,,,,,,,,,,ø,,Monster a Day Compendium 2.0,216,,,Yuan-Ti Anathema,Huge,Monstrosity,"Shapechanger, Yuan-Ti",Neutral Evil,12,,x,,,,,,,,x,x,,,,x,,,,,Volo's Guide to Monsters,202,,,,,,,,,,,
Truesong Dirge,Medium,Humanoid,Any Race,Chaotic Neutral,5,,,,,,,,,,,,,,,,,,ø,,Monster a Day Compendium 2.0,216,,,Yuan-Ti Broodguard,Medium,Humanoid,"Shapechanger, Yuan-Ti",Neutral Evil,2,,,,,,,,,,x,x,,,,x,,,,,Volo's Guide to Monsters,203,Tomb of Annihilation 238,,,,,,,,,,
Tsucora Quori,Medium,Aberration,,Lawful Evil,7,,x,,,,,,,,,,,,,,,,,x,Eberron: Rising from the Last War,307,,,Yuan-Ti Mind Whisperer,Medium,Monstrosity,"Shapechanger, Yuan-Ti",Neutral Evil,4,,x,,,,,,,,x,x,,,,x,,,,,Volo's Guide to Monsters,204,,,,,,,,,,,
Tulpa,Medium,Undead,,Neutral Evil,4,,,,,,,,x,x,x,x,x,x,x,x,x,x,x,x,Creature Codex,358,,,Yuan-Ti Nightmare Speaker,Medium,Monstrosity,"Shapechanger, Yuan-Ti",Neutral Evil,4,,x,,,,,,,,x,x,,,,x,,,,,Volo's Guide to Monsters,205,Tomb of Annihilation 239,,,,,,,,,,
Tunnel Prawn,Small,Beast,,Unaligned,1/8,,,,,,,,,,,,,,,,x,,,,Fifth Edition Foes,236,,,Yuan-Ti Pit Master,Medium,Monstrosity,"Shapechanger, Yuan-Ti",Neutral Evil,5,,x,,,,,,,,x,x,,,,x,,,,,Volo's Guide to Monsters,206,,,,,,,,,,,
Tunnel Worm,Huge,Monstrosity,,Unaligned,8,,,,,,,,,,,,,,,,x,,,,Fifth Edition Foes,237,,,Cow,Large,Beast,"Rothé, Deep Rothé, Ox",Unaligned,1/4,,,,,,,,,,,,x,,,,x,,x,,Volo's Guide to Monsters,207,,,,,,,,,,,
Tusk Giant,Large,Giant,,Chaotic Evil,4,,,,,,,,ø,,,,,ø,ø,,,,,,Monster a Day Compendium 2.0,217,,,Swarm of Rot Grubs,Medium,Beast,Swarm,Unaligned,1/2,,,,,,,,,,,,,,,x,x,,,,Volo's Guide to Monsters,208,Ghosts of Saltmarsh 255,,,,,,,,,,
Tuskaloth,Gargantuan,Beast,,Unaligned,10,,,,,,,,ø,,,,,,,,,,,,Monster a Day Compendium 2.0,218,,,Abjurer,Medium,Humanoid,Any Race,Any,9,,x,,,,,,,,,,,,,,,,x,,Volo's Guide to Monsters,209,,,,,,,,,,,
Tusked Crimson Ogre,Large,Giant,,Chaotic Evil,5,,,,,,,,,,,,x,x,,,,,,,Creature Codex,279,,,Apprentice Wizard,Medium,Humanoid,Any Race,Any,1/4,,x,,,,,,,,,,,,,,,,x,,Volo's Guide to Monsters,209,Waterdeep: Dragon Heist 194,,,,,,,,,,
Tusked Skyfish,Large,Aberration,,Lawful Good,4,,,,,,,,,ø,,,,,ø,,,,,,Tome of Beasts,391,,,Archdruid,Medium,Humanoid,Any Race,Any,12,,x,,,,,,x,x,x,x,x,x,x,x,,x,,,Volo's Guide to Monsters,210,,,,,,,,,,,
Tveirherjar,Medium,Undead,,Lawful Evil,7,,,,,,,,x,x,x,x,x,x,x,x,x,x,x,x,Creature Codex,359,,,Archer,Medium,Humanoid,Any Race,Any,3,,,,,,,,,,,x,,,,,,,x,,Volo's Guide to Monsters,210,Waterdeep: Dungeon of the Mad Mage 311,,,,,,,,,,
Twig Blight,Small,Plant,,Neutral Evil,1/8,,,,,,,,,,,x,,,,,,,,,Monster Manual,32,"Lost Mines of Phandelver 63, The Lost Dungeon of Rickedness: Big Rick Energy 43",,Bard,Medium,Humanoid,Any Race,Any,2,,x,,,,,,,,,,,,,,,,x,,Volo's Guide to Monsters,211,"Ghosts of Saltmarsh 231, Waterdeep: Dragon Heist 195",,,,,,,,,,
Two-Headed Cerberus,Medium,Monstrosity,,Lawful Evil,2,,,,,,,,,,,,,,,,ø,,,x,Mythic Odysseys of Theros,215,,,Blackguard,Medium,Humanoid,Any Race,Any Non-Good,8,,x,,,,,,,,,,,,,,x,,x,,Volo's Guide to Monsters,211,,,,,,,,,,,
Two-Headed Crocodile,Large,Beast,,Unaligned,1,,,,,,,,,,,,,,,,,,,,Infernal Machine Rebuild,89,,,Champion,Medium,Humanoid,Any Race,Any,9,,,,,,,,,,x,,,,,,,,x,,Volo's Guide to Monsters,212,"Tales from the Yawning Portal 231, Tomb of Annihilation 216, Waterdeep: Dungeon of the Mad Mage 312",,,,,,,,,,
Two-Headed Eagle,Huge,Monstrosity,,Unaligned,7,,,,,,,,,x,,,,x,x,,,,,,Creature Codex,360,,,Conjurer,Medium,Humanoid,Any Race,Any,6,,x,,,,,,,,,,,,,,,,x,,Volo's Guide to Monsters,212,Tales from the Yawning Portal 232,,,,,,,,,,
Two-Headed Owlbear,Large,Monstrosity,,Unaligned,3,,,,,,,,,,,,,,,,,,,,Infernal Machine Rebuild,90,,,Diviner,Medium,Humanoid,Any Race,Any,8,,x,,,,,,,,,,,,,,,,x,,Volo's Guide to Monsters,213,,,,,,,,,,,
Two-headed Troll,Large,Giant,,Chaotic Evil,6,,,,,,,,,,,,,x,x,,x,,,,Fifth Edition Foes,235,,,Enchanter,Medium,Humanoid,Any Race,Any,5,,x,,,,,,,,,,,,,,,,x,,Volo's Guide to Monsters,213,Tales from the Yawning Portal 234,,,,,,,,,,
Typhon,Huge,Monstrosity,,Chaotic Evil,15,,,,,,,,,,,,,,,,,,,x,Mythic Odysseys of Theros,246,,,Evoker,Medium,Humanoid,Any Race,Any,9,,x,,,,,,,,,,,,,,,,x,,Volo's Guide to Monsters,214,,,,,,,,,,,
"Typhon, Father of Monsters",Gargantuan,Fiend,"Demon, Demon Lord",Chaotic Evil,22,,x,x,x,x,,,,,,,,,,,,,,x,Creature Codex,80,,,Illusionist,Medium,Humanoid,Any Race,Any,3,,x,,,,,,,,,,,,,,,,x,,Volo's Guide to Monsters,214,Tales from the Yawning Portal 237,,,,,,,,,,
Tyrannosaurus Rex,Huge,Beast,Dinosaur,Unaligned,8,,,,,,,,,,,,x,,,,,,,,Monster Manual,80,,,Kraken Priest,Medium,Humanoid,Any Race,Any Evil,5,,x,,,,,,,x,,,,,,,,x,,,Volo's Guide to Monsters,215,Ghosts of Saltmarsh 240,,,,,,,,,,
Tyrannosaurus Zombie,Huge,Undead,Dinosaur,Unaligned,8,,,,,,,,,,,ø,ø,,,ø,,,,,Tomb of Annihilation,241,,,Martial Arts Adept,Medium,Humanoid,Any Race,Any,3,,,,,,,,,,,,,,,,,,x,,Volo's Guide to Monsters,216,"Tales from the Yawning Portal 240, Waterdeep: Dragon Heist 209",,,,,,,,,,
Tzepharion,Large,Fiend,Devil,Lawful Evil,8,,,,,,,,,,,,,,,,,,,x,Tome of Beasts 2,106,,,Master Thief,Medium,Humanoid,Any Race,Any,5,,,,,,,,,,,,,,,,,,x,,Volo's Guide to Monsters,216,Infernal Machine Rebuild 54,,,,,,,,,,
Udaak,Gargantuan,Fiend,,Neutral Evil,16,,,,,,,,,,,,x,x,,,,,,,Explorer's Guide to Wildemount,301,,,Necromancer,Medium,Humanoid,Any Race,Any,9,,x,,,,,,,,x,,,,,,,,x,,Volo's Guide to Monsters,217,Tales from the Yawning Portal 241,,,,,,,,,,
"Ulamog, the Ceaseless Hunger",Gargantuan,Aberration,Titan,Chaotic Evil,30,,x,x,,x,,,,,,,,,,,,,,ø,Monster a Day Compendium 2.0,219,,,Transmuter,Medium,Humanoid,Any Race,Any,5,,x,,,,,,,,,,,,,,,,x,,Volo's Guide to Monsters,218,Tales from the Yawning Portal 247,,,,,,,,,,
Ulitharid,Large,Aberration,mind flayer,Lawful Evil,9,,x,,,,,,,,,,,,,,x,,,,Mordenkainen Presents: Monsters of the Multiverse,249,,,War Priest,Medium,Humanoid,Any Race,Any,9,,x,,,,,,,,x,,,,,,,,x,,Volo's Guide to Monsters,218,,,,,,,,,,,
Ulitharid,Large,Aberration,,Lawful Neutral,9,,x,,,,,,,,,,,,,,x,,,,Volo's Guide to Monsters,175,Waterdeep: Dungeon of the Mad Mage 316,,Warlock of the Archfey,Medium,Humanoid,Any Race,Any,4,,x,,,,,,x,,,,,,x,x,,,x,,Volo's Guide to Monsters,219,,,,,,,,,,,
Ulnorya,Large,Aberration,,Neutral Evil,7,,,,,,,,,,,x,,,,,,,,,Tome of Beasts 2,353,,,Warlock of the Fiend,Medium,Humanoid,Any Race,Any,7,,x,,,,,,x,,x,,,,,,x,,x,,Volo's Guide to Monsters,219,Infernal Machine Rebuild 57,,,,,,,,,,
Ulthar Champion,Tiny,Beast,,Any,5,,x,,,,,,,,,,,,ø,,,,x,x,Sandy Petersen's Cthulhu Mythos,290,,,Warlock of the Great Old One,Medium,Humanoid,Any Race,Any,6,,x,,,,,,x,,,,,x,x,,x,,x,,Volo's Guide to Monsters,220,Infernal Machine Rebuild 58,,,,,,,,,,
Ultralisk,Gargantuan,Monstrosity,,Unaligned,23,,,x,,,,,,,,,,,ø,,ø,,,,Monster a Day Compendium 2.0,220,,,Ahmaergo,Medium,Humanoid,Dwarf,Lawful Neutral,9,,,,,x,,,,,,,,,,,,,ø,,Waterdeep: Dragon Heist,193,,,,,,,,,,,
Ultroloth,Medium,Fiend,Yugoloth,Neutral Evil,13,,x,,,,,,,,,,,,,,,,,ø,Monster Manual,314,,,Ammalia Cassalanter,Medium,Humanoid,Human,Lawful Neutral,5,,x,,,x,,,,,,,,,,,,,ø,,Waterdeep: Dragon Heist,193,,,,,,,,,,,
Umber Hulk,Large,Monstrosity,,Chaotic Evil,5,,,,,,,,,,,,,,,,x,,,,Monster Manual,292,Infernal Machine Rebuild 90,,Barnibus Blastwind,Medium,Humanoid,Human,Lawful Good,2,,x,,,x,,,,,,,,,,,,,ø,,Waterdeep: Dragon Heist,195,,,,,,,,,,,
Umbral,Medium,Fiend,Vampire,Chaotic Evil,7,,x,,,,,,,,,,,,,,,,ø,ø,Tome of Beasts,397,,,Black Viper,Medium,Humanoid,Human,Chaotic Neutral,5,,,,,x,,,,,,,,,,,,,ø,,Waterdeep: Dragon Heist,196,,,,,,,,,,,
Un-Man,Medium,Ooze,,Any,1,,,,,,,,,,,,,,,,x,,,,Sandy Petersen's Cthulhu Mythos,387,,,Griffon Cavalry Rider,Medium,Humanoid,Any Race,Any,2,,,,,,,,,,,,,,,,,,ø,,Waterdeep: Dragon Heist,197,,,,,,,,,,,
Undead Phoenix,Huge,Undead,,Chaotic Evil,12,,,,,,,,x,x,x,x,x,x,x,x,x,x,x,x,Creature Codex,361,,,Davil Starson,Medium,Humanoid,Elf,Neutral,6,,x,,,x,,,,,,,,,,,,,ø,,Waterdeep: Dragon Heist,199,,,,,,,,,,,
Undead Sharkenbear,Huge,Undead,,Unaligned,5,,,,,,,,,,,ø,,ø,,,,ø,,,Monster a Day Compendium 2.0,221,,,Istrid Horn,Medium,Humanoid,Dwarf,Neutral Evil,8,,x,,,x,,,,,,,,,,,,,ø,,Waterdeep: Dragon Heist,199,,,,,,,,,,,
Undead Warchief,Large,Undead,,Lawful Neutral,12,,,,,,,,,,,,,,,,ø,,ø,,Monster a Day Compendium 2.0,222,,,Skeemo Weirdbottle,Small,Humanoid,Gnome,Neutral Evil,6,,x,,,x,,,,,,,,,,,,,ø,,Waterdeep: Dragon Heist,200,,,,,,,,,,,
Undercity Medusa,Medium,Monstrosity,,Neutral Evil,6,,x,,,,,,,,,,,,,,ø,,ø,,Guildmaster's Guide to Ravnica,222,,,Tashlyn Yafeera,Medium,Humanoid,Human,Neutral,9,,,,,x,,,,,,,,,,,,,ø,,Waterdeep: Dragon Heist,200,,,,,,,,,,,
Underworld Cerberus,Large,Monstrosity,,Lawful Evil,6,,,,,,,,,,,,,,,,ø,,,x,Mythic Odysseys of Theros,215,,,Drow Gunslinger,Medium,Humanoid,Elf,Any,4,,x,,,,,,,,,,,,,,,,ø,,Waterdeep: Dragon Heist,201,,,,,,,,,,,
Undine,Medium,Fey,Shapechanger,Chaotic Neutral,5,,x,,,,,,,x,,,,,,,,x,,,Creature Codex,362,,,Ziraj the Hunter,Medium,Humanoid,Half-Orc,Neutral Evil,8,,x,,,x,,,,,,,,,,,,,ø,,Waterdeep: Dragon Heist,201,,,,,,,,,,,
Undying Councilor,Medium,Undead,,Neutral Good,10,,x,x,,,,,,,,,,,,,,,ø,,Eberron: Rising from the Last War,311,,,Durnan,Medium,Humanoid,Human,Neutral,9,,,,,x,,,,,,,,,,,,,ø,,Waterdeep: Dragon Heist,203,,,,,,,,,,,
Undying Soldier,Medium,Undead,,Neutral Good,2,,,,,,,,,,,,,,,,,,ø,,Eberron: Rising from the Last War,311,,,Hlam,Medium,Humanoid,Human,Lawful Good,16,,x,x,,x,,,,,,,,,,,,,ø,,Waterdeep: Dragon Heist,204,,,,,,,,,,,
Unhatched,Small,Undead,,Chaotic Evil,4,,x,,,,,,x,x,x,x,x,x,x,x,x,x,x,x,Creature Codex,363,,,Hrabbaz,Medium,Humanoid,Half-Orc,Neutral Evil,5,,,,,x,,,,,,,,,,,,,ø,,Waterdeep: Dragon Heist,205,,,,,,,,,,,
Unicorn,Large,Celestial,,Lawful Good,5,,x,x,x,,,,,,,x,,,,,,,,,Monster Manual,294,Infernal Machine Rebuild 91,,Jalester Silvermane,Medium,Humanoid,Human,Lawful Good,4,,,,,x,,,,,,,,,,,,,ø,,Waterdeep: Dragon Heist,205,,,,,,,,,,,
Unspeakable Horror,Huge,Monstrosity,,Not Provided,8,,,,,,,,,,,,,,,,,,,ø,Van Richten's Guide to Ravenloft,250,,,Jarlaxle Baenre,Medium,Humanoid,Elf,Chaotic Neutral,15,,x,x,,x,,,,,,,,,,,,,ø,,Waterdeep: Dragon Heist,206,,,,,,,,,,,
Uraeus,Tiny,Celestial,,Lawful Neutral,2,,,,,,,,,,,,,,,,,,,ø,Tome of Beasts,392,,,Laeral Silverhand,Medium,Humanoid,Human,Chaotic Good,17,,x,,,x,,,,,,,,,,,,,ø,,Waterdeep: Dragon Heist,207,,,,,,,,,,,
Urbane Magician,Medium,Humanoid,Any race,Any Chaotic or Evil,3,,x,,,,,,,,,,,,,,,,x,,Sandy Petersen's Cthulhu Mythos,406,,,Manshoon,Medium,Humanoid,Human,Lawful Neutral,13,,x,,,x,,,,,,,,,,,,,ø,,Waterdeep: Dragon Heist,209,,,,,,,,,,,
Urdimmu,Large,Celestial,,Lawful Good,14,,x,,,,,,,,,,,,,,,,,x,Tome of Beasts 2,19,,,Meloon Wardragon,Medium,Humanoid,Human,Neutral Evil,9,,,,,x,,,,,,,,,,,,,ø,,Waterdeep: Dragon Heist,210,,,,,,,,,,,
Urochar (strangling Watcher),Huge,Aberration,,Chaotic Evil,17,,x,x,,,,,,,,,,,,,ø,,,,Tome of Beasts,393,,,Mirt,Medium,Humanoid,Human,Chaotic Good,9,,,,,x,,,,,,,,,,,,,ø,,Waterdeep: Dragon Heist,211,,,,,,,,,,,
Ursa Polaris,Large,Monstrosity,,Neutral Evil,7,,,,,,,,x,,,,,,,,,,,,Creature Codex,364,,,Nimblewright,Medium,Construct,,Unaligned,4,,,,,,,,,,,,,,,,,,ø,,Waterdeep: Dragon Heist,212,,,,,,,,,,,
Ushabti,Large,Construct,,Unaligned,9,,,,,,,,,,ø,,,,,,,,,,Tome of Beasts,394,,,Remallia Haventree,Medium,Humanoid,Elf,Chaotic Good,9,,x,,,x,,,,,,,,,,,,,ø,,Waterdeep: Dragon Heist,214,,,,,,,,,,,
Uthgardt Shaman,Medium,Humanoid,Human,Neutral Evil,2,,x,,,,,,,,,,,,,,,,,,Storm King's Thunder,243,,,Varjra Safahr,Medium,Humanoid,Human,Lawful Neutral,13,,x,,,x,,,,,,,,,,,,,ø,,Waterdeep: Dragon Heist,217,,,,,,,,,,,
Vaettir,Medium,Undead,,Lawful Neutral,4,,x,,,,,,ø,ø,,,,,ø,,,ø,,,Tome of Beasts,395,,,Victoro Cassalanter,Medium,Humanoid,Half-Elf,Lawful Neutral,10,,x,,,x,,,,,,,,,,,,,ø,,Waterdeep: Dragon Heist,218,,,,,,,,,,,
Valaara,Medium,Aberration,Daelkyr,Neutral Evil,23,,,x,x,x,,,,,,,,,,,,,,x,DM's Guild: Exploring Eberron,235,,,"Volothamp ""Volo"" Geddarm",Medium,Humanoid,Human,Chaotic Good,1/4,,x,,,x,,,,,,,,,,,,,ø,,Waterdeep: Dragon Heist,218,Tomb of Annihilation 235,,,,,,,,,,
Valenar Hawk,Tiny,Fey,,Neutral,1/8,,,,,,,,,,,ø,,,,,,,,ø,Eberron: Rising from the Last War,312,,,Walking Statue of Waterdeep,Gargantuan,Construct,,Unaligned,18,,,,,,,,,,,,,,,,,,ø,,Waterdeep: Dragon Heist,219,,,,,,,,,,,
Valenar Hound,Medium,Fey,,Neutral,1/2,,,,,,,,,,,ø,,,,,,,,ø,Eberron: Rising from the Last War,312,,,Halaster Blackcloak,Medium,Humanoid,Human,Chaotic Evil,23,,x,x,x,x,,,,,,,,,,,ø,,,,Waterdeep: Dungeon of the Mad Mage,310,,,,,,,,,,,
Valenar Steed,Large,Fey,,Neutral,1/2,,,,,,,,,,,ø,,,,,,,,ø,Eberron: Rising from the Last War,312,,,Lava Child,Medium,Humanoid,Lava Child,Neutral,3,,,,,,,,,,,,,,,,ø,,,,Waterdeep: Dungeon of the Mad Mage,313,,,,,,,,,,,
Valin Sarnaster,Medium,Undead,,Lawful Evil,16,,x,x,x,x,,,,,x,,,,,,,,,,Candlekeep Mysteries,182,,,Living Inseen Servant,Medium,Construct,,Unaligned,0,,,,,,,,,,,,,,,,ø,,,,Waterdeep: Dungeon of the Mad Mage,313,,,,,,,,,,,
Valkruung,Tiny,Monstrosity,,Chaotic Neutral,1/2,,,,,,,,,,,x,x,,,x,,,x,,Tome of Beasts 2,355,,,Muiral,Large,Monstrosity,,Chaotic Evil,13,,x,x,,,,,,,,,,,,,ø,,,,Waterdeep: Dungeon of the Mad Mage,314,,,,,,,,,,,
Valkyrie,Medium,Celestial,,Neutral,11,,x,x,,,,,,,,,,,,,,,,ø,Tome of Beasts,396,,,Scaladar,Huge,Construct,,Unaligned,8,,,,,,,,,,,,,,,,ø,,,,Waterdeep: Dungeon of the Mad Mage,315,,,,,,,,,,,
Vallowex,Large,Aberration,,Chaotic Neutral,7,,,,,,,,,,,x,,,,x,,,,,Tome of Beasts 2,356,,,Shadow Assassin,Medium,Undead,,Chaotic Evil,9,,,,,,,,,,,,,,,,ø,,,,Waterdeep: Dungeon of the Mad Mage,316,,,,,,,,,,,
Valygar,Medium,Humanoid,Human,Neutral Good,9,,,,,x,,,,,,,,,,,,,x,,Minsc and Boo's Journal of Villainy,36,,,Werebat,Small,Humanoid,"Goblin, Shapechanger",Neutral Evil,2,,,,,,,,,,,,,,,,ø,,,,Waterdeep: Dungeon of the Mad Mage,317,,,,,,,,,,,
Vampirate,Medium,Undead,,Lawful Evil,2,,,,,,,,,,,,,,,,,,,,Boo's Astral Menagerie,62,,,Bag Jelly,Medium,Ooze,,Unaligned,1,,,,,,,,,,,,,,,,,,,,Bigby Presents: Glory of the Giants,120,,,,,,,,,,,
Vampirate Captain,Medium,Undead,,Lawful Evil,6,,,,,,,,,,,,,,,,,,,,Boo's Astral Menagerie,63,,,Barrowghast,Huge,Undead,,Chaotic Evil,7,,,,,,,,,,,,,,,,,,,,Bigby Presents: Glory of the Giants,121,,,,,,,,,,,
Vampirate Mage,Medium,Undead,,Lawful Evil,5,,x,,,,,,,,,,,,,,,,,,Boo's Astral Menagerie,63,,,Cairnwight,Huge,Undead,,Neutral,9,,,,,,,,,,,,,,,,,,,,Bigby Presents: Glory of the Giants,122,,,,,,,,,,,
Vampire,Medium,Undead,"Shapechanger, Vampire",Lawful Neutral,13,,,x,x,,,,,,,,,,,,,,x,,Monster Manual,297,Rise of Tiamat Online Supplement 25,,Cinder Hulk,Large,Elemental,,Chaotic Evil,7,,,,,,,,,,,,,,,,,,,,Bigby Presents: Glory of the Giants,123,,,,,,,,,,,
Vampire (spellcaster),Medium,Undead,"Shapechanger, Vampire",Lawful Neutral,15,,x,x,x,,,,,,,,,,,,,,x,,Monster Manual,297,,,Cloud Giant Destiny Gambler,Huge,Giant,Bard,Any,19,,x,,,,,,,,,,,,,,,,,,Bigby Presents: Glory of the Giants,124,,,,,,,,,,,
Vampire (warrior),Medium,Undead,"Shapechanger, Vampire",Lawful Neutral,15,,,x,x,,,,,,,,,,,,,,x,,Monster Manual,297,,,Cloud Giant of Evil Air,Huge,Giant,,Neutral Evil,12,,x,,,,,,,,,,,,,,,,,,Bigby Presents: Glory of the Giants,125,,,,,,,,,,,
Vampire Neonate,Medium,Undead,,Neutral Evil,5,,,,,,,,,,,,,,,,,,ø,,Planeshift: Innistrad,17,,,Death Giant Reaper,Huge,Giant,,Any,12,,,,,,,,,,,,,,,,,,,,Bigby Presents: Glory of the Giants,126,,,,,,,,,,,
Vampire Patrician,Medium,Undead,,Lawful Evil,10,,,,,,,,,,,,,,,,,,x,,Creature Codex,365,,,Death Giant Shrouded One,Huge,Giant,Wizard,Any,15,,x,,,,,,,,,,,,,,,,,,Bigby Presents: Glory of the Giants,127,,,,,,,,,,,
Vampire Priestess,Medium,Undead,,Lawful Evil,8,,x,,,,,,,,,,,,,,,,x,,Creature Codex,367,,,Aerosaur,Gargantuan,Monstrosity,,Unaligned,10,,,,,,,,,,,,,,,,,,,,Bigby Presents: Glory of the Giants,128,,,,,,,,,,,
Vampire Rose,Small,Plant,,Unaligned,1/4,,,,,,,,,,,x,x,x,,,,,,,Fifth Edition Foes,238,,,Altisaur,Gargantuan,Monstrosity,,Unaligned,13,,,,,,,,,,,,,,,,,,,,Bigby Presents: Glory of the Giants,129,,,,,,,,,,,
Vampire Spawn,Medium,Undead,"Shapechanger, Vampire",Neutral Evil,5,,,,,,,,,,,,,,,,x,,x,,Monster Manual,298,Rise of Tiamat Online Supplement 24,,Ceratops,Gargantuan,Monstrosity,,Unaligned,9,,,,,,,,,,,,,,,,,,,,Bigby Presents: Glory of the Giants,129,,,,,,,,,,,
Vampire Thrall,Medium,Humanoid,Any Race,Any Non-Good,2,,,,,,,,x,x,x,x,x,x,x,x,x,x,x,x,Creature Codex,368,,,Regisaur,Gargantuan,Monstrosity,,Unaligned,14,,,,,,,,,,,,,,,,,,,,Bigby Presents: Glory of the Giants,130,,,,,,,,,,,
Vampire Warlock,Medium,Humanoid,Any Race,Neutral,7,,x,,,,,,,,,,,,,,,,ø,,Tome of Beasts,245,,,Dust Hulk,Large,Elemental,,Chaotic Neutral,5,,,,,,,,,,,,,,,,,,,,Bigby Presents: Glory of the Giants,131,,,,,,,,,,,
Vampiric Ixitxachitl,Medium,Aberration,,Chaotic Evil,2,,,,,,,,,,,,,,,,,,ø,,Out of the Abyss,226,,,Echo of Demogorgon,Large,Fiend,Demon,Chaotic Evil,6,,,,,,,,,,,,,,,,,,,,Bigby Presents: Glory of the Giants,132,,,,,,,,,,,
Vampiric Ixitxachitl Cleric,Medium,Aberration,,Chaotic Evil,2,,x,,,,,,,,,,,,,,,,ø,,Out of the Abyss,226,,,Ettin Ceremorph,Large,Aberration,,Lawful Evil,8,,,,,,,,,,,,,,,,,,,,Bigby Presents: Glory of the Giants,133,,,,,,,,,,,
Vampiric Jade Statue,Large,Construct,,Unaligned,8,,,x,,x,,,,,,,,,,,,,,,Ghosts of Saltmarsh,256,,,Fensir Devourer,Huge,Celestial,,Chaotic Neutral,8,,,,,,,,,,,,,,,,,,,,Bigby Presents: Glory of the Giants,135,,,,,,,,,,,
Vampiric Knight,Medium,Undead,,Neutral Evil,11,,,,,,,,x,x,x,x,x,x,x,x,x,x,x,x,Creature Codex,369,,,Fensir Skirmisher,Large,Giant,,Any,6,,x,,,,,,,,,,,,,,,,,,Bigby Presents: Glory of the Giants,135,,,,,,,,,,,
Vampiric Mind Flayer,Medium,Undead,,Not Provided,5,,,,,,,,,,,,,,,,ø,,,,Van Richten's Guide to Ravenloft,252,,,Firbolg Primeval Warden,Medium,Humanoid,Druid,Any,4,,x,,,,,,,,,,,,,,,,,,Bigby Presents: Glory of the Giants,136,,,,,,,,,,,
Vampiric Mist,Medium,Undead,,Chaotic Evil,3,,,,,,,,x,x,,x,x,,x,x,x,,x,,Mordenkainen Presents: Monsters of the Multiverse,250,"Mordenkainen's Tome of Foes 246, Tales from the Yawning Portal 247",,Firbolg Wanderer,Medium,Humanoid,Cleric,Any,5,,x,,,,,,,,,,,,,,,,,,Bigby Presents: Glory of the Giants,137,,,,,,,,,,,
Vanara,Medium,Humanoid,Simian,Neutral Good,2,,,,,,,,,,,x,,,,,,,,,Creature Codex,338,,,Firegaunt,Huge,Undead,,Lawful Evil,11,,,,,,,,,,,,,,,,,,,,Bigby Presents: Glory of the Giants,137,,,,,,,,,,,
Vangsluagh,Medium,Aberration,,Chaotic Evil,4,,,,,,,,,,,,,x,,,,,,,Tome of Beasts 2,359,,,Fire Giant Forgecaller,Huge,Giant,Cleric,Any,18,,,x,,,,,,,,,,,,,,,,,Bigby Presents: Glory of the Giants,138,,,,,,,,,,,
Vanifer,Medium,Humanoid,Tiefling,Neutral Evil,9,,x,,,x,,,,,,,,,,,,,,,Princes of the Apocalypse,203,,,Fire Giant of Evil Fire,Huge,Giant,,Lawful Evil,10,,,,,,,,,,,,,,,,,,,,Bigby Presents: Glory of the Giants,139,,,,,,,,,,,
Vanifer (with Lair Actions),Medium,Humanoid,Tiefling,Neutral Evil,12,,x,,x,x,,,,,,,,,,,,,ø,,Princes of the Apocalypse,203,,,Fire Hellion,Huge,Fiend,Devil,Lawful Evil,11,,,,,,,,,,,,,,,,,,,,Bigby Presents: Glory of the Giants,140,,,,,,,,,,,
Vapor Lynx,Large,Monstrosity,,Chaotic Neutral,5,,x,,,,,,,,,,,,,,,,,,Tome of Beasts,398,,,Flesh Colossus,Gargantuan,Construct,,Unaligned,20,,,,,,,,,,,,,,,,,,,,Bigby Presents: Glory of the Giants,141,,,,,,,,,,,
Var-Tolai Priest,Medium,Humanoid,Elf,Lawful Neutral,10,,x,,,,,,,,,,,,,,,,,x,DM's Guild: Chronicles of Eberron,117,,,Fomorian Deep Crawler,Huge,Giant,,Any,10,,,,,,,,,,,,,,,,,,,,Bigby Presents: Glory of the Giants,142,,,,,,,,,,,
Vargouille,Tiny,Fiend,,Chaotic Evil,1,,,,,,,,,,x,,,,,x,x,,,,Mordenkainen Presents: Monsters of the Multiverse,251,,,Fomorian Noble,Huge,Giant,Wizard,Chaotic Evil,15,,x,,,,,,,,,,,,,,,,,,Bigby Presents: Glory of the Giants,143,,,,,,,,,,,
Vargouille,Tiny,Fiend,,Chaotic Evil,1,,,,,,,,,,x,,,,,x,x,,,,Volo's Guide to Monsters,195,,,Fomorian Warlock of the Dark,Huge,Giant,,Any,12,,x,x,,,,,,,,,,,,,,,,,Bigby Presents: Glory of the Giants,144,,,,,,,,,,,
Vargouille Reflection,Tiny,Fiend,,Chaotic Evil,1,,,,,,,,,,,,,,,,,,,x,Morte's Planar Parade,52,,,Frost Giant Ice Shaper,Huge,Giant,Cleric,Any,17,,,x,,,,,,,,,,,,,,,,,Bigby Presents: Glory of the Giants,145,,,,,,,,,,,
Varjra Safahr,Medium,Humanoid,Human,Lawful Neutral,13,,x,,,x,,,,,,,,,,,,,ø,,Waterdeep: Dragon Heist,217,,,Frost Giant of Evil Water,Huge,Giant,,Neutral Evil,11,,,,,,,,,,,,,,,,,,,,Bigby Presents: Glory of the Giants,146,,,,,,,,,,,
Varnoth,Medium,Humanoid,Human,Neutral Good,2,,,,,x,,,,,,,,,,,,,,,Dragons of Stormwreck Isle,47,,,Frostmourn,Huge,Undead,,Neutral Evil,10,,,,,,,,,,,,,,,,,,,,Bigby Presents: Glory of the Giants,147,,,,,,,,,,,
Varnyr,Medium,Humanoid,Elf,Chaotic Good,1/8,,,,,x,,,,,,,,,,,,,x,,Candlekeep Mysteries,63,,,Fury of Kostchtchie,Huge,Fiend,Demon,Chaotic Evil,14,,,,,,,,,,,,,,,,,,,,Bigby Presents: Glory of the Giants,148,,,,,,,,,,,
Vecna the Archlich,Medium,Undead,Wizard,Lawful Evil,26,,x,x,,x,,,,,,,,,,,,,,,Vecna: Eve of Ruin,254,,,Gargantua,Gargantuan,Aberration,,Chaotic Neutral,21,,x,,,,,,,,,,,,,,,,,,Bigby Presents: Glory of the Giants,149,,,,,,,,,,,
Vegepygmy,Small,Plant,,Neutral,1/4,,,,,,,,,,,x,,,,x,,,,,Mordenkainen Presents: Monsters of the Multiverse,252,"Volo's Guide to Monsters 196, Tomb of Annihilation 234",,Giant Goose,Large,Fey,,Neutral,3,,,,,,,,,,,,,,,,,,,,Bigby Presents: Glory of the Giants,150,,,,,,,,,,,
Vegepygmy Chief,Small,Plant,Fungus,Unaligned,3,,,,,,,,,,,x,,,,x,x,,,,Fifth Edition Foes,239,,,Giant Lynx,Medium,Fey,,Neutral,1/2,,,,,,,,,,,,,,,,,,,,Bigby Presents: Glory of the Giants,151,,,,,,,,,,,
Vegepygmy Chief,Small,Plant,,Neutral,2,,,,,,,,,,,x,,,,x,,,,,Mordenkainen Presents: Monsters of the Multiverse,253,"Volo's Guide to Monsters 197, Tomb of Annihilation 235",,Giant Ox,Huge,Fey,,Unaligned,3,,,,,,,,,,,,,,,,,,,,Bigby Presents: Glory of the Giants,152,,,,,,,,,,,
Vegepygmy Commoner/Worker,Small,Plant,Fungus,Unaligned,1/8,,,,,,,,,,,x,,,,x,x,,,,Fifth Edition Foes,239,,,Giant Ram,Large,Fey,,Unaligned,1,,,,,,,,,,,,,,,,,,,,Bigby Presents: Glory of the Giants,153,,,,,,,,,,,
Vegepygmy Guard,Small,Plant,Fungus,Unaligned,1/2,,,,,,,,,,,x,,,,x,x,,,,Fifth Edition Foes,239,,,Giant Tick,Medium,Monstrosity,,Unaligned,2,,,,,,,,,,,,,,,,,,,,Bigby Presents: Glory of the Giants,153,,,,,,,,,,,
Vegepygmy Moldmaker,Small,Plant,,Neutral,3,,,,,,,,,,,,,,,,,,,,Quests from the Infinite Staircase,218,,,Gigant,Gargantuan,Monstrosity,,Unaligned,20,,,,,,,,,,,,,,,,,,,,Bigby Presents: Glory of the Giants,154,,,,,,,,,,,
Vegepygmy Scavenger,Small,Plant,,Neutral,1/4,,,,,,,,,,,,,,,,,,,,Quests from the Infinite Staircase,218,,,Goliath Giant-Kin,Medium,Humanoid,,Any,3,,,,,,,,,,,,,,,,,,,,Bigby Presents: Glory of the Giants,155,,,,,,,,,,,
Vegepygmy Thorny Hunter,Medium,Plant,,Unaligned,2,,,,,,,,,,,,,,,,,,,,Quests from the Infinite Staircase,219,,,Grinning Cat,Large,Fey,,Chaotic Neutral,1,,,,,,,,,,,,,,,,,,,,Bigby Presents: Glory of the Giants,156,,,,,,,,,,,
Vellin Farstride,Small,Humanoid,Halfling,Neutral Good,9,,,,,x,,,,,,,,,,,,,ø,,Minsc and Boo's Journal of Villainy,62,,,Hill Giant Avalancher,Huge,Giant,Druid,Any,12,,x,x,,,,,,,,,,,,,,,,,Bigby Presents: Glory of the Giants,157,,,,,,,,,,,
Vellso,Medium,Fiend,Demon,Chaotic Evil,7,,,,,,,,,,,,,,,,,,,x,Creature Codex,92,,,Lightning Hulk,Large,Elemental,,Chaotic Neutral,9,,,,,,,,,,,,,,,,,,,,Bigby Presents: Glory of the Giants,158,,,,,,,,,,,
Vellyne Harpell,Medium,Humanoid,Human,Neutral,4,,x,,,x,,,,,,,,,,,,,,,Icewind Dale: Rime of the Frostmaiden,274,,,Maw of Yeenoghu,Huge,Fiend,Demon,Chaotic Evil,10,,,,,,,,,,,,,,,,,,,,Bigby Presents: Glory of the Giants,159,,,,,,,,,,,
Velociraptor,Tiny,Beast,dinosaur,Unaligned,1/4,,,,,,,,,,,x,x,,,,,,,,Mordenkainen Presents: Monsters of the Multiverse,96,"Volo's Guide to Monsters 140, Tomb of Annihilation 235",,Mist Hulk,Large,Elemental,,Chaotic Neutral,6,,,,,,,,,,,,,,,,,,,,Bigby Presents: Glory of the Giants,160,,,,,,,,,,,
Velomachus Lorehold,Gargantuan,Dragon,Wizard,Lawful Neutral,25,,x,x,,x,,,,,,,,,,,,,,,Strixhaven: A Cirriculum of Chaos,219,,,Mud Hulk,Large,Elemental,,Chaotic Evil,3,,,,,,,,,,,,,,,,,,,,Bigby Presents: Glory of the Giants,161,,,,,,,,,,,
Venom Elemental,Large,Elemental,,Neutral,4,,,,,,,,x,x,x,x,x,x,x,x,x,x,x,x,Creature Codex,140,,,Rime Hulk,Large,Elemental,,Neutral Evil,5,,,,,,,,,,,,,,,,,,,,Bigby Presents: Glory of the Giants,162,,,,,,,,,,,
Venom Maw Hydra,Huge,Monstrosity,,Unaligned,12,,,x,,,,,,,,,,,,x,,,,,Creature Codex,370,,,Runic Colossus,Gargantuan,Construct,,Unaligned,21,,,,,,,,,,,,,,,,,,,,Bigby Presents: Glory of the Giants,163,,,,,,,,,,,
Venom Troll,Large,Giant,,Chaotic Evil,5,,,,,,,,,,,,,,,ø,ø,,,,Monster a Day Compendium 2.0,212,,,Cradle of the Hill Scion,Gargantuan,Elemental,,Chaotic Evil,22,,,x,,,,,,,,,,,,,,,,,Bigby Presents: Glory of the Giants,164,,,,,,,,,,,
Venom Troll,Large,Giant,,Chaotic Evil,7,,,,,,,,,,,x,,,,x,x,,,,Mordenkainen Presents: Monsters of the Multiverse,248,Mordenkainen's Tome of Foes 245,,Scion of Grolantor,Gargantuan,Giant,Titan,Chaotic Evil,22,,,x,,,,,,,,,,,,,,,,,Bigby Presents: Glory of the Giants,165,,,,,,,,,,,
Venomous Mummy,Medium,Undead,Mummy,Lawful Neutral,3,,,,,,,,,,ø,,,,,ø,,,,,Tome of Beasts,299,,,Cradle of the Cloud Scion,Gargantuan,Elemental,,Chaotic Neutral,26,,,x,,,,,,,,,,,,,,,,,Bigby Presents: Glory of the Giants,166,,,,,,,,,,,
Vent Linnorm,Gargantuan,Dragon,,Neutral Evil,16,,,,,,,,,,,,,,,,,x,,,Tome of Beasts 2,239,,,Scion of Memnor,Gargantuan,Giant,Titan,Chaotic Neutral,26,,,x,,,,,,,,,,,,,,,,,Bigby Presents: Glory of the Giants,167,,,,,,,,,,,
Verbeeg Longstrider,Large,Giant,,Neutral,5,,x,,,,,,ø,,,,,ø,ø,,,,,,Icewind Dale: Rime of the Frostmaiden,311,,,Cradle of the Stone Scion,Gargantuan,Elemental,,Neutral,23,,,x,,,,,,,,,,,,,,,,,Bigby Presents: Glory of the Giants,168,,,,,,,,,,,
Verbeeg Marauder,Large,Giant,,Neutral Evil,4,,,,,,,,ø,,,,,ø,ø,,,,,,Icewind Dale: Rime of the Frostmaiden,311,,,Scion of Skoraeus,Gargantuan,Giant,Titan,Neutal,23,,,x,,,,,,,,,,,,,,,,,Bigby Presents: Glory of the Giants,169,,,,,,,,,,,
Verdalin,Small,Fey,,Neutral,1/2,,x,,,,,,,,,ø,ø,,,,,,,,Monster a Day Compendium 2.0,223,,,Cradle of the Storm Scion,Gargantuan,Elemental,,Chaotic Good,27,,,x,,,,,,,,,,,,,,,,,Bigby Presents: Glory of the Giants,170,,,,,,,,,,,
Verin Thelyss,Medium,Humanoid,"Drow, Elf",Lawful Good,5,,x,,,,,,,,,,,,,,,,,,Critical Role: Call of the Netherdeep,51,,,Scion of Stronmaus,Gargantuan,Giant,Titan,Chaotic Good,27,,,x,,,,,,,,,,,,,,,,,Bigby Presents: Glory of the Giants,171,,,,,,,,,,,
Vesiculosa,Gargantuan,Plant,,Unaligned,11,,,,,,,,,,ø,,,,,,,,,,Tome of Beasts,399,,,Cradle of the Fire Scion,Gargantuan,Elemental,,Lawful Evil,25,,,x,,,,,,,,,,,,,,,,,Bigby Presents: Glory of the Giants,172,,,,,,,,,,,
Veteran,Medium,Humanoid,Any Race,Any,3,,,,,,,,x,x,,x,x,x,x,,x,,x,,Monster Manual,350,,,Scion of Surtur,Gargantuan,Giant,Titan,Lawful Evil,25,,,x,,,,,,,,,,,,,,,,,Bigby Presents: Glory of the Giants,173,,,,,,,,,,,
Veteran Swordbreaker Skeleton,Medium,Undead,,Lawful Evil,3,,,,,,,x,x,x,x,x,x,x,x,x,x,x,x,,Tome of Beasts 2,332,,,Cradle of the Frost Scion,Gargantuan,Elemental,,Neutral Evil,24,,,x,,,,,,,,,,,,,,,,,Bigby Presents: Glory of the Giants,174,,,,,,,,,,,
Vex'ahlia,Medium,Humanoid,half-elf,Not Provided,18,,x,,,x,,,,,,,,,,,,,,,Tal'Dorei Campaign Setting Reborn,267,,,Scion of Thrym,Gargantuan,Giant,Titan,Neutral Evil,24,,,x,,,,,,,,,,,,,,,,,Bigby Presents: Glory of the Giants,175,,,,,,,,,,,
Vexxeh,Huge,Fiend,,Lawful Evil,6,,,,,,,,,,,,,,,,,,,x,Tome of Beasts 2,360,,,Spectral Cloud,Huge,Undead,,Neutral,13,,,,,,,,,,,,,,,,,,,,Bigby Presents: Glory of the Giants,176,,,,,,,,,,,
Viari,Medium,Humanoid,Human,Chaotic Good,5,,,,,x,,,,,,,,,,,,,ø,,Acquisitions Incorporated,198,,,Spotted Lion,Huge,Beast,,Unaligned,3,,,,,,,,,,,,,,,,,,,,Bigby Presents: Glory of the Giants,177,,,,,,,,,,,
Vicious Blood Hawk,Small,Monstrosity,,Unaligned,1/4,,,,,,,,x,x,x,x,x,x,x,x,x,,x,,Fifth Edition Foes,27,,,Stalker of Baphomet,Huge,Fiend,Demon,Chaotic Evil,12,,x,,,,,,,,,,,,,,,,,,Bigby Presents: Glory of the Giants,178,,,,,,,,,,,
Viconia DeVir,Medium,Humanoid,Drow,Neutral Evil,13,,x,,,x,,,,,,,,,,,,,ø,,Minsc and Boo's Journal of Villainy,126,,,Stone Giant of Evil Earth,Huge,Giant,,Neutral Evil,9,,,,,,,,,,,,,,,,,,,,Bigby Presents: Glory of the Giants,179,,,,,,,,,,,
Victoro Cassalanter,Medium,Humanoid,Half-Elf,Lawful Neutral,10,,x,,,x,,,,,,,,,,,,,ø,,Waterdeep: Dragon Heist,218,,,Stone Giant Rockspeaker,Huge,Giant,Wizard,Any,16,,,x,,,,,,,,,,,,,,,,,Bigby Presents: Glory of the Giants,180,,,,,,,,,,,
Viiret,Large,Plant,,Unaligned,3,,,,,,,,,,,,,,,x,,,,,Tome of Beasts 2,361,,,Storm Crab,Gargantuan,Monstrosity,,Unaligned,11,,,,,,,,,,,,,,,,,,,,Bigby Presents: Glory of the Giants,181,,,,,,,,,,,
Viktor,Medium,Humanoid,Human,Lawful Neutral,9,,x,,,x,,,,,,,,,,,,,ø,,Minsc and Boo's Journal of Villainy,82,,,Storm Giant Tempest Caller,Huge,Giant,Sorcerer,Any,20,,x,x,,,,,,,,,,,,,,,,,Bigby Presents: Glory of the Giants,182,,,,,,,,,,,
Vila,Medium,Fey,,Lawful Neutral,5,,x,,,,,,,,,ø,,,,,,,,,Tome of Beasts,400,,,Storm Herald,Huge,Aberration,,Lawful Evil,17,,x,,,,,,,,,,,,,,,,,,Bigby Presents: Glory of the Giants,183,,,,,,,,,,,
Vile Barber (Siabhra),Small,Fey,,Chaotic Evil,2,,,,,,,,,,,,,,,,,,,,Tome of Beasts,401,,,Tempest Spirit,Huge,Undead,,Chaotic Evil,15,,,x,,,,,,,,,,,,,,,,,Bigby Presents: Glory of the Giants,184,,,,,,,,,,,
Vine Blight,Medium,Plant,,Neutral Evil,1/2,,,,,,,,,,,x,,,,,,,,,Monster Manual,32,,,Titanothere,Huge,Beast,,Unaligned,5,,,,,,,,,,,,,,,,,,,,Bigby Presents: Glory of the Giants,185,,,,,,,,,,,
Vine Drake,Medium,Dragon,,Neutral,7,,x,,,,,,,,,x,,,,x,,,,,Tome of Beasts 2,128,,,Troll Amalgam,Gargantuan,Giant,,Chaotic Evil,17,,,x,,,,,,,,,,,,,,,,,Bigby Presents: Glory of the Giants,186,,,,,,,,,,,
Vine Golem,Medium,Construct,,Neutral,3,,,,,,,,,,,x,,,,,,,,,Tome of Beasts 2,181,,,Troll Mutate,Large,Giant,,Chaotic Evil,7,,,,,,,,,,,,,,,,,,,,Bigby Presents: Glory of the Giants,187,,,,,,,,,,,
Vine Lord,Medium,Plant,,Lawful Neutral,7,,,,,,,,,,,ø,,,,ø,,,,,Tome of Beasts,402,,,Aartuk Elder,Large,Plant,,Lawful Evil,3,,x,,,,,,,,,,,,,,,,,,Boo's Astral Menagerie,8,,,,,,,,,,,
Vine Terror,Large,Plant,,Unaligned,3,,,,,,,,,,,ø,,,,,,,,,Monster a Day Compendium 2.0,224,,,Aartuk Priest,Medium,Plant,,Lawful Evil,2,,x,,,,,,,,,,,,,,,,,,Boo's Astral Menagerie,9,,,,,,,,,,,
Vine Troll Skeleton,Large,Plant,,Unaligned,9,,,,,,,,,,,ø,,,,ø,,,,,Tome of Beasts,351,,,Aartuk Warrior,Medium,Plant,,Lawful Evil,2,,,,,,,,,,,,,,,,,,,,Boo's Astral Menagerie,9,,,,,,,,,,,
Vines of Nemthyr,Large,Plant,,Neutral Evil,8,,,,,,,,,,,x,x,x,,,,,,,Creature Codex,371,,,Astral Elf Aristocrat,Medium,Humanoid,Wizard,Any,8,,x,,,,,,,,,,,,,,,,,,Boo's Astral Menagerie,11,,,,,,,,,,,
Violet Fungus,Medium,Plant,,Unaligned,1/4,,,,,,,,,,,,,,,,x,,,,Monster Manual,138,,,Astral Elf Commander,Medium,Humanoid,,Any,7,,x,,,,,,,,,,,,,,,,,,Boo's Astral Menagerie,12,,,,,,,,,,,
Virtuoso Lich,Medium,Undead,,Any Evil,12,,x,x,x,,,,,,,,,,,,,,x,,Tome of Beasts 2,238,,,Astral Elf Honor Guard,Medium,Humanoid,,Any,5,,,,,,,,,,,,,,,,,,,,Boo's Astral Menagerie,12,,,,,,,,,,,
Virulent Sliver,Large,Monstrosity,Sliver,Neutral Evil,3,,,,,,,,,ø,,ø,ø,ø,ø,ø,ø,,,,Monster a Day Compendium 2.0,189,,,Astral Elf Star Priest,Medium,Humanoid,Cleric,Any,4,,x,,,,,,,,,,,,,,,,,,Boo's Astral Menagerie,13,,,,,,,,,,,
Vladimir Horngaard,Medium,Undead,,Lawful Neutral,7,,,,,x,,,,,,,,,,,,,ø,,Curse of Strahd,241,,,Astral Elf Warrior,Medium,Humanoid,,Any,3,,,,,,,,,,,,,,,,,,,,Boo's Astral Menagerie,13,,,,,,,,,,,
Vlazok,Large,Fiend,Demon,Chaotic Evil,11,,,,,,,,,,,,,,,,,,,,Vecna: Eve of Ruin,238,,,Autognome,Small,Construct,,Any,2,,,,,,,,,,,,,,,,,,,,Boo's Astral Menagerie,14,,,,,,,,,,,
Vodyanoy,Medium,Monstrosity,,Chaotic Neutral,5,,x,,,,,,,,,ø,,,,ø,,,,,Monster a Day Compendium 2.0,225,,,Braxat,Huge,Giant,,Neutral Evil,9,,x,,,,,,,,,,,,,,,,,,Boo's Astral Menagerie,15,,,,,,,,,,,
Void Cultist,Medium,Humanoid,Any Race,Neutral Evil,1/2,,,,,,,,x,x,x,x,x,x,x,x,x,x,x,x,Creature Codex,407,,,B'rohg,Huge,Giant,,Any,6,,,,,,,,,,,,,,,,,,,,Boo's Astral Menagerie,16,,,,,,,,,,,
Void Dragon Wyrmling,Medium,Dragon,,Chaotic Neutral,2,,,,,,,,,,,,,,,,,,,ø,Tome of Beasts,140,,,Chwinga Astronaut,Tiny,Elemental,,Neutral,0,,x,,,,,,,,,,,,,,,,,,Boo's Astral Menagerie,17,,,,,,,,,,,
Void Giant,Huge,Giant,,Chaotic Neutral,11,,x,,,,,,,,,,,,x,,,,,x,Creature Codex,187,,,Cosmic Horror,Gargantuan,Aberration,,Neutral Evil,18,,,x,,,,,,,,,,,,,,,,,Boo's Astral Menagerie,18,Vecna: Eve of Ruin 215,,,,,,,,,,
Void Scavver,Huge,Monstrosity,,Unaligned,11,,,,,,,,,,,,,,,,,,,,Boo's Astral Menagerie,49,,,Dohwar,Small,Fey,,Any,0,,x,,,,,,,,,,,,,,,,,,Boo's Astral Menagerie,19,,,,,,,,,,,
Void Speaker,Medium,Humanoid,Any Race,Neutral Evil,7,,x,,,,,,x,x,x,x,x,x,x,x,x,x,x,x,Creature Codex,408,,,Esthetic,Gargantuan,Aberration,,Unaligned,12,,,,,,,,,,,,,,,,,,,,Boo's Astral Menagerie,20,,,,,,,,,,,
Voidling,Large,Aberration,,Chaotic Evil,11,,x,,,,,,,,,,,,,,,,,ø,Tome of Beasts,404,,,Eye Monger,Large,Aberration,,Lawful Evil,10,,,,,,,,,,,,,,,,,,,,Boo's Astral Menagerie,21,Vecna: Eve of Ruin 219,,,,,,,,,,
Voidpool,Large,Ooze,,Unaligned,5,,,,,,,,,,,,,,,,,,,x,Tome of Beasts 2,362,,,Feyr,Large,Aberration,,Chaotic Evil,5,,,,,,,,,,,,,,,,,,,,Boo's Astral Menagerie,22,,,,,,,,,,,
Voidwracked Mage,Medium,Humanoid,Any Race,Chaotic Evil,8,,x,,,,,,x,x,x,x,x,x,x,x,x,x,x,x,Creature Codex,409,,,Gaj,Large,Aberration,,Neutral Evil,4,,,,,,,,,,,,,,,,,,,,Boo's Astral Menagerie,23,,,,,,,,,,,
"Volothamp ""Volo"" Geddarm",Medium,Humanoid,Human,Chaotic Good,1/4,,x,,,x,,,,,,,,,,,,,ø,,Waterdeep: Dragon Heist,218,Tomb of Annihilation 235,,Giff Shipmate,Medium,Humanoid,,Any,3,,,,,,,,,,,,,,,,,,,,Boo's Astral Menagerie,24,,,,,,,,,,,
Volt,Small,Aberration,,Unaligned,1/4,,,,,,,,,,,,,,,,x,,,,Fifth Edition Foes,241,,,Giff Shock Trooper,Medium,Humanoid,,Any,6,,,,,,,,,,,,,,,,,,,,Boo's Astral Menagerie,25,,,,,,,,,,,
Voonith,Large,Beast,,Unaligned,1,,,,,,,,,,,,,,ø,,,,,x,Sandy Petersen's Cthulhu Mythos,391,,,Giff Warlord,Medium,Humanoid,,Any,10,,,x,,,,,,,,,,,,,,,,,Boo's Astral Menagerie,25,,,,,,,,,,,
Vorin,Huge,Monstrosity,Aquatic,Chaotic Evil,9,,,,,,,,,,,,,,,x,,,,,Fifth Edition Foes,242,,,Githyanki Buccaneer,Medium,Humanoid,Gith,Any,3,,x,,,,,,,,,,,,,,,,,,Boo's Astral Menagerie,27,,,,,,,,,,,
Vos'skyriss Serpentfolk,Large,Monstrosity,,Not Provided,3,,x,,,,,,,,ø,ø,,,,ø,,,,,Tal'Dorei Campaign Setting Reborn,258,,,Githyanki Star Seer,Medium,Humanoid,"Gith, Warlock",Any,7,,x,,,,,,,,,,,,,,,,,,Boo's Astral Menagerie,27,,,,,,,,,,,
Vos'skyriss Serpentfolk Ghost,Large,Undead,,Not Provided,4,,,,,,,,,,ø,ø,,,,ø,,,,,Tal'Dorei Campaign Setting Reborn,258,,,Githyanki Xenomancer,Medium,Humanoid,"Gith, Druid",Any,9,,x,,,,,,,,,,,,,,,,,,Boo's Astral Menagerie,27,,,,,,,,,,,
Vrock,Large,Fiend,Demon,Chaotic Evil,6,,,,,,,,,,,,,,,,,,,ø,Monster Manual,64,,,Hadozee Explorer,Medium,Humanoid,,Any,2,,,,,,,,,,,,,,,,,,,,Boo's Astral Menagerie,28,,,,,,,,,,,
Vulchling,Medium,Monstrosity,,Chaotic Evil,1/8,,,,,,,,,,,,,,,,x,,,,Fifth Edition Foes,243,,,Hadozee Shipmate,Medium,Humanoid,,Any,1/8,,,,,,,,,,,,,,,,,,,,Boo's Astral Menagerie,29,,,,,,,,,,,
Vulture,Medium,Beast,,Unaligned,0,,,,,,,,,,x,,x,x,,,,,,,Monster Manual,339,,,Hadozee Warrior,Medium,Humanoid,,Any,1/2,,,,,,,,,,,,,,,,,,,,Boo's Astral Menagerie,29,,,,,,,,,,,
Walking Statue of Waterdeep,Gargantuan,Construct,,Unaligned,18,,,,,,,,,,,,,,,,,,ø,,Waterdeep: Dragon Heist,219,,,Jammer Leech,Tiny,Plant,,Unaligned,1,,,,,,,,,,,,,,,,,,,,Boo's Astral Menagerie,30,,,,,,,,,,,
Walled Horror,Large,Undead,,Chaotic Evil,7,,,,,,,,,,,,,,,,x,,x,,Tome of Beasts 2,363,,,Kindori,Gargantuan,Celestial,,Unaligned,7,,,,,,,,,,,,,,,,,,,,Boo's Astral Menagerie,31,,,,,,,,,,,
Walnut Dankgrass,Medium,Humanoid,Elf,Lawful Good,3,,x,,,x,,,,,,,,,,,,,ø,,Acquisitions Incorporated,204,,,Ancient Lunar Dragon,Gargantuan,Dragon,,Neutral Evil,19,,,x,x,,,,,,,,,,,,,,,,Boo's Astral Menagerie,32,,,,,,,,,,,
Walrus,Large,Beast,,Unaligned,1/4,,,,,,,,ø,ø,,,,,,,,ø,,,Icewind Dale: Rime of the Frostmaiden,312,,,Adult Lunar Dragon,Huge,Dragon,,Neutral Evil,13,,,x,x,,,,,,,,,,,,,,,,Boo's Astral Menagerie,34,Vecna: Eve of Ruin 225,,,,,,,,,,
Wamp,Medium,Monstrosity,,Unaligned,1/2,,,,,,,,,,,,,,ø,,,,,x,Sandy Petersen's Cthulhu Mythos,393,,,Young Lunar Dragon,Large,Dragon,,Neutral Evil,7,,,,,,,,,,,,,,,,,,,,Boo's Astral Menagerie,35,,,,,,,,,,,
Wampus Cat,Medium,Monstrosity,,Chaotic Neutral,1,,x,,,,,,,,,ø,,,,,,,,,Tome of Beasts,405,,,Lunar Dragon Wyrmling,Medium,Dragon,,Neutral Evil,2,,,,,,,,,,,,,,,,,,,,Boo's Astral Menagerie,35,,,,,,,,,,,
Wanyudo,Large,Fiend,,Lawful Evil,8,,,,,,,,,,,,,,,,,,,x,Tome of Beasts 2,364,,,Megapede,Gargantuan,Monstrosity,,Unaligned,11,,,,,,,,,,,,,,,,,,,,Boo's Astral Menagerie,36,,,,,,,,,,,
War,Medium,Fiend,,Neutral Evil,20,,,,,x,,,,,,,,,,,,,,ø,Monster a Day Compendium 2.0,129,,,Mercane,Large,Giant,,Lawful Neutral,5,,x,,,,,,,,,,,,,,,,,,Boo's Astral Menagerie,37,,,,,,,,,,,
War Chaplain,Medium,Humanoid,Any Race,Any Lawful,3,,x,,,,,,x,x,x,x,x,x,x,x,x,x,x,x,Creature Codex,410,,,Murder Comet,Medium,Elemental,,Neutral Evil,5,,,,,,,,,,,,,,,,,,,,Boo's Astral Menagerie,38,,,,,,,,,,,
War Machine Golem,Gargantuan,Construct,,Unaligned,18,,,,,,,,x,x,x,x,x,x,x,x,x,x,x,x,Creature Codex,205,,,Neh-thalggu,Large,Aberration,,Chaotic Neutral,4,,x,,,,,,,,,,,,,,,,,,Boo's Astral Menagerie,39,,,,,,,,,,,
War Mage,Medium,Humanoid,Human,Unaligned,2,,x,,,,,,,,,,,,,,,,ø,,Monster a Day Compendium 2.0,90,,,Neogi Hatchling Swarm,Medium,Aberration,Swarm,Lawful Evil,3,,,,,,,,,,,,,,,,,,,,Boo's Astral Menagerie,40,,,,,,,,,,,
War Ostrich,Large,Beast,,Unaligned,1/2,,,,,,,,,,ø,,ø,,,,,,,,Tome of Beasts,307,,,Neogi Pirate,Small,Aberration,,Lawful Evil,3,,,,,,,,,,,,,,,,,,,,Boo's Astral Menagerie,41,,,,,,,,,,,
War Pig,Huge,Beast,,Unaligned,4,,,,,,,,ø,,,ø,ø,ø,ø,ø,ø,,,,Monster a Day Compendium 2.0,143,,,Neogi Void Hunter,Medium,Aberration,Warlock,Lawful Evil,4,,x,,,,,,,,,,,,,,,,,,Boo's Astral Menagerie,41,,,,,,,,,,,
War Priest,Medium,Humanoid,Any Race,Any ,8,,x,,,,,,x,x,x,x,x,x,x,x,x,x,x,x,Creature Codex,411,,,Plasmoid Boss,Large,Ooze,,Any,4,,,,,,,,,,,,,,,,,,,,Boo's Astral Menagerie,42,,,,,,,,,,,
War Priest,Medium,Humanoid,cleric,Any,9,,x,,,,,,,,x,,,,,,,,x,,Mordenkainen Presents: Monsters of the Multiverse,254,,,Plasmoid Explorer,Medium,Ooze,,Any,1/4,,,,,,,,,,,,,,,,,,,,Boo's Astral Menagerie,43,,,,,,,,,,,
War Priest,Medium,Humanoid,Any Race,Any,9,,x,,,,,,,,x,,,,,,,,x,,Volo's Guide to Monsters,218,,,Plasmoid Warrior,Medium,Ooze,,Any,3,,,,,,,,,,,,,,,,,,,,Boo's Astral Menagerie,43,,,,,,,,,,,
War Titan,Huge,Fiend,Titan,Any Chaotic,16,,,x,,,,,,ø,ø,,ø,,,,,,,,Monster a Day Compendium 2.0,226,,,Psurlon,Medium,Aberration,,Lawful Evil,2,,x,,,,,,,,,,,,,,,,,,Boo's Astral Menagerie,44,,,,,,,,,,,
War Troll,Large,Giant,,Chaotic Evil,9,,,,,,,,,ø,ø,,ø,,,,,,,,Monster a Day Compendium 2.0,213,,,Psurlon Leader,Medium,Aberration,,Lawful Evil,6,,x,,,,,,,,,,,,,,,,,,Boo's Astral Menagerie,45,,,,,,,,,,,
War Wyvern,Large,Dragon,,Unaligned,7,,,,,,,,,,,,,x,x,,,,,,Creature Codex,386,,,Psurlon Ringer,Medium,Aberration,,Lawful,1,,x,,,,,,,,,,,,,,,,,,Boo's Astral Menagerie,45,,,,,,,,,,,
Warden Archon,Large,Celestial,,Lawful Good,8,,x,,,,,,,,,,,,,,,,,x,Morte's Planar Parade,18,,,Reigar,Medium,Celestial,,Chaotic Neutral,8,,x,,,,,,,,,,,,,,,,,,Boo's Astral Menagerie,47,,,,,,,,,,,
Wardu,Medium,Aberration,,Neutral Evil,6,,,,,,,,,,,,,,,,,,,x,Tome of Beasts 2,365,,,Brown Scavver,Large,Monstrosity,,Unaligned,4,,,,,,,,,,,,,,,,,,,,Boo's Astral Menagerie,49,,,,,,,,,,,
Warduke,Medium,Humanoid,Human,Chaotic Evil,5,,,,,x,,,,,,,,,,,,,,,The Wild Beyond The Witchlight,221,,,Gray Scavver,Medium,Monstrosity,,Unaligned,1/4,,,,,,,,,,,,,,,,,,,,Boo's Astral Menagerie,49,,,,,,,,,,,
Warforged Colossus,Gargantuan,Construct,,Unaligned,25,,,,,,,,,,,,,,,,,,,,Eberron: Rising from the Last War,314,,,Night Scavver,Huge,Monstrosity,,Unaligned,5,,,,,,,,,,,,,,,,,,,,Boo's Astral Menagerie,49,Vecna: Eve of Ruin 229,,,,,,,,,,
Warforged Soldier,Medium,Humanoid,Warforged,Any,1,,,,,,,,,,,,,,,,,,,,Eberron: Rising from the Last War,320,,,Void Scavver,Huge,Monstrosity,,Unaligned,11,,,,,,,,,,,,,,,,,,,,Boo's Astral Menagerie,49,,,,,,,,,,,
Warforged Titan,Huge,Construct,,Lawful Neutral,8,,,,,,,,,,,,,,,,,,,,Eberron: Rising from the Last War,315,,,Ancient Solar Dragon,Gargantuan,Dragon,,Neutral,20,,,x,x,,,,,,,,,,,,,,,,Boo's Astral Menagerie,50,,,,,,,,,,,
Warforged Warrior,Medium,Construct,,Any,1,,,,,,,,,,,,,,,,,,,,Vecna: Eve of Ruin,238,,,Adult Solar Dragon,Huge,Dragon,,Neutral,14,,,x,x,,,,,,,,,,,,,,,,Boo's Astral Menagerie,52,,,,,,,,,,,
Warhorse,Large,Beast,,Unaligned,1/2,,,,,,,,,,,,,,,,,,x,,Monster Manual,340,"Player's Handbook 311, Rise of Tiamat Online Supplement 26",,Young Solar Dragon,Large,Dragon,,Neutral,8,,,,,,,,,,,,,,,,,,,,Boo's Astral Menagerie,53,,,,,,,,,,,
Warhorse Skeleton,Large,Undead,,Lawful Neutral,1/2,,,,,,,,,,,,,,,,,,x,,Monster Manual,272,,,Solar Dragon Wyrmling,Medium,Dragon,,Neutral,3,,,,,,,,,,,,,,,,,,,,Boo's Astral Menagerie,53,,,,,,,,,,,
Warlock of the Archfey,Medium,Humanoid,,Any,4,,x,,,,,,x,,,x,,,x,x,,,x,,Mordenkainen Presents: Monsters of the Multiverse,255,,,Space Clown,Medium,Fiend,,Chaotic Evil,2,,x,,,,,,,,,,,,,,,,,,Boo's Astral Menagerie,54,,,,,,,,,,,
Warlock of the Archfey,Medium,Humanoid,Any Race,Any,4,,x,,,,,,x,,,,,,x,x,,,x,,Volo's Guide to Monsters,219,,,Space Eel,Small,Beast,,Unaligned,1/2,,,,,,,,,,,,,,,,,,,,Boo's Astral Menagerie,55,,,,,,,,,,,
Warlock of the Fiend,Medium,Humanoid,,Any,7,,x,,,,,,x,,x,,,,,,x,,x,,Mordenkainen Presents: Monsters of the Multiverse,255,,,Space Guppy,Small,Beast,,Unaligned,0,,,,,,,,,,,,,,,,,,,,Boo's Astral Menagerie,55,,,,,,,,,,,
Warlock of the Fiend,Medium,Humanoid,Any Race,Any,7,,x,,,,,,x,,x,,,,,,x,,x,,Volo's Guide to Monsters,219,Infernal Machine Rebuild 57,,Giant Space Hamster,Large,Beast,,Unaligned,1/4,,,,,,,,,,,,,,,,,,,,Boo's Astral Menagerie,56,,,,,,,,,,,
Warlock of the Great Old One,Medium,Humanoid,,Any,6,,x,,,,,,x,,,,,x,x,,x,,x,,Mordenkainen Presents: Monsters of the Multiverse,256,,,Space Hamster,Tiny,Monstrosity,,Neutral Good,1/4,,,,,,,,,,,,,,,,,,,,Boo's Astral Menagerie,56,,,,,,,,,,,
Warlock of the Great Old One,Medium,Humanoid,Any Race,Any,6,,x,,,,,,x,,,,,x,x,,x,,x,,Volo's Guide to Monsters,220,Infernal Machine Rebuild 58,,Space Mollymawk,Small,Beast,,Unaligned,0,,,,,,,,,,,,,,,,,,,,Boo's Astral Menagerie,57,,,,,,,,,,,
Warlock's Trumpetbloom,Large,Plant,,Neutral Evil,7,,,,,,,,,,,x,,,,,,,,,Creature Codex,372,,,Space Swine,Medium,Beast,,Unaligned,1/4,,,,,,,,,,,,,,,,,,,,Boo's Astral Menagerie,57,,,,,,,,,,,
Warlord,Medium,Humanoid,,Any,12,,,x,,,,,,,,,,,,,,,x,,Mordenkainen Presents: Monsters of the Multiverse,257,"Volo's Guide to Monsters 220, Infernal Machine Rebuild 58",,Ssurran Defiler,Medium,Monstrosity,Lizardfolk,Any,3,,x,,,,,,,,,,,,,,,,,,Boo's Astral Menagerie,58,,,,,,,,,,,
Warmth Thief,Tiny,Fey,,Neutral Evil,9,,,,,,,,x,,,,,,,,,,,,Tome of Beasts 2,366,,,Ssurran Poisoner,Medium,Monstrosity,Lizardfolk,Any,1/2,,,,,,,,,,,,,,,,,,,,Boo's Astral Menagerie,58,,,,,,,,,,,
Warrior of Madarua,Medium,Humanoid,,Chaotic Good,1/8,,,,,,,,,,,,,,,,,,,,Quests from the Infinite Staircase,220,,,Starlight Apparition,Medium,Celestial,,Neutral Good,5,,,,,,,,,,,,,,,,,,,,Boo's Astral Menagerie,59,,,,,,,,,,,
Wasteland Dragon Wyrmling,Medium,Dragon,,Chaotic Evil,3,,,,,,,,,,,,,x,,,,,,,Creature Codex,118,,,Thri-kreen Gladiator,Medium,Monstrosity,,Any,7,,,,,,,,,,,,,,,,,,,,Boo's Astral Menagerie,60,,,,,,,,,,,
Wasteland Dragonnel,Large,Dragon,,Chaotic Good,3,,,,,,,,,,,,,,,,,,,,Dragonlance: Shadow of the Dragon Queen,201,,,Thri-kreen Hunter,Medium,Monstrosity,,Any,2,,,,,,,,,,,,,,,,,,,,Boo's Astral Menagerie,61,,,,,,,,,,,
Wastrilith,Large,Fiend,demon,Chaotic Evil,13,,,,,,,,,x,,,,,,x,x,x,,,Mordenkainen Presents: Monsters of the Multiverse,258,Mordenkainen's Tome of Foes 139,,Thri-kreen Mystic,Medium,Monstrosity,,Any,5,,x,,,,,,,,,,,,,,,,,,Boo's Astral Menagerie,61,,,,,,,,,,,
Water Elemental,Large,Elemental,,Neutral,5,,,,,,,,,x,,,,,,x,,x,,,Monster Manual,125,Rise of Tiamat Online Supplement 26,,Vampirate,Medium,Undead,,Lawful Evil,2,,,,,,,,,,,,,,,,,,,,Boo's Astral Menagerie,62,,,,,,,,,,,
Water Elemental Myrmidon,Medium,Elemental,,Neutral,7,,,,,,,,,,,,,,,,,,,,Mordenkainen Presents: Monsters of the Multiverse,123,,,Vampirate Captain,Medium,Undead,,Lawful Evil,6,,,,,,,,,,,,,,,,,,,,Boo's Astral Menagerie,63,,,,,,,,,,,
Water Elemental Myrmidon,Medium,Elemental,,Neutral,7,,,,,,,,ø,ø,,ø,ø,,,ø,ø,ø,ø,ø,Mordenkainen's Tome of Foes,203,Princes of the Apocalypse 213,,Vampirate Mage,Medium,Undead,,Lawful Evil,5,,x,,,,,,,,,,,,,,,,,,Boo's Astral Menagerie,63,,,,,,,,,,,
Water Horse,Medium,Fey,Shapechanger,Neutral Evil,4,,,,,,,,,x,,,,,,,,x,,,Creature Codex,373,,,Zodar,Medium,Aberration,,Neutral,16,,,x,,,,,,,,,,,,,,,,,Boo's Astral Menagerie,63,,,,,,,,,,,
Water Leaper,Large,Monstrosity,,Unaligned,4,,,,,,,,,ø,,ø,,,,,,ø,,,Tome of Beasts,406,,,Verin Thelyss,Medium,Humanoid,"Drow, Elf",Lawful Good,5,,x,,,,,,,,,,,,,,,,,,Critical Role: Call of the Netherdeep,51,,,,,,,,,,,
Water Weird,Large,Elemental,,Neutral,3,,,,,,,,,,,,,,,,ø,ø,ø,,Monster Manual,299,,,Ruidium Elephant,Huge,Construct,,Unaligned,8,,,,,,,,,,,,,,,,,,,,Critical Role: Call of the Netherdeep,95,,,,,,,,,,,
Weasel,Tiny,Beast,,Unaligned,0,,,,,,x,,,,,ø,ø,ø,,,,,,,Monster Manual,340,,,Aboleth Spawn,Medium,Aberration,,Lawful Evil,5,,,,,,,,,,,,,,,,,,,,Critical Role: Call of the Netherdeep,135,,,,,,,,,,,
Web Troll,Large,Giant,,Chaotic Evil,3,,,,,,,,,,,ø,,,,,ø,,,,Monster a Day Compendium 2.0,214,,,Alyxian the Tormented,Huge,Aberration,,Lawful Evil,11,,,x,x,x,,,,,,,,,,,,,,,Critical Role: Call of the Netherdeep,178,,,,,,,,,,,
Weeping Treant,Huge,Plant,,Neutral,6,,,,,,,,,,,ø,,,,ø,,,,,Tome of Beasts,388,,,Alyxian the Callous,Large,Celestial,,Lawful Evil,12,,,x,x,x,,,,,,,,,,,,,,,Critical Role: Call of the Netherdeep,179,,,,,,,,,,,
Weirding Scroll,Tiny,Construct,,Unaligned,1/2,,,,,,,,x,x,x,x,x,x,x,x,x,x,x,x,Creature Codex,376,,,Alyxian the Dispossessed,Medium,Humanoid,Human,Lawful Evil,13,,,x,x,x,,,,,,,,,,,,,,,Critical Role: Call of the Netherdeep,180,,,,,,,,,,,
Wendigo,Medium,Monstrosity,,Chaotic Evil,11,,,,,,,,x,,,,x,,x,,,,,,Creature Codex,377,,,Alyxian the Absolved,Medium,Humanoid,Human,lawful Good,14,,,x,x,x,,,,,,,,,,,,,,,Critical Role: Call of the Netherdeep,182,,,,,,,,,,,
Were-Mist,Large,Aberration,,Chaotic Evil,2,,,,,,,,x,x,x,x,x,x,x,x,x,,x,,Fifth Edition Foes,245,,,Ayo Jabe (Tier 1),Medium,Humanoid,"Ranger, Water Genasi",Chaotic Good,3,,x,,,,,,,,,,,,,,,,,,Critical Role: Call of the Netherdeep,188,,,,,,,,,,,
Werebat,Medium,Humanoid,"Human, Shapechanger",Lawful Evil,3,,,,,,,,,,,,,,,,,,x,,Creature Codex,258,,,Dermot Wurder (Tier 1),Small,Humanoid,"Cleric, Goblin, Goblinoid)",Lawful Good,3,,x,,,,,,,,,,,,,,,,,,Critical Role: Call of the Netherdeep,188,,,,,,,,,,,
Werebat,Small,Humanoid,"Goblin, Shapechanger",Neutral Evil,2,,,,,,,,,,,,,,,,ø,,,,Waterdeep: Dungeon of the Mad Mage,317,,,Galsariad Ardyth (Tier 1),Medium,Humanoid,"Drow, Elf, Wizard",Neutral,3,,x,,,,,,,,,,,,,,,,,,Critical Role: Call of the Netherdeep,188,,,,,,,,,,,
Werebear,Medium,Humanoid,"Shapechanger, Human",Neutral Good,5,,,,,,,,x,,,x,,x,,,,,,,Monster Manual,208,,,Irvan Wastewalker (Tier 1),Medium,Humanoid,Human,Chaotic Neutral,3,,,,,,,,,,,,,,,,,,,,Critical Role: Call of the Netherdeep,189,,,,,,,,,,,
Wereboar,Medium,Humanoid,"Shapechanger, Human",Neutral Evil,4,,,,,,,,,,,x,x,x,,,,,,,Monster Manual,209,,,Maggie Keeneyes (Tier 1),Large,Giant,Ogre,Lawful Neutral,3,,,,,,,,,,,,,,,,,,,,Critical Role: Call of the Netherdeep,189,,,,,,,,,,,
Weredactyl,Medium,Humanoid,Shapechanger,Neutral Evil,2,,,,,,,,,,,x,x,x,,,,,,,Fifth Edition Foes,246,,,Ayo Jabe (Tier 2),Medium,Humanoid,"Ranger, Water Genasi",Chaotic Good,5,,x,,,,,,,,,,,,,,,,,,Critical Role: Call of the Netherdeep,190,,,,,,,,,,,
Werehyena,Medium,Humanoid,"Gnoll, Shapechanger",Chaotic Evil,3,,,,,,,,,,,,x,,,,,,x,,Creature Codex,259,,,Galsariad Ardyth (Tier 2),Medium,Humanoid,"Drow, Elf, Wizard",Neutral,5,,x,,,,,,,,,,,,,,,,,,Critical Role: Call of the Netherdeep,190,,,,,,,,,,,
Wererat,Medium,Humanoid,"Shapechanger, Human",Lawful Neutral,2,,,,,,,,,,,x,,,,,,,,,Monster Manual,209,Infernal Machine Rebuild 92,,Dermot Wurder (Tier 2),Small,Humanoid,"Cleric, Goblin, Goblinoid)",Lawful Good,5,,x,,,,,,,,,,,,,,,,,,Critical Role: Call of the Netherdeep,191,,,,,,,,,,,
Wereraven,Medium,Humanoid,,Not Provided,2,,,,,,,,,,,ø,ø,ø,,ø,,,ø,,Van Richten's Guide to Ravenloft,253,Curse of Strahd 242,,Irvan Wastewalker (Tier 2),Medium,Humanoid,Human,Chaotic Neutral,5,,,,,,,,,,,,,,,,,,,,Critical Role: Call of the Netherdeep,191,,,,,,,,,,,
Wereshark,Large,Humanoid,"Human, Shapechanger",Chaotic Evil,5,,,,,,,,,x,,,,,,,,x,x,,Tome of Beasts 2,247,,,Maggie Keeneyes (Tier 2),Large,Giant,Ogre,Lawful Neutral,5,,,,,,,,,,,,,,,,,,,,Critical Role: Call of the Netherdeep,191,,,,,,,,,,,
Weretiger,Medium,Humanoid,"Shapechanger, Human",Neutral,4,,,,,,,,,,x,x,x,,,,,,,,Monster Manual,210,,,Ayo Jabe (Tier 3),Medium,Humanoid,"Ranger, Water Genasi",Chaotic Good,8,,x,,,,,,,,,,,,,,,,,,Critical Role: Call of the Netherdeep,192,,,,,,,,,,,
Werewolf,Medium,Humanoid,"Shapechanger, Human",Chaotic Evil,3,,,,,,,,,,,x,,x,,,,,,,Monster Manual,211,,,Dermot Wurder (Tier 3),Small,Humanoid,"Cleric, Goblin, Goblinoid)",Lawful Good,8,,x,,,,,,,,,,,,,,,,,,Critical Role: Call of the Netherdeep,193,,,,,,,,,,,
Werewolf (Krallenhorde),Medium,Humanoid,"human, shapechanger",Chaotic Evil,3,,,,,,,,,,,x,,,,,,,x,,Planeshift: Innistrad,15,,,Galsariad Ardyth (Tier 3),Medium,Humanoid,"Drow, Elf, Wizard",Neutral,8,,x,,,,,,,,,,,,,,,,,,Critical Role: Call of the Netherdeep,193,,,,,,,,,,,
Werewolf Alpha,Medium,Humanoid,"Shapechanger, Human",Chaotic Evil,9,,,x,,,,,,,,ø,,ø,,,,,,,Monster a Day Compendium 2.0,227,,,Irvan Wastewalker (Tier 3),Medium,Humanoid,Human,Chaotic Neutral,8,,,,,,,,,,,,,,,,,,,,Critical Role: Call of the Netherdeep,194,,,,,,,,,,,
Werewowl,Medium,Humanoid,"Elf, Shapechanger",Lawful Evil,5,,,,,,,,,,,x,,,x,,,,x,,Tome of Beasts 2,246,,,Maggie Keeneyes (Tier 3),Large,Giant,Ogre,Lawful Neutral,8,,,,,,,,,,,,,,,,,,,,Critical Role: Call of the Netherdeep,194,,,,,,,,,,,
Wersten Kern,Medium,Undead,,Lawful Evil,14,,x,,,x,,,,,,,,,,,,,,,Dragonlance: Shadow of the Dragon Queen,209,,,Alyxian Aboleth,Large,Aberration,,Lawful Evil,12,,,x,,,,,,,,,,,,,,,,,Critical Role: Call of the Netherdeep,195,,,,,,,,,,,
Werynax,Large,Monstrosity,,Unaligned,6,,,,,,,,,,,x,x,,,,,,,,Tome of Beasts 2,367,,,Corrupted Giant Shark,Huge,Aberration,,Unaligned,9,,,,,,,,,,,,,,,,,,,,Critical Role: Call of the Netherdeep,196,,,,,,,,,,,
Wharfling,Tiny,Beast,,Unaligned,1/8,,,,,,,,,ø,,,,,,,,,ø,,Tome of Beasts,407,,,Death Embrace,Huge,Aberration,,Chaotic Evil,11,,,,,,,,,,,,,,,,,,,,Critical Role: Call of the Netherdeep,197,,,,,,,,,,,
Wharfling Swarm,Large,Beast,Swarm,Unaligned,4,,,,,,,,,ø,,,,,,,,,ø,,Tome of Beasts,407,,,Light Devourer,Medium,Aberration,,Unaligned,6,,,,,,,,,,,,,,,,,,,,Critical Role: Call of the Netherdeep,200,,,,,,,,,,,
Whirling Chandelier,Large,Construct,,Unaligned,8,,,,,,,,,,,,,,,,,,,,Vecna: Eve of Ruin,239,,,Monastic High Curator,Small or Medium,Humanoid,"Monk, Wizard",Any,10,,x,,,,,,,,,,,,,,,,,,Critical Role: Call of the Netherdeep,201,,,,,,,,,,,
Whisperer in Darkness,Medium,Aberration,,Neutral Evil,15,,x,,,,,,,,,,,,,,,,,x,Creature Codex,378,,,Monastic Infiltrator,Small or Medium,Humanoid,Monk,Any,6,,x,,,,,,,,,,,,,,,,,,Critical Role: Call of the Netherdeep,202,,,,,,,,,,,
Whistler,Large,Aberration,,Neutral Evil,9,,,,,,,,,,,,,,,,,,,,Journeys Through the Radiant Citadel,221,,,Monastic Operative,Small or Medium,Humanoid,Monk,Any,5,,,,,,,,,,,,,,,,,,,,Critical Role: Call of the Netherdeep,202,,,,,,,,,,,
White Abishai,Medium,Fiend,devil,Lawful Evil,6,,,,,,,,,,,,,,,,,,x,,Mordenkainen Presents: Monsters of the Multiverse,41,,,Occult Extollant,Small or Medium,Humanoid,Sorcerer,Any,6,,x,,,,,,,,,,,,,,,,,,Critical Role: Call of the Netherdeep,204,,,,,,,,,,,
White Abishai,Medium,Fiend,Devil,Lawful Neutral,6,,,,,,,,,,,,,,,,,,x,ø,Mordenkainen's Tome of Foes,163,Baldur's Gate: Descent into Avernus 241,,Occult Initiate,Small or Medium,Humanoid,Sorcerer,Any,2,,x,,,,,,,,,,,,,,,,,,Critical Role: Call of the Netherdeep,205,,,,,,,,,,,
White Ape,Large,Monstrosity,,Neutral,6,,,,,,,,ø,,,ø,ø,ø,,,,,,,Tome of Beasts,408,,,Occult Silvertongue,Small or Medium,Humanoid,Sorcerer,Lawful Evil,8,,x,,,,,,,,,,,,,,,,,,Critical Role: Call of the Netherdeep,205,,,,,,,,,,,
White Dracolisk,Large,Dragon,,Unaligned,7,,,,,,,,x,,,,,,x,,x,,,,Fifth Edition Foes,85,,,Scholarly Agent,Small or Medium,Humanoid,Wizard,Any,1,,x,,,,,,,,,,,,,,,,,,Critical Role: Call of the Netherdeep,206,,,,,,,,,,,
White Dragon Wyrmling,Medium,Dragon,,Chaotic Evil,2,,,,,,,,x,,,,,,,,,,,,Monster Manual,102,,,Scholarly Excavator,Small or Medium,Humanoid,,Any,3,,,,,,,,,,,,,,,,,,,,Critical Role: Call of the Netherdeep,206,,,,,,,,,,,
White Maw,Gargantuan,Ooze,,Chaotic Neutral,10,,,,,,,,,,,,,,,,,,,,Tales from the Yawning Portal,248,,,Scholarly Mastermind,Small or Medium,Humanoid,Wizard,Any,5,,x,,,,,,,,,,,,,,,,,,Critical Role: Call of the Netherdeep,207,,,,,,,,,,,
White Stag,Large,Celestial,,Chaotic Good,2,,,,,,,,,,,x,,,,,,,,,Creature Codex,379,,,Scuttling Serpentmaw,Small,Aberration,,Unaligned,4,,,,,,,,,,,,,,,,,,,,Critical Role: Call of the Netherdeep,208,,,,,,,,,,,
Whymsee (Kraken Priest Variant),Medium,Humanoid,Human,Neutral Evil,5,,x,,,x,,,,,,,,,,,,,,,Locathah Rising,20,,,Slithering Bloodfin,Large,Aberration,,Unaligned,9,,,,,,,,,,,,,,,,,,,,Critical Role: Call of the Netherdeep,209,,,,,,,,,,,
Wicked Skull,Tiny,Monstrosity,Shapechanger,Chaotic Neutral,1/8,,,,,,v,,,,,,,,,,x,,x,,Tome of Beasts 2,368,,,Swarm of Sorrowfish,Medium,Aberration,Swarm,Unaligned,6,,,,,,,,,,,,,,,,,,,,Critical Role: Call of the Netherdeep,210,,,,,,,,,,,
Wickerman,Huge,Construct,,Neutral Evil,9,,,,,,,,,,,x,,,,,,,,,Creature Codex,380,,,Sword Wraith Commander,Medium,Undead,,Lawful Evil,8,,,,,,,,,,,,,,,,,,,,Critical Role: Call of the Netherdeep,211,,,,,,,,,,,
Widow Creeper,Large,Plant,,Unaligned,10,,,,,,,,,,,x,,,,,,,,,Fifth Edition Foes,247,,,Sword Wraith Warrior,Medium,Undead,,Lawful Evil,3,,,,,,,,,,,,,,,,,,,,Critical Role: Call of the Netherdeep,211,,,,,,,,,,,
Wiggan Nettlebee,Small,Humanoid,Halfling,Neutral Evil,2,,x,,,x,,,,,,,,,,,,,,,Princes of the Apocalypse,211,,,Anhkolox,Huge,Undead,,Neutral Evil,9,,,,,,,,,,,,,,,,,,,,Dragonlance: Shadow of the Dragon Queen,192,,,,,,,,,,,
Wight,Medium,Undead,,Neutral Evil,3,,,,,,,,,,x,,,,,x,x,,x,,Monster Manual,300,Rise of Tiamat Online Supplement 27,,Caradoc,Medium,Undead,,Neutral Evil,8,,,,,x,,,,,,,,,,,,,,,Dragonlance: Shadow of the Dragon Queen,193,,,,,,,,,,,
Wight Walker,Medium,Undead,,Neutral Evil,6,,,,,,,,,,ø,,,,,ø,ø,,ø,,Monster a Day Compendium 2.0,228,,,Greater Death Dragon,Huge,Undead,,Chaotic Evil,14,,,x,,,,,,,,,,,,,,,,,Dragonlance: Shadow of the Dragon Queen,195,,,,,,,,,,,
Will-o-wisp,Tiny,Undead,,Chaotic Evil,2,,,,,,,,,,,x,,,,x,,,x,,Monster Manual,301,,,Lesser Death Dragon,Large,Undead,,Chaotic Evil,10,,,,,,,,,,,,,,,,,,,,Dragonlance: Shadow of the Dragon Queen,195,,,,,,,,,,,
Willowhaunt,Huge,Undead,,Neutral Evil,5,,,,,,,,,,,,,,,x,,,,,Tome of Beasts 2,369,,,Aurak Draconian,Medium,Monstrosity,Sorcerer,Lawful Evil,6,,x,,,,,,,,,,,,,,,,,,Dragonlance: Shadow of the Dragon Queen,196,,,,,,,,,,,
Wind Demon,Small,Fiend,Demon,Chaotic Evil,2,,,,,,,,x,x,x,x,x,x,x,x,x,x,x,x,Creature Codex,93,,,Baaz Draconian,Medium,Monstrosity,,Lawful Evil,1/2,,,,,,,,,,,,,,,,,,,,Dragonlance: Shadow of the Dragon Queen,197,,,,,,,,,,,
Wind Dragon Wyrmling,Medium,Dragon,,Chaotic Neutral,1,,,,,,,,,,,,,,ø,,,,,,Tome of Beasts,145,,,Bozak Draconian,Medium,Monstrosity,Sorcerer,Lawful Evil,2,,x,,,,,,,,,,,,,,,,,,Dragonlance: Shadow of the Dragon Queen,198,,,,,,,,,,,
Wind Eater,Medium,Undead,,Lawful Evil,2,,x,,,,,,x,x,x,x,x,x,x,x,x,x,x,x,Creature Codex,381,,,Kapak Draconian,Medium,Monstrosity,,Lawful Evil,3,,,,,,,,,,,,,,,,,,,,Dragonlance: Shadow of the Dragon Queen,198,,,,,,,,,,,
Wind Weasel,Medium,Fey,Shapechanger,Chaotic Neutral,2,,,,,,,,,,,x,,,,,,,,,Creature Codex,375,,,Sivak Draconian,Large,Monstrosity,,Lawful Evil,4,,,,,,,,,,,,,,,,,,,,Dragonlance: Shadow of the Dragon Queen,199,,,,,,,,,,,
Wind's Harp,Medium,Fiend,Devil,Lawful Evil,4,,,,,,,,x,x,x,x,x,x,x,x,x,x,x,x,Creature Codex,105,,,Dragon Army Officer,Medium,Humanoid,,Lawful Evil,3,,,,,,,,,,,,,,,,,,,,Dragonlance: Shadow of the Dragon Queen,200,,,,,,,,,,,
Windfall,Medium,Humanoid,"Tiefling, Bard",Chaotic Evil,23,,x,x,,x,,,,,,,,,,,,,,,Vecna: Eve of Ruin,153,,,Dragon Army Soldier,Medium,Humanoid,,Lawful Evil,1,,,,,,,,,,,,,,,,,,,,Dragonlance: Shadow of the Dragon Queen,200,,,,,,,,,,,
Windharrow,Medium,Humanoid,Half-Elf,Neutral Evil,3,,x,,,x,,,,,,,,,,,,,,,Princes of the Apocalypse,192,,,Dragon Army Dragonnel,Large,Dragon,,Lawful Evil,3,,,,,,,,,,,,,,,,,,,,Dragonlance: Shadow of the Dragon Queen,201,,,,,,,,,,,
Windwalker Wendigo,Huge,Aberration,,Chaotic Evil,16,,x,x,,,,,x,,,,,,,,,,,x,Sandy Petersen's Cthulhu Mythos,396,,,Wasteland Dragonnel,Large,Dragon,,Chaotic Good,3,,,,,,,,,,,,,,,,,,,,Dragonlance: Shadow of the Dragon Queen,201,,,,,,,,,,,
Windy Wailer,Large,Undead,,Neutral Evil,5,,,,,,,,,x,,,,,,,,,,,Tome of Beasts 2,370,,,Istarian Drone,Medium,Construct,,Unaligned,6,,,,,,,,,,,,,,,,,,,,Dragonlance: Shadow of the Dragon Queen,202,,,,,,,,,,,
Winged Ape,Medium,Monstrosity,,Neutral,2,,,,,,,,,,,,,,ø,,,,,,Monster a Day Compendium 2.0,229,,,Kalaman Soldier,Small or Medium,Humanoid,,Any,1/2,,,,,,,,,,,,,,,,,,,,Dragonlance: Shadow of the Dragon Queen,202,,,,,,,,,,,
Winged Bull,Large,Celestial,,Unaligned,4,,,,,,,,,,,,,,,,,,,x,Mythic Odysseys of Theros,214,,,Kansaldi Fire-Eyes,Medium,Humanoid,"Human, Cleric",Lawful Evil,11,,x,,,x,,,,,,,,,,,,,,,Dragonlance: Shadow of the Dragon Queen,203,,,,,,,,,,,
Winged Kobold,Small,Humanoid,Kobold,Lawful Neutral,1/4,,,,,,,,x,x,x,x,,x,x,x,x,,x,,Monster Manual,195,,,Kender Skirmisher,Small,Humanoid,,Any,1/4,,,,,,,,,,,,,,,,,,,,Dragonlance: Shadow of the Dragon Queen,204,,,,,,,,,,,
Winged Lion,Large,Celestial,,Unaligned,4,,,,,,,,,,,,,,,,,,,x,Mythic Odysseys of Theros,214,,,Lohezet,Medium,Humanoid,"Human, Wizard",Neutral Evil,12,,x,,,x,,,,,,,,,,,,,,,Dragonlance: Shadow of the Dragon Queen,205,,,,,,,,,,,
Winged Sliver,Large,Monstrosity,Sliver,Neutral Evil,3,,,,,,,,,ø,,ø,ø,ø,ø,ø,ø,,,,Monster a Day Compendium 2.0,189,,,Lord Soth,Medium,Undead,Paladin,Lawful Evil,19,,x,x,,x,,,,,,,,,,,,,,,Dragonlance: Shadow of the Dragon Queen,206,Vecna: Eve of Ruin 246,,,,,,,,,,
Winged Thrull,Small,Construct,,Unaligned,1/2,,,,,,,,,,,,,,,,,,ø,,Guildmaster's Guide to Ravnica,221,,,Red Ruin,Medium,Humanoid,,Lawful Evil,10,,,,,x,,,,,,,,,,,,,,,Dragonlance: Shadow of the Dragon Queen,208,,,,,,,,,,,
Winter Eladrin,Medium,Fey,elf,Chaotic Neutral,10,,x,,,,,,x,,,x,,,,,,,,,Mordenkainen Presents: Monsters of the Multiverse,117,,,Skeletal Knight,Medium,Undead,,Lawful Evil,7,,,,,,,,,,,,,,,,,,,,Dragonlance: Shadow of the Dragon Queen,208,,,,,,,,,,,
Winter Eladrin,Medium,Fey,Elf,Chaotic Neutral,10,,x,,,,,,x,,,x,,,,,,,,,Mordenkainen's Tome of Foes,197,,,Wersten Kern,Medium,Undead,,Lawful Evil,14,,x,,,x,,,,,,,,,,,,,,,Dragonlance: Shadow of the Dragon Queen,209,,,,,,,,,,,
Winter Sprite,Tiny,Fey,,Neutral,1,,x,,,,,,ø,,,,,,,,,,,,Monster a Day Compendium 2.0,230,,,Andir Valmakos,Medium,Humanoid,"Sidekick, Human",Chaotic Good,1,,x,,,x,,,,,,,,,,,,,,,Dragonlance: Shadow of the Dragon Queen,210,,,,,,,,,,,
Winter Wolf,Large,Monstrosity,,Neutral Evil,3,,,,,,,,x,,,x,,x,,,,,,,Monster Manual,340,,,Ayik Ur,Medium,Humanoid,"Sidekick, Human",Neutral Good,1,,,,,x,,,,,,,,,,,,,,,Dragonlance: Shadow of the Dragon Queen,211,,,,,,,,,,,
Winterghast,Medium,Undead,,Chaotic Evil,4,,,,,,,,x,,,,,,,,,,,,Tome of Beasts 2,371,,,Hrigg Roundrook,Medium,Humanoid,"Sidekick, Dwarf",Lawful Good,1,,x,,,x,,,,,,,,,,,,,,,Dragonlance: Shadow of the Dragon Queen,211,,,,,,,,,,,
Wintergrim,Small,Fey,,Chaotic Good,1/2,,x,,,,,,x,,,,,,,,,,,,Tome of Beasts 2,372,,,Iriad,Medium,Humanoid,"Sidekick, Elf",Chaotic Good,1,,,,,x,,,,,,,,,,,,,,,Dragonlance: Shadow of the Dragon Queen,212,,,,,,,,,,,
Wirbeln Fungi,Small,Plant,,Lawful Neutral,1,,,,,,,,,,,x,,,,x,x,,,,Creature Codex,166,,,Levna Drakehorn,Medium,Humanoid,"Sidekick, Human",Lawful Good,1,,,,,x,,,,,,,,,,,,,,,Dragonlance: Shadow of the Dragon Queen,213,,,,,,,,,,,
Witch Grass,Small,Plant,,Unaligned,0,,,,,,,,,,,x,x,x,,x,,,,,Fifth Edition Foes,248,,,Temp Temble,Small,Humanoid,"Sidekick, Kender",Chaotic Good,1,,x,,,x,,,,,,,,,,,,,,,Dragonlance: Shadow of the Dragon Queen,213,,,,,,,,,,,
Witch of the Woods,Medium,Humanoid,Any race,Any Chaotic or Evil,7,,x,,,,,,x,,,,,x,,,,,,,Sandy Petersen's Cthulhu Mythos,407,,,Wynling,Tiny,Fey,,Chaotic Neutral,1/2,,,,,,,,,,,,,,,,,,,,Journeys Through the Radiant Citadel,33,,,,,,,,,,,
Witch Queen,Small,Humanoid,Derro,Chaotic Evil,5,,x,,,,,,,,,,,,,,x,,,,Creature Codex,97,,,Soul Shaker,Large,Undead,,Chaotic Evil,4,,,,,,,,,,,,,,,,,,,,Journeys Through the Radiant Citadel,47,,,,,,,,,,,
Witchlight,Tiny,Construct,,Neutral,1/4,,,,,,o,,,,,ø,,ø,ø,ø,ø,,,,Tome of Beasts,409,,,Tlacatecolo,Medium,Fiend,Demon,Neutral Evil,5,,,,,,,,,,,,,,,,,,,,Journeys Through the Radiant Citadel,65,,,,,,,,,,,
Witchlight Hands,Medium,Humanoid,,Any,1/8,,x,,,,,,,,,,,,,,,,,x,The Wild Beyond The Witchlight,27,,,Aurumvorax,Small,Monstrosity,,Unaligned,2,,,,,,,,,,,,,,,,,,,,Journeys Through the Radiant Citadel,105,,,,,,,,,,,
Witchlight Hands,Small,Humanoid,,Any,1/8,,x,,,,,,,,,,,,,,,,,x,The Wild Beyond The Witchlight,27,,,Aurumvorax Den Leader,Medium,Monstrosity,,Unaligned,4,,,,,,,,,,,,,,,,,,,,Journeys Through the Radiant Citadel,105,,,,,,,,,,,
Witherbloom Apprentice,Medium,Humanoid,Sorcerer,Any,2,,x,,,,,,,,,,,,,,,,ø,,Strixhaven: A Cirriculum of Chaos,221,,,Tlexolotl,Huge,Elemental,,Neutral,10,,,,,,,,,,,,,,,,,,,,Journeys Through the Radiant Citadel,119,,,,,,,,,,,
Witherbloom Apprentice,Small,Humanoid,Sorcerer,Any,2,,x,,,,,,,,,,,,,,,,ø,,Strixhaven: A Cirriculum of Chaos,221,,,Riverine,Large,Fey,,Any,12,,,x,x,,,,,,,,,,,,,,,,Journeys Through the Radiant Citadel,133,,,,,,,,,,,
Witherbloom Pledgemage,Medium,Humanoid,Sorcerer,Any,4,,x,,,,,,,,,,,,,,,,ø,,Strixhaven: A Cirriculum of Chaos,222,,,Bakunawa,Gargantuan,Dragon,,Neutral,12,,,x,,,,,,,,,,,,,,,,,Journeys Through the Radiant Citadel,147,,,,,,,,,,,
Witherbloom Pledgemage,Small,Humanoid,Sorcerer,Any,4,,x,,,,,,,,,,,,,,,,ø,,Strixhaven: A Cirriculum of Chaos,222,,,Pari,Medium,Celestial,,Lawful Good,13,,x,,,,,,,,,,,,,,,,,,Journeys Through the Radiant Citadel,167,,,,,,,,,,,
Witherbloom Prof. of Decay,Medium,Humanoid,Sorcerer,Any,7,,x,,,,,,,,,,,,,,,,ø,,Strixhaven: A Cirriculum of Chaos,223,,,Haint,Medium,Undead,,Neutral,7,,,,,,,,,,,,,,,,,,,,Journeys Through the Radiant Citadel,185,,,,,,,,,,,
Witherbloom Prof. of Decay,Small,Humanoid,Sorcerer,Any,7,,x,,,,,,,,,,,,,,,,ø,,Strixhaven: A Cirriculum of Chaos,223,,,Whistler,Large,Aberration,,Neutral Evil,9,,,,,,,,,,,,,,,,,,,,Journeys Through the Radiant Citadel,221,,,,,,,,,,,
Witherbloom Prof. of Growth,Medium,Humanoid,Sorcerer,Any,7,,x,,,,,,,,,,,,,,,,ø,,Strixhaven: A Cirriculum of Chaos,223,,,Charmayne Daymore,Medium,Elemental,Wizard,Neutral Evil,10,,x,x,,x,,,,,,,,,,,,,,,Keys from the Golden Vault,159,,,,,,,,,,,
Witherbloom Prof. of Growth,Small,Humanoid,Sorcerer,Any,7,,x,,,,,,,,,,,,,,,,ø,,Strixhaven: A Cirriculum of Chaos,223,,,Clockwork Defender,Medium,Construct,,Unaligned,1,,,,,,,,,,,,,,,,,,,,Keys from the Golden Vault,85,,,,,,,,,,,
Witherstench,Small,Monstrosity,,Unaligned,0,,,,,,,,,,,x,x,x,,,,,,,Fifth Edition Foes,249,,,Clockwork Observer,Tiny,Construct,,Unaligned,0,,,,,,,,,,,,,,,,,,,,Keys from the Golden Vault,85,,,,,,,,,,,
Wizard Kobold,Small,Humanoid,Kobold,Lawful Neutral,5,,x,,,,,,,,,,,,,,x,,x,,Creature Codex,241,,,Fragment of Krokulmar,Tiny,Aberration,,Chaotic Evil,0,,,,,x,,,,,,,,,,,,,,,Keys from the Golden Vault,53,,,,,,,,,,,
Woe Siphon,Medium,Fey,,Chaotic Neutral,3,,,,,,,,,,,,,,,,x,,x,,Tome of Beasts 2,373,,,Markos Delphi,Medium,Humanoid,"Human, Warlock",Chaotic Neutral,3,,x,,,x,,,,,,,,,,,,,,,Keys from the Golden Vault,53,,,,,,,,,,,
Woe Strider,Large,Aberration,,Chaotic Evil,7,,,,,,,,,,,,,,,,,,,,Mythic Odysseys of Theros,247,,,Prisoner 13,Medium,Humanoid,"Dwarf, Monk",Neutral Evil,5,,,,,x,,,,,,,,,,,,,,,Keys from the Golden Vault,68,,,,,,,,,,,
Wolf,Medium,Beast,,Unaligned,1/4,,,,,,,,,,,x,x,x,,,,,,,Monster Manual,341,"Lost Mines of Phandelver 63, Player's Handbook 311, Rise of Tiamat Online Supplement 27",,Sythian Skalderang,Medium,Humanoid,"Bard, Tiefling",Chaotic Evil,7,,x,,,x,,,,,,,,,,,,,,,Keys from the Golden Vault,117,,,,,,,,,,,
Wolf Reaver Dwarf,Medium,Humanoid,Dwarf,Any Chaotic,3,,,,,,,,,,,,,ø,ø,,ø,,ø,,Tome of Beasts,426,,,Tixie Tockworth,Small,Humanoid,Gnome,Chaotic Evil,7,,x,,,x,,,,,,,,,,,,,,,Keys from the Golden Vault,85,,,,,,,,,,,
Wolf Spirit Swarm,Large,Undead,Swarm,Neutral Evil,6,,,,,,,,ø,,,ø,,,,,,,,,Tome of Beasts,377,,,Astral Blight,Medium,Plant,,Unaligned,1,,,,,,,,,,,,,,,,,,,,Light of Xaryxis,10,,,,,,,,,,,
Wolf-in-sheep's-clothing,Medium,Plant,,Unaligned,7,,,,,,,,,,,,,,,,,,,,Quests from the Infinite Staircase,221,,,Kobold Tinkerer,Small,Humanoid,,Any,1/4,,,,,,,,,,,,,,,,,,,,Dragons of Stormwreck Isle,43,,,,,,,,,,,
Wolfwere,Medium,Monstrosity,Shapechanger,Chaotic Evil,1,,,,,,,,x,,,x,x,x,,,x,,,,Fifth Edition Foes,230,,,Runara (Adult Bronze Dragon),Huge,Dragon,Metallic,Lawful Good,13,,,x,,x,,,,,,,,,,,,,,,Dragons of Stormwreck Isle,40,,,,,,,,,,,
Wolfwere,Medium,Humanoid,"beast, shapechanger",Chaotic Evil,4,,,,,,,,,,,ø,ø,ø,,,,,ø,,Minsc and Boo's Journal of Villainy,155,,,Fume Drake,Small,Elemental,,Neutral,1/4,,,,,,,,,,,,,,,,,,,,Dragons of Stormwreck Isle,41,,,,,,,,,,,
Wolfwere Alpha,Medium,Humanoid,"beast, shapechanger",Chaotic Evil,6,,,,,,,,,,,ø,ø,ø,,,,,ø,,Minsc and Boo's Journal of Villainy,154,,,Sinensa,Large,Plant,Myconid,Lawful Neutral,2,,,,,x,,,,,,,,,,,,,,,Dragons of Stormwreck Isle,45,,,,,,,,,,,
Wolpertinger,Tiny,Monstrosity,,Unaligned,1/4,,,,,,v,,,,,x,,,,,,,,,Creature Codex,382,,,Spore Servant Octopus,Large,Plant,,Unaligned,1,,,,,,,,,,,,,,,,,,,,Dragons of Stormwreck Isle,46,,,,,,,,,,,
Wood Elf Wizard,Medium,Humanoid,Elf,Neutral Evil,7,,x,,,,,,,,,ø,,,,,x,,,,Candlekeep Mysteries,187,,,Tarak,Medium,Humanoid,Human,Lawful Neutral,1,,,,,x,,,,,,,,,,,,,,,Dragons of Stormwreck Isle,47,,,,,,,,,,,
Wood Golem,Medium,Construct,,Unaligned,3,,,,,,,,x,x,x,x,x,x,x,x,x,x,x,x,Creature Codex,201,,,Varnoth,Medium,Humanoid,Human,Neutral Good,2,,,,,x,,,,,,,,,,,,,,,Dragons of Stormwreck Isle,47,,,,,,,,,,,
Wood Ward,Medium,Construct,,Unaligned,1,,,,,,,,,,,x,x,,,,,,,,Tome of Beasts 2,374,,,Lorghalan Cannonball,Small,Elemental,,Neutral,1,,,,,,,,,,,,,,,,,,,,DM's Guild: Chronicles of Eberron,56,,,,,,,,,,,
Wood Woad,Medium,Plant,,Lawful Neutral,5,,,,,,,,,,,x,,,,,,,,,Mordenkainen Presents: Monsters of the Multiverse,266,,,Kuo-toa Dreamseer,Medium,Humanoid,Kuo-toa,Any,3,,,,,,,,,,,,,,,,,,,,DM's Guild: Chronicles of Eberron,111,,,,,,,,,,,
Wood Woad,Medium,Plant,,Lawful Neutral,5,,,,,,,,,,,x,,,,,,,,,Volo's Guide to Monsters,198,,,Kuo-toa Godshaper,Medium,Humanoid,Kuo-toa,Any,5,,,,,,,,,,,,,,,,,,,,DM's Guild: Chronicles of Eberron,111,,,,,,,,,,,
Wooden Golem,Medium,Construct,,Unaligned,3,,,,,,,,x,x,x,x,x,x,x,x,x,,x,,Fifth Edition Foes,129,,,Var-Tolai Priest,Medium,Humanoid,Elf,Lawful Neutral,10,,x,,,,,,,,,,,,,,,,,x,DM's Guild: Chronicles of Eberron,117,,,,,,,,,,,
Woodwose,Medium,Humanoid,,Chaotic Neutral,1/2,,x,,,,,,,,,x,,,,,,,,,Creature Codex,383,,,Handmaiden of Sorrow,Medium,Undead,,Chaotic Evil,6,,,,,,,,,,,,,,,,,,,,DM's Guild: Chronicles of Eberron,149,,,,,,,,,,,
Woolly Rhinoceros,Large,Beast,,Unaligned,6,,,,,,,,x,,,x,x,,,x,,,,,Fifth Edition Foes,186,,,Oathbound Seeker,Medium,Undead,,Lawful Evil,4,,x,,,,,,,,,,,,,,,,,,DM's Guild: Chronicles of Eberron,152,,,,,,,,,,,
Worg,Large,Monstrosity,,Neutral Evil,1/2,,,,,,,,,,,x,x,x,,,,,,,Monster Manual,341,,,Lord Varonaen,Medium,Undead,,Neutral Evil,10,,x,,,x,,,,,,,,,,,,,,,DM's Guild: Chronicles of Eberron,157,,,,,,,,,,,
Worker Robot,Medium,Construct,,Neutral,3,,,,,,,,,,,,,,,,,,,,Quests from the Infinite Staircase,215,,,Haeldar Krakensbane,Medium,Undead,,Chaotic Evil,17,,,,,x,,,,,,,,,,,,,,,DM's Guild: Chronicles of Eberron,158,,,,,,,,,,,
Worm of Ghroth,Huge,Monstrosity,,Unaligned,13,,,,,,,,,,,,,,,,x,,,,Sandy Petersen's Cthulhu Mythos,199,,,Mordain the Fleshweaver,Medium,Aberration,,Neutral Evil,18,,x,x,x,x,,,,,,,,,,,,,,,DM's Guild: Chronicles of Eberron,169,,,,,,,,,,,
Wormhearted Suffragan,Medium,Undead,,Chaotic Evil,5,,x,,,,,,,,,,ø,ø,ø,,,,,,Tome of Beasts,410,,,Avassh,Medium,Aberration,,Neutral Evil,22,,,x,x,x,,,,,,,,,,,,,,,DM's Guild: Chronicles of Eberron,176,,,,,,,,,,,
Wraith,Medium,Undead,,Neutral Evil,5,,,,,,,,,,,,,,,,x,,,,Monster Manual,302,Rise of Tiamat Online Supplement 28,,Hound Archon,Medium,Celestial,,Lawful Good,4,,x,,,,,,,,,,,,,,,,,x,Morte's Planar Parade,16,,,,,,,,,,,
Wraith Bear,Large,Undead,,Chaotic Evil,9,,,,,,,,,,,x,,,,,,,,,Tome of Beasts 2,375,,,Lantern Archon,Small,Celestial,,Lawful Good,2,,x,,,,,,,,,,,,,,,,,x,Morte's Planar Parade,17,,,,,,,,,,,
Wraithroot Tree,Huge,Plant,,Not Provided,14,,,,,,,,,,,ø,,,,,,,,,Tal'Dorei Campaign Setting Reborn,259,,,Warden Archon,Large,Celestial,,Lawful Good,8,,x,,,,,,,,,,,,,,,,,x,Morte's Planar Parade,18,,,,,,,,,,,
Wretched Sorrowsworn,Small,Monstrosity,,Neutral Evil,1/4,,,,,,,,,,,,,,,x,x,,x,,Mordenkainen Presents: Monsters of the Multiverse,224,Mordenkainen's Tome of Foes 233,,Baernaloth,Large,Fiend,Yugoloth,Neutral Evil,17,,x,x,x,,,,,,,,,,,,,,,x,Morte's Planar Parade,20,,,,,,,,,,,
Wurm,Huge,Monstrosity,,Unaligned,14,,,,,,,,,,,,,,ø,,ø,,ø,,Guildmaster's Guide to Ravnica,225,,,Bariaur Wanderer,Medium,Celestial,,Chaotic Good,3,,x,,,,,,,,,,,,,,,,,x,Morte's Planar Parade,21,,,,,,,,,,,
Wynling,Tiny,Fey,,Chaotic Neutral,1/2,,,,,,,,,,,,,,,,,,,,Journeys Through the Radiant Citadel,33,,,Cranium Rat Squeaker,Tiny,Aberration,,Unaligned,0,,,,,,,,,,,,,,,,,,,x,Morte's Planar Parade,22,,,,,,,,,,,
Wyvern,Large,Dragon,,Unaligned,6,,,,,,,,,,,,,x,x,,,,,,Monster Manual,303,,,Cranium Rat Squeaker Swarm,Medium,Aberration,,Neutral,5,,x,,,,,,,,,,,,,,,,,x,Morte's Planar Parade,22,,,,,,,,,,,
Wyvern Knight,Medium,Humanoid,Any Race,Lawful Evil,5,,,,,,,,,,,,,x,x,,,,,,Creature Codex,385,,,Dabus,Medium,Celestial,,Lawful Neutral,2,,,,,,,,,,,,,,,,,,,x,Morte's Planar Parade,23,,,,,,,,,,,
Wyvern-Rider,Medium,Humanoid,Half-elf,Unaligned,9,,,,,,,,,,,,,,,,,,ø,,Monster a Day Compendium 2.0,92,,,Darkweaver,Medium,Aberration,,Chaotic Evil,10,,,,x,,,,,,,,,,,,,,,x,Morte's Planar Parade,25,,,,,,,,,,,
Xan Moonblade,Medium,Humanoid,Elf,Lawful Neutral,8,,x,,,x,,,,,,,,,,,,,x,,Minsc and Boo's Journal of Villainy,38,,,Farastu Demodand,Medium,Fiend,,Neutral Evil,11,,x,,,,,,,,,,,,,,,,,x,Morte's Planar Parade,26,,,,,,,,,,,
Xandala,Medium,Humanoid,Half-elf,Neutral Evil,7,,x,,,x,,,,,,,,,,,,,,,Tomb of Annihilation,236,,,Kelubar Demodand,Medium,Fiend,,Neutral Evil,13,,x,,,,,,,,,,,,,,,,,x,Morte's Planar Parade,27,,,,,,,,,,,
Xanka,Small,Construct,,Unaligned,1/4,,,,,,,,,,,,,,,,ø,,ø,,Tome of Beasts,411,,,Shator Demodand,Large,Fiend,,Neutral Evil,16,,x,,,,,,,,,,,,,,,,,x,Morte's Planar Parade,28,,,,,,,,,,,
Xardorok Sunblight,Medium,Humanoid,Dwarf,Lawful Evil,5,,x,,,x,,,,,,,,,,,,,,,Icewind Dale: Rime of the Frostmaiden,287,,,Eater of Knowledge,Large,Aberration,,Neutral Evil,6,,x,,,,,,,,,,,,,,,,,x,Morte's Planar Parade,29,,,,,,,,,,,
Xenabsorber,Medium,Aberration,,Chaotic Neutral,3,,,,,,,,x,x,x,x,x,x,x,x,x,x,x,x,Creature Codex,387,,,Githzerai Futurist,Medium,Aberration,Gith,Any,9,,x,,,,,,,,,,,,,,,,,x,Morte's Planar Parade,30,,,,,,,,,,,
Xhkarsh,Large,Aberration,,Neutral Evil,8,,,,,,,,,,,,,,,,,,,ø,Tome of Beasts,412,,,Githzerai Traveler,Medium,Aberration,Gith,Any,3,,x,,,,,,,,,,,,,,,,,x,Morte's Planar Parade,31,,,,,,,,,,,
Xill,Medium,Monstrosity,,Lawful Evil,3,,,,,,,,ø,ø,ø,ø,ø,ø,ø,ø,ø,ø,ø,x,Mordenkainen's Fiendish Folio vol. 1,21,,,Githzerai Uniter,Medium,Aberration,Gith,Any,7,,x,,,,,,,,,,,,,,,,,x,Morte's Planar Parade,31,,,,,,,,,,,
Xing Tian,Huge,Giant,,Neutral,11,,,,,,,,,,,x,,x,,,,,,,Tome of Beasts 2,376,,,Avoral Guardinal,Medium,Celestial,,Neutral Good,9,,x,,,,,,,,,,,,,,,,,x,Morte's Planar Parade,32,,,,,,,,,,,
Xiphus,Small,Fey,,Chaotic Evil,5,,,,,,,,,,,x,,,,,,,x,,Creature Codex,388,,,Equinal Guardinal,Large,Celestial,,Neutral Good,6,,,,,,,,,,,,,,,,,,,x,Morte's Planar Parade,33,,,,,,,,,,,
Xorn,Medium,Elemental,,Neutral,5,,,,,,,,,,,,,,,,x,,,,Monster Manual,304,,,Musteval Guardinal,Small,Celestial,,Neutral Good,2,,x,,,,,,,,,,,,,,,,,x,Morte's Planar Parade,33,,,,,,,,,,,
Xvart,Small,Monstrosity,,Chaotic Evil,1/8,,,,,,,,,,,,,x,,,x,,,,Mordenkainen Presents: Monsters of the Multiverse,267,,,Kolyarut,Medium,Construct,Inevitable,Lawful Neutral,20,,,x,,,,,,,,,,,,,,,,x,Morte's Planar Parade,34,,,,,,,,,,,
Xvart,Small,Humanoid,Xvart,Chaotic Evil,1/8,,,,,,,,,,,,,x,,,x,,,,Volo's Guide to Monsters,200,,,Maelephant,Large,Fiend,,Lawful Evil,10,,,,,,,,,,,,,,,,,,,x,Morte's Planar Parade,35,,,,,,,,,,,
Xvart Warlock of Raxivort,Small,Monstrosity,,Chaotic Evil,1,,x,,,,,,,,,,,x,,,x,,,,Mordenkainen Presents: Monsters of the Multiverse,267,,,Decaton Modron,Large,Construct,,Lawful Neutral,8,,x,,,,,,,,,,,,,,,,,x,Morte's Planar Parade,36,,,,,,,,,,,
Xvart Warlock of Raxivort,Small,Humanoid,Xvart,Chaotic Evil,1,,x,,,,,,,,,,,x,,,x,,,,Volo's Guide to Monsters,200,,,Hexaton Modron,Huge,Construct,,Lawful Neutral,13,,x,x,,,,,,,,,,,,,,,,x,Morte's Planar Parade,37,,,,,,,,,,,
Xzar the Chaos Clone,Medium,Humanoid,Human,Chaotic Evil,11,,x,,,x,,,,,,,,,,,,,ø,,Minsc and Boo's Journal of Villainy,128,,,Nonaton Modron,Large,Construct,,Lawful Neutral,10,,x,,,,,,,,,,,,,,,,,x,Morte's Planar Parade,38,,,,,,,,,,,
Yaga Goo,Small,Ooze,,Neutral Evil,5,,,,,,,,,,,,,,,,,,x,,Creature Codex,389,,,Octon Modron,Large,Construct,,Lawful Neutral,11,,x,,,,,,,,,,,,,,,,,x,Morte's Planar Parade,40,,,,,,,,,,,
Yagnoloth,Large,Fiend,yugoloth,Neutral Evil,11,,x,,,,,,,,,,,,,,,,x,,Mordenkainen Presents: Monsters of the Multiverse,268,Mordenkainen's Tome of Foes 252,,Septon Modron,Large,Construct,,Lawful Neutral,12,,x,,,,,,,,,,,,,,,,,x,Morte's Planar Parade,40,,,,,,,,,,,
Yakfolk Priest,Large,Monstrosity,,Neutral Evil,4,,x,,,,,,,,,,,,,,,,,,Storm King's Thunder,245,,,Planar Incarnate,Gargantuan,Celestial,,Any,22,,,x,,,,,,,,,,,,,,,,x,Morte's Planar Parade,41,,,,,,,,,,,
Yakfolk Warrior,Large,Monstrosity,,Neutral Evil,3,,,,,,,,,,,,,,,,,,,,Storm King's Thunder,244,,,Planar Incarnate,Gargantuan,Fiend,,Any,22,,,x,,,,,,,,,,,,,,,,x,Morte's Planar Parade,41,,,,,,,,,,,
Yakirian,Medium,Humanoid,Yakirian,Lawful Neutral,2,,,,,,,,,,,,,x,x,,,,,,Creature Codex,390,,,Razorvine Blight,Medium,Plant,,Neutral Evil,1,,,,,,,,,,,,,,,,,,,x,Morte's Planar Parade,42,,,,,,,,,,,
Yan-C-Bin,Huge,Elemental,,Neutral Evil,18,,x,x,x,x,,,,,,,,,,,,,,ø,Princes of the Apocalypse,220,,,Aurumach Rilmani,Large,Celestial,,Neutral,17,,x,,,,,,,,,,,,,,,,,x,Morte's Planar Parade,43,,,,,,,,,,,
Yann-An-Oed,Huge,Aberration,,Neutral,2,,,,,,,,,x,,,,,,,,x,,,Creature Codex,391,,,Cuprilach Rilmani,Medium,Celestial,,Neutral,12,,x,,,,,,,,,,,,,,,,,x,Morte's Planar Parade,44,,,,,,,,,,,
Yaojing,Medium,Celestial,,Neutral Good,15,,x,,,,,,,,,x,x,,x,,,,,x,Tome of Beasts 2,377,,,Ferrymach Rilmani,Medium,Celestial,,Neutral,9,,x,,,,,,,,,,,,,,,,,x,Morte's Planar Parade,44,,,,,,,,,,,
Yarnspinner,Huge,Fey,Archfey,Lawful Good,10,,x,x,,,,,,,,,,,,,,,,x,Domains of Delight,22,,,Shemeshka,Medium,Fiend,Yugoloth,Neutral Evil,14,,x,x,,x,,,,,,,,,,,,,,x,Morte's Planar Parade,46,,,,,,,,,,,
Yathon,Large,Humanoid,,Neutral,7,,,,,,,,,,,,,,,,x,,,,Tome of Beasts 2,378,,,Sunflies,Tiny,Celestial,,Chaotic Good,0,,,,,,,,,,,,,,,,,,,x,Morte's Planar Parade,47,,,,,,,,,,,
Yavalnoi,Large,Aberration,,Chaotic Evil,6,,x,,,,,,,,,,,,,,,x,,,Tome of Beasts 2,379,,,Swarm of Sunflies,Medium,Celestial,,Chaotic Good,1,,,,,,,,,,,,,,,,,,,x,Morte's Planar Parade,47,,,,,,,,,,,
Ychen Bannog,Gargantuan,Beast,,Unaligned,11,,,,,,,,ø,ø,ø,ø,ø,ø,ø,ø,,,,,Tome of Beasts,413,,,Ancient Time Dragon,Gargantuan,Dragon,,Neutral,26,,,x,x,,,,,,,,,,,,,,,x,Morte's Planar Parade,48,,,,,,,,,,,
Yeenoghu,Huge,Fiend,demon,Chaotic Evil,24,,x,x,x,x,,,,,,,,,,,,,,ø,Mordenkainen Presents: Monsters of the Multiverse,270,,,Adult Time Dragon,Huge,Dragon,,Neutral,18,,,x,x,,,,,,,,,,,,,,,x,Morte's Planar Parade,50,,,,,,,,,,,
Yeenoghu,Huge,Fiend,"Demon, Demon Lord",Chaotic Evil,24,,x,x,x,x,,,,,,,,,,,,,,ø,Mordenkainen's Tome of Foes,155,"Baldur's Gate: Descent into Avernus 242, Out of the Abyss 247",,Young Time Dragon,Large,Dragon,,Neutral,11,,,,,,,,,,,,,,,,,,,x,Morte's Planar Parade,51,,,,,,,,,,,
Yek,Small,Fiend,Demon,Chaotic Evil,4,,,,,,,,x,x,x,x,x,x,x,x,x,x,x,x,Creature Codex,95,,,Time Dragon Wyrmling,Medium,Dragon,,Neutral,5,,,,,,,,,,,,,,,,,,,x,Morte's Planar Parade,51,,,,,,,,,,,
Yellow Musk Creeper,Large,Plant,,Unaligned,1,,,,,,,,,,,x,,,,x,x,,,,Fifth Edition Foes,250,,,Vargouille Reflection,Tiny,Fiend,,Chaotic Evil,1,,,,,,,,,,,,,,,,,,,x,Morte's Planar Parade,52,,,,,,,,,,,
Yellow Musk Creeper,Medium,Plant,,Unaligned,2,,,,,,,,,,,ø,,,,ø,ø,,,,Tomb of Annihilation,237,,,Athar Null,Small or Medium,Humanoid,,Any,5,,,,,,,,,,,,,,,,,,,x,Morte's Planar Parade,53,,,,,,,,,,,
Yellow Musk Zombie,Medium,Plant,,Neutral Evil,1/4,,,,,,,,,,,x,,,,x,x,,,,Fifth Edition Foes,251,,,Bleak Cabal Void Soother,Small or Medium,Humanoid,,Any,3,,x,,,,,,,,,,,,,,,,,x,Morte's Planar Parade,54,,,,,,,,,,,
Yellow Musk Zombie,Medium,Plant,,Unaligned,1/2,,,,,,,,,,,ø,,,,ø,ø,,,,Tomb of Annihilation,237,,,Doomguard Doom Lord,Small or Medium,Humanoid,,Any,12,,,,,,,,,,,,,,,,,,,x,Morte's Planar Parade,54,,,,,,,,,,,
Yellow Sign Attendant,Medium,Undead,,Chaotic Evil,4,,x,,,,,x,,,,,,,,,x,,x,,Sandy Petersen's Cthulhu Mythos,389,,,Doomguard Rot Blade,Small or Medium,Humanoid,,Any,6,,,,,,,,,,,,,,,,,,,x,Morte's Planar Parade,56,,,,,,,,,,,
Yestabrod,Large,Monstrosity,,Chaotic Evil,4,,,x,,,,,,,,,,,,,,,,,Out of the Abyss,233,,,Fated Shaker,Small or Medium,Humanoid,,Any,5,,x,,,,,,,,,,,,,,,,,x,Morte's Planar Parade,56,,,,,,,,,,,
Yeth Hound,Large,Fey,,Neutral Evil,4,,,,,,,,,,,x,x,x,,,,,,,Mordenkainen Presents: Monsters of the Multiverse,271,Volo's Guide to Monsters 201,,Fraternity of Order Law Bender,Small or Medium,Humanoid,,Any,9,,x,,,,,,,,,,,,,,,,,x,Morte's Planar Parade,57,,,,,,,,,,,
Yeti,Large,Monstrosity,,Chaotic Evil,3,,,,,,,,x,,,,,,,,,,,,Monster Manual,305,,,Hands of Havoc Fire Starter,Small or Medium,Humanoid,,Any,4,,,,,,,,,,,,,,,,,,,x,Morte's Planar Parade,58,,,,,,,,,,,
Yeti Tyke,Small,Monstrosity,,Chaotic Evil,1/8,,,,,,,,ø,,,,,,ø,,,,,,Icewind Dale: Rime of the Frostmaiden,313,,,Harmonium Captain,Small or Medium,Humanoid,,Any,8,,,,,,,,,,,,,,,,,,,x,Morte's Planar Parade,58,,,,,,,,,,,
"Ygorl, Lord of Entropy",Large,Aberration,,Chaotic Neutral,23,,x,x,,x,,,,,,,,,,,,,,ø,Mordenkainen's Fiendish Folio vol. 1,20,,,Harmonium Peacekeeper,Small or Medium,Humanoid,,Any,3,,,,,,,,,,,,,,,,,,,x,Morte's Planar Parade,59,,,,,,,,,,,
Yochlol,Medium,Fiend,"Shapechanger, Demon",Chaotic Evil,10,,x,,,,,,,,,,,,,,,,,ø,Monster Manual,65,,,Heralds of Dust Remnant,Small or Medium,Humanoid,,Any,4,,x,,,,,,,,,,,,,,,,,x,Morte's Planar Parade,59,,,,,,,,,,,
Yothan Commaner,Large,Dragon,,Lawful Evil,13,,,,,,,,,,,,,,,,x,,,,Sandy Petersen's Cthulhu Mythos,402,,,Mercykiller Bloodhound,Small or Medium,Humanoid,,Any,7,,,,,,,,,,,,,,,,,,,x,Morte's Planar Parade,60,,,,,,,,,,,
Yothan Designer,Large,Dragon,,Lawful Evil,4,,,,,,,,,,,,,,,,x,,,,Sandy Petersen's Cthulhu Mythos,401,,,Mind's Eye Matter Smith,Small or Medium,Humanoid,,Any,4,,x,,,,,,,,,,,,,,,,,x,Morte's Planar Parade,60,,,,,,,,,,,
Yothan Warrior,Large,Dragon,,Lawful Evil,6,,,,,,,,,,,,,,,,x,,,,Sandy Petersen's Cthulhu Mythos,401,,,Society of Sensation Muse,Small or Medium,Humanoid,,Any,3,,x,,,,,,,,,,,,,,,,,x,Morte's Planar Parade,61,,,,,,,,,,,
Young Amethyst Dragon,Large,Dragon,Gem,Neutral,9,,x,,,,,,,ø,,,ø,ø,ø,,,,,,Fizban's Treasury of Dragons,161,,,Transcendent Order Conduit,Small or Medium,Humanoid,,Any,8,,,,,,,,,,,,,,,,,,,x,Morte's Planar Parade,62,,,,,,,,,,,
Young Black Dragon,Large,Dragon,,Chaotic Evil,7,,,,,,,,,,,,,,,x,,,,,Monster Manual,88,,,Transcendent Order Instinct,Small or Medium,Humanoid,,Any,3,,,,,,,,,,,,,,,,,,,x,Morte's Planar Parade,62,,,,,,,,,,,
Young Black Zombie Dragon,Large,Undead,,Unaligned,7,,,,,,,x,ø,ø,ø,ø,ø,ø,ø,ø,ø,ø,ø,ø,Dark Arts Player's Companion,54,,,Morte,Tiny,Undead,,Chaotic Good,1/4,,,,,,,,,,,,,,,,,,,x,Turn of Fortune's Wheel,10,,,,,,,,,,,
Young Blue Dragon,Large,Dragon,,Lawful Neutral,9,,,,,,,,,x,x,,,,,,,,,,Monster Manual,91,,,Sildar Hallwinter,Medium,Humanoid,Human,Neutral Good,1,,,,,x,,,,,,,,,,,,,,,Phandelver and Below: The Shattered Obelisk,22,,,,,,,,,,,
Young Blue Dragon Zombie,Large,Undead,,Neutral Evil,10,,,,,,,x,x,x,x,x,x,x,x,x,x,x,x,,Tome of Beasts 2,385,,,"Iarno ""Glasstaff"" Albrek",Medium,Humanoid,"Human, Wizard",Lawful Evil,1,,x,,,x,,,,,,,,,,,,,,,Phandelver and Below: The Shattered Obelisk,43,,,,,,,,,,,
Young Boreal Dragon,Large,Dragon,,Chaotic Neutral,8,,,,,,,,x,,,x,,,,,,,,,Tome of Beasts 2,112,,,Nezznar the Spider,Medium,Humanoid,"Elf, Wizard",Neutral Evil,2,,x,,,x,,,,,,,,,,,,,,,Phandelver and Below: The Shattered Obelisk,74,,,,,,,,,,,
Young Brass Dragon,Large,Dragon,,Chaotic Good,6,,,,,,,,,,x,,,,,,,,,,Monster Manual,105,,,Ruxithid the Chosen,Medium,Aberration,Goblinoid,Neutral Evil,5,,,x,,x,,,,,,,,,,,,,,,Phandelver and Below: The Shattered Obelisk,99,,,,,,,,,,,
Young Bronze Dragon,Large,Dragon,,Lawful Good,8,,,,,,,,,x,,,,,,,,,,,Monster Manual,108,,,Dwarf Skeleton,Medium,Undead,,Lawful Evil,1/2,,,,,,,,,,,,,,,,,,,,Phandelver and Below: The Shattered Obelisk,123,,,,,,,,,,,
Young Cave Dragon,Large,Dragon,,Neutral Evil,8,,x,,,,,,,,,,,,,,ø,,,,Tome of Beasts,127,,,Qunbraxel,Medium,Aberration,"Mind Flayer, Warlock",Lawful Evil,9,,x,,,x,,,,,,,,,,,,,,,Phandelver and Below: The Shattered Obelisk,135,,,,,,,,,,,
Young Copper Dragon,Large,Dragon,,Chaotic Good,7,,,,,,,,,,,,,x,,,,,,,Monster Manual,111,,,Grell Psychic,Medium,Aberration,,Chaotic Evil,4,,x,,,,,,,,,,,,,,,,,,Phandelver and Below: The Shattered Obelisk,145,,,,,,,,,,,
Young Crystal Dragon,Large,Dragon,Gem,Chaotic Neutral,5,,x,,,,,,ø,,,,,,,,,,,,Fizban's Treasury of Dragons,172,,,Oshundo the Alhoon,Medium,Undead,"Mind Flayer, Wizard",Neutral Evil,10,,x,,,x,,,,,,,,,,,,,,,Phandelver and Below: The Shattered Obelisk,153,,,,,,,,,,,
Young Deep Dragon,Large,Dragon,,Neutral Evil,5,,,,,,,,,,,,,,,,ø,,,,Fizban's Treasury of Dragons,175,,,Infected Elder Brain,Large,Aberration,Mind Flayer,Lawful Evil,11,,x,,,,,,,,,,,,,,,,,,Phandelver and Below: The Shattered Obelisk,159,,,,,,,,,,,
Young Dragon Turtle,Huge,Dragon,,Neutral,10,,,,,,,,,,,,,,,,,ø,,,Fizban's Treasury of Dragons,192,,,Lowarnizel,Large,Dragon,Young Gem,Neutral,9,,x,,,x,,,,,,,,,,,,,,,Phandelver and Below: The Shattered Obelisk,181,,,,,,,,,,,
Young Emerald Dragon,Large,Dragon,Gem,Lawful Neutral,8,,x,,,,,,,,,,,,ø,,ø,,,,Fizban's Treasury of Dragons,197,,,Refraction of Ilvaash,Huge,Aberration,Mind Flayer,Lawful Evil,15,,x,x,,x,,,,,,,,,,,,,,,Phandelver and Below: The Shattered Obelisk,197,,,,,,,,,,,
Young Faerie Dragon,Tiny,Dragon,,Chaotic Good,1,,x,,,,,,,,,x,,,,,,,,,Monster Manual,133,,,Aberrant Zealot,Medium,Aberration,,Chaotic Evil,8,,x,,,,,,,,,,,,,,,,,,Phandelver and Below: The Shattered Obelisk,203,,,,,,,,,,,
Young Flame Dragon,Large,Dragon,,Chaotic Evil,9,,,,,,,,,,,,,ø,ø,,,,,,Tome of Beasts,130,,,Feral Ashenwight,Medium,Undead,,Neutral Evil,5,,,,,,,,,,,,,,,,,,,,Phandelver and Below: The Shattered Obelisk,204,,,,,,,,,,,
Young Gold Dragon,Large,Dragon,,Lawful Good,10,,,,,,,,,,,x,x,,,,,,,,Monster Manual,115,,,Psionic Ashenwight,Medium,Undead,,Neutral,7,,x,,,,,,,,,,,,,,,,,,Phandelver and Below: The Shattered Obelisk,204,,,,,,,,,,,
Young Green Dragon,Large,Dragon,,Lawful Neutral,8,,,,,,,,,,,x,,,,,,,,,Monster Manual,94,"Lost Mines of Phandelver 63, The Lost Dungeon of Rickedness: Big Rick Energy 44",,Encephalon Cluster,Large,Aberration,,Unaligned,10,,,x,,,,,,,,,,,,,,,,,Phandelver and Below: The Shattered Obelisk,205,,,,,,,,,,,
Young Imperial Dragon,Large,Dragon,,Neutral,11,,x,,,,,,,x,,,,,,,,x,,,Tome of Beasts 2,117,,,Encephalon Gemmule,Tiny,Aberration,,Unaligned,3,,,,,,,,,,,,,,,,,,,,Phandelver and Below: The Shattered Obelisk,206,,,,,,,,,,,
Young Kraken,Huge,Monstrosity,Titan,Chaotic Evil,14,,,,,,,,,,,,,,,,,,,,Locathah Rising,21,,,Fiendish Auger,Huge,Construct,,Neutral Evil,5,,,,,,,,,,,,,,,,,,,,Phandelver and Below: The Shattered Obelisk,206,,,,,,,,,,,
Young Kruthik,Small,Monstrosity,,Unaligned,1/8,,,,,,,,,,x,,,,x,,x,,,,Mordenkainen Presents: Monsters of the Multiverse,168,Mordenkainen's Tome of Foes 211,,Flesh Meld,Huge,Aberration,,Chaotic Evil,7,,,,,,,,,,,,,,,,,,,,Phandelver and Below: The Shattered Obelisk,207,,,,,,,,,,,
Young Light Dragon,Large,Dragon,,Neutral Good,7,,,,,,,,x,x,x,x,x,x,x,x,x,x,x,x,Creature Codex,114,,,Intellect Snare,Small,Aberration,,Neutral Evil,8,,,,,,,,,,,,,,,,,,,,Phandelver and Below: The Shattered Obelisk,208,,,,,,,,,,,
Young Lunar Dragon,Large,Dragon,,Neutral Evil,7,,,,,,,,,,,,,,,,,,,,Boo's Astral Menagerie,35,,,Mind Flayer Clairvoyant,Medium,Aberration,,Lawful Evil,11,,x,x,,,,,,,,,,,,,,,,,Phandelver and Below: The Shattered Obelisk,209,,,,,,,,,,,
Young Magma Landshark,Large,Elemental,,Not Provided,9,,,,,,,,,,,,,,ø,,ø,,,ø,Tal'Dorei Campaign Setting Reborn,248,,,Mind Flayer Prophet,Medium,Aberration,,Lawful Evil,8,,x,,,,,,,,,,,,,,,,,,Phandelver and Below: The Shattered Obelisk,210,,,,,,,,,,,
Young Mithral Dragon,Medium,Dragon,,Neutral,6,,x,,,,,,,,,,,,,,ø,,,,Tome of Beasts,134,,,Cloaker Mutate,Large,Aberration,,Chaotic Neutral,10,,,,,,,,,,,,,,,,,,,,Phandelver and Below: The Shattered Obelisk,212,,,,,,,,,,,
Young Moonstone Dragon,Large,Dragon,,Neutral,8,,x,,,,,,,,,ø,ø,,ø,,,,,ø,Fizban's Treasury of Dragons,213,,,Humanoid Mutate,Medium,Aberration,,Any,4,,,,,,,,,,,,,,,,,,,,Phandelver and Below: The Shattered Obelisk,212,,,,,,,,,,,
Young Phoenix,Medium,Monstrosity,,Lawful Good,4,,x,,,,,,,,ø,,,,ø,,,,,,Monster a Day Compendium 2.0,162,,,Otyugh Mutate,Large,Aberration,,Neutral,6,,,,,,,,,,,,,,,,,,,,Phandelver and Below: The Shattered Obelisk,213,,,,,,,,,,,
Young Red Dragon,Large,Dragon,,Chaotic Evil,10,,,,,,,,,,,,,x,x,,,,,,Monster Manual,98,,,Oculorb,Large,Aberration,,Chaotic Evil,9,,,,,,,,,,,,,,,,,,,,Phandelver and Below: The Shattered Obelisk,214,,,,,,,,,,,
Young Red Shadow Dragon,Large,Dragon,,Chaotic Evil,13,,,,,,,x,,,,,,,,,x,,,,Monster Manual,85,,,Goblin Psi Brawler,Small,Aberration,Goblinoid,Any,2,,,,,,,,,,,,,,,,,,,,Phandelver and Below: The Shattered Obelisk,215,,,,,,,,,,,
Young Remorhaz,Large,Monstrosity,,Unaligned,5,,,,,,,,x,,,,,,,,,,,,Monster Manual,258,,,Goblin Psi Commander,Small,Aberration,Goblinoid,Any,4,,x,,,,,,,,,,,,,,,,,,Phandelver and Below: The Shattered Obelisk,216,,,,,,,,,,,
Young Sapphire Dragon,Large,Dragon,Gem,Lawful Neutral,9,,x,,,,,,,,,,,,,,ø,,,,Fizban's Treasury of Dragons,216,,,Redbrand Ruffian,Medium,Humanoid,,Neutral Evil,1/2,,,,,,,,,,,,,,,,,,,,Phandelver and Below: The Shattered Obelisk,216,,,,,,,,,,,
Young Sea Dragon,Large,Dragon,,Neutral Evil,9,,,,,,,,,,,,,,,,,ø,,,Tome of Beasts,137,,,Glaive,Medium,Construct,Warforged,Chaotic Evil,11,,,,,x,,,,,,,,,,,,,,,Vecna: Eve of Ruin,81,,,,,,,,,,,
Young Sea Serpent,Huge,Dragon,,Neutral,8,,,,,,,,,,,,,,,,,ø,,,Fizban's Treasury of Dragons,219,,,Windfall,Medium,Humanoid,"Tiefling, Bard",Chaotic Evil,23,,x,x,,x,,,,,,,,,,,,,,,Vecna: Eve of Ruin,153,,,,,,,,,,,
Young Silver Dragon,Large,Dragon,,Lawful Good,9,,,,,,,,,,,,,,x,,,,x,,Monster Manual,118,,,Camlash,Huge,Fiend,Demon,Chaotic Evil,22,,,,,x,,,,,,,,,,,,,,,Vecna: Eve of Ruin,181,,,,,,,,,,,
Young Solar Dragon,Large,Dragon,,Neutral,8,,,,,,,,,,,,,,,,,,,,Boo's Astral Menagerie,53,,,Black Rose Bearer,Medium,Undead,,Neutral Evil,6,,,,,,,,,,,,,,,,,,,,Vecna: Eve of Ruin,208,,,,,,,,,,,
Young Spinosaurus,Huge,Beast,Dinosaur,Unaligned,5,,,,,,,,,ø,,ø,,,,ø,,,,,Tome of Beasts,117,,,Blade Lieutenant,Medium,Construct,Warforged,Lawful Evil,9,,,,,,,,,,,,,,,,,,,,Vecna: Eve of Ruin,209,,,,,,,,,,,
Young Time Dragon,Large,Dragon,,Neutral,11,,,,,,,,,,,,,,,,,,,x,Morte's Planar Parade,51,,,Blade Scout,Medium,Construct,Warforged,Lawful Evil,7,,,,,,,,,,,,,,,,,,,,Vecna: Eve of Ruin,209,,,,,,,,,,,
Young Topaz Dragon,Large,Dragon,Gem,Chaotic Neutral,7,,x,,,,,,,ø,,,,,,ø,,ø,,,Fizban's Treasury of Dragons,223,,,Blazebear,Large,Monstrosity,,Unaligned,12,,,,,,,,,,,,,,,,,,,,Vecna: Eve of Ruin,210,,,,,,,,,,,
Young Void Dragon,Large,Dragon,,Chaotic Neutral,9,,,,,,,,,,,,,,,,,,,ø,Tome of Beasts,140,,,Bone Roc,Huge,Undead,,Neutral Evil,8,,,,,,,,,,,,,,,,,,,,Vecna: Eve of Ruin,211,,,,,,,,,,,
Young Wasteland Dragon,Large,Dragon,,Chaotic Evil,9,,,,,,,,,,,,,x,,,,,,,Creature Codex,118,,,Borthak,Huge,Monstrosity,,Chaotic Evil,15,,,x,,,,,,,,,,,,,,,,,Vecna: Eve of Ruin,212,,,,,,,,,,,
Young White Dragon,Large,Dragon,,Chaotic Evil,6,,,,,,,,x,,,,,,,,,,,,Monster Manual,101,,,Citadel Spider,Gargantuan,Monstrosity,,Neutral Evil,18,,,x,,,,,,,,,,,,,,,,,Vecna: Eve of Ruin,214,,,,,,,,,,,
Young Wind Dragon,Large,Dragon,,Chaotic Neutral,6,,x,,,,,,,,,,,,ø,,,,,,Tome of Beasts,144,,,Deadbark Dryad,Medium,Fey,,Chaotic Evil,13,,x,,,,,,,,,,,,,,,,,,Vecna: Eve of Ruin,216,,,,,,,,,,,
Yowler,Tiny,Undead,,Chaotic Evil,1/2,,,,,,,,,,,,x,,,,,,x,,Tome of Beasts 2,380,,,Deathwolf,Medium,Undead,,Chaotic Evil,15,,,x,,,,,,,,,,,,,,,,,Vecna: Eve of Ruin,217,,,,,,,,,,,
Yskarakta,Large,Fiend,,Neutral Evil,12,,,x,,x,,,,,,,,,,,,,,x,Tome of Beasts 2,317,,,Degloth,Large,Fiend,Demon,Chaotic Evil,11,,,,,,,,,,,,,,,,,,,,Vecna: Eve of Ruin,218,,,,,,,,,,,
Yuan-Ti Abomination,Large,Monstrosity,"Shapechanger, Yuan-Ti",Neutral Evil,7,,x,,,,,,,,x,x,,,,x,,,x,,Monster Manual,308,Rise of Tiamat Online Supplement 28,,False Lich,Medium,Undead,,Neutral Evil,21,,x,x,,,,,,,,,,,,,,,,,Vecna: Eve of Ruin,220,,,,,,,,,,,
Yuan-Ti Anathema,Huge,Monstrosity,,Neutral Evil,12,,x,,,,,,,,x,x,,,,,x,,,,Mordenkainen Presents: Monsters of the Multiverse,272,,,Granite Juggernaut,Large,Construct,,Unaligned,12,,,,,,,,,,,,,,,,,,,,Vecna: Eve of Ruin,221,,,,,,,,,,,
Yuan-Ti Anathema,Huge,Monstrosity,"Shapechanger, Yuan-Ti",Neutral Evil,12,,x,,,,,,,,x,x,,,,x,,,,,Volo's Guide to Monsters,202,,,Hazvongel,Huge,Fiend,Demon,Chaotic Evil,14,,,,,,,,,,,,,,,,,,,,Vecna: Eve of Ruin,222,,,,,,,,,,,
Yuan-Ti Broodguard,Medium,Monstrosity,,Neutral Evil,2,,,,,,,,,,x,x,,,,,x,,,,Mordenkainen Presents: Monsters of the Multiverse,273,,,Hertilod,Huge,Monstrosity,,Unaligned,17,,,x,,,,,,,,,,,,,,,,,Vecna: Eve of Ruin,223,,,,,,,,,,,
Yuan-Ti Broodguard,Medium,Humanoid,"Shapechanger, Yuan-Ti",Neutral Evil,2,,,,,,,,,,x,x,,,,x,,,,,Volo's Guide to Monsters,203,Tomb of Annihilation 238,,Mirror Shade,Medium,Undead,,Chaotic Evil,10,,,,,,,,,,,,,,,,,,,,Vecna: Eve of Ruin,226,,,,,,,,,,,
Yuan-Ti Malison,Medium,Monstrosity,"Shapechanger, Yuan-Ti",Neutral Evil,3,,x,,,,,,,,x,x,,,,x,,,,,Monster Manual,309,Rise of Tiamat Online Supplement 29,,Moonlight Guardian,Medium,Construct,,Unaligned,6,,,,,,,,,,,,,,,,,,,,Vecna: Eve of Ruin,227,,,,,,,,,,,
Yuan-Ti Mind Whisperer,Medium,Monstrosity,warlock,Neutral Evil,4,,x,,,,,,,,x,x,,,,,x,,,,Mordenkainen Presents: Monsters of the Multiverse,274,,,Relentless Impaler,Large,Fiend,,Neutral Evil,15,,,x,,,,,,,,,,,,,,,,,Vecna: Eve of Ruin,231,,,,,,,,,,,
Yuan-Ti Mind Whisperer,Medium,Monstrosity,"Shapechanger, Yuan-Ti",Neutral Evil,4,,x,,,,,,,,x,x,,,,x,,,,,Volo's Guide to Monsters,204,,,Spiderdragon,Huge,Monstrosity,,Chaotic Evil,11,,,,,,,,,,,,,,,,,,,,Vecna: Eve of Ruin,233,,,,,,,,,,,
Yuan-Ti Nightmare Speaker,Medium,Monstrosity,warlock,Neutral Evil,4,,x,,,,,,,,x,x,,,,,x,,,,Mordenkainen Presents: Monsters of the Multiverse,275,,,Kakkuu Spyder-Fiend,Medium,Fiend,Demon,Chaotic Evil,5,,,,,,,,,,,,,,,,,,,,Vecna: Eve of Ruin,234,,,,,,,,,,,
Yuan-Ti Nightmare Speaker,Medium,Monstrosity,"Shapechanger, Yuan-Ti",Neutral Evil,4,,x,,,,,,,,x,x,,,,x,,,,,Volo's Guide to Monsters,205,Tomb of Annihilation 239,,Phisarazu Spyder-Fiend,Large,Fiend,Demon,Chaotic Evil,13,,,,,,,,,,,,,,,,,,,,Vecna: Eve of Ruin,235,,,,,,,,,,,
Yuan-Ti Pit Master,Medium,Monstrosity,warlock,Neutral Evil,5,,x,,,,,,,,x,x,,,,,x,,,,Mordenkainen Presents: Monsters of the Multiverse,276,,,Quavilithku Spyder-Fiend,Large,Fiend,Demon,Chaotic Evil,17,,,,,,,,,,,,,,,,,,,,Vecna: Eve of Ruin,236,,,,,,,,,,,
Yuan-Ti Pit Master,Medium,Monstrosity,"Shapechanger, Yuan-Ti",Neutral Evil,5,,x,,,,,,,,x,x,,,,x,,,,,Volo's Guide to Monsters,206,,,Raklupis Spyder-Fiend,Large,Fiend,Demon,Chaotic Evil,19,,x,,,,,,,,,,,,,,,,,,Vecna: Eve of Ruin,236,,,,,,,,,,,
Yuan-Ti Pureblood,Medium,Humanoid,"Shapechanger, Yuan-Ti",Neutral Evil,1,,x,,,,,,,,x,x,,,,x,,,,,Monster Manual,310,Rise of Tiamat Online Supplement 29,,Star Angler,Large,Monstrosity,,Unaligned,8,,,,,,,,,,,,,,,,,,,,Vecna: Eve of Ruin,237,,,,,,,,,,,
Yumerai,Medium,Fey,,Neutral,2,,x,,,,,,x,x,x,x,x,x,x,x,x,x,x,x,Tome of Beasts 2,381,,,Vlazok,Large,Fiend,Demon,Chaotic Evil,11,,,,,,,,,,,,,,,,,,,,Vecna: Eve of Ruin,238,,,,,,,,,,,
Yusdrayl,Small,Humanoid,Kobold,Lawful Neutral,1,,x,,,x,,,,,,,,,,,,,,,Tales from the Yawning Portal,248,,,Warforged Warrior,Medium,Construct,,Any,1,,,,,,,,,,,,,,,,,,,,Vecna: Eve of Ruin,238,,,,,,,,,,,
"Zacama, Primal Calamity",Gargantuan,Monstrosity,"titan, elder dinosaur",Unaligned,30,,,x,,,,,,ø,,ø,,,,,,,,,Planeshift: Ixalan,33,,,Whirling Chandelier,Large,Construct,,Unaligned,8,,,,,,,,,,,,,,,,,,,,Vecna: Eve of Ruin,239,,,,,,,,,,,
Zaiden,Medium,Fiend,Gnoll,Chaotic Evil,16,,x,x,,x,,,,,ø,ø,ø,ø,,,,,,,Monster a Day Compendium 2.0,231,,,Alustriel Silverhand,Medium,Humanoid,"Human, Wizard",Chaotic Good,21,,x,x,,x,,,,,,,,,,,,,,,Vecna: Eve of Ruin,242,,,,,,,,,,,
Zakya Rakshasa,Medium,Fiend,,Lawful Evil,5,,x,,,,,,,,,,,,,,,,,ø,Eberron: Rising from the Last War,309,,,Kas the Betrayer,Medium,Undead,Vampire,Neutral Evil,23,,,x,,x,,,,,,,,,,,,,,,Vecna: Eve of Ruin,244,,,,,,,,,,,
Zalikum,Huge,Construct,,Neutral Evil,7,,,,,,,,,,x,,,,,,,,,,Tome of Beasts 2,382,,,Miska the Wolf-Spider,Huge,Fiend,Demon,Chaotic Evil,24,,x,x,,x,,,,,,,,,,,,,,,Vecna: Eve of Ruin,247,,,,,,,,,,,
Zanskaran Viper,Large,Beast,,Unaligned,1,,,,,,,,,,,,ø,,,ø,,,,,Tome of Beasts,354,,,"Strahd, Master of Death House",Medium,Undead,"Vampire, Wizard",Lawful Evil,15,,x,x,,x,,,,,,,,,,,,,,,Vecna: Eve of Ruin,251,,,,,,,,,,,
Zarak,Medium,Humanoid,Orc,Chaotic Evil,2,,,,,x,,,,,,,,,,,,,,,The Wild Beyond The Witchlight,222,,,Tasha the Witch,Medium,Humanoid,"Human, Wizard",Chaotic Neutral,19,,x,x,,x,,,,,,,,,,,,,,,Vecna: Eve of Ruin,252,,,,,,,,,,,
Zaratan,Gargantuan,Elemental,,Neutral,22,,,x,,,,,,,x,x,x,x,x,,x,,,,Mordenkainen Presents: Monsters of the Multiverse,278,,,Vecna the Archlich,Medium,Undead,Wizard,Lawful Evil,26,,x,x,,x,,,,,,,,,,,,,,,Vecna: Eve of Ruin,254,,,,,,,,,,,
Zaratan,Gargantuan,Elemental,Elder elemental,Neutral,22,,,x,,,,,,,x,x,,,x,,x,,,,Mordenkainen's Tome of Foes,201,,,Android,Medium,Construct,,Lawful Neutral,5,,x,,,,,,,,,,,,,,,,,,Quests from the Infinite Staircase,194,,,,,,,,,,,
Zaratan,Gargantuan,Monstrosity,,Unaligned,26,,,,,,,,,ø,,,,,,,,ø,,,Tome of Beasts,414,,,Barkburr,Small,Plant,,Unaligned,3,,,,,,,,,,,,,,,,,,,,Quests from the Infinite Staircase,195,,,,,,,,,,,
Zargash,Medium,Humanoid,"Cleric, Human",Chaotic Evil,3,,x,,,x,,,,,,,,,,,,,,,The Wild Beyond The Witchlight,223,,,Derro Apprentice,Small,Aberration,,Chaotic Evil,1,,x,,,,,,,,,,,,,,,,,,Quests from the Infinite Staircase,196,,,,,,,,,,,
Zargon the Returner,Huge,Aberration,,Lawful Evil,17,,,x,x,x,,,,,,,,,,,,,,,Quests from the Infinite Staircase,223,,,Derro Raider,Small,Aberration,,Chaotic Evil,1/4,,,,,,,,,,,,,,,,,,,,Quests from the Infinite Staircase,196,,,,,,,,,,,
Zariel,Large,Fiend,devil,Lawful Evil,26,,x,x,x,x,,,,,,,,,,,,,,ø,Mordenkainen Presents: Monsters of the Multiverse,280,,,Drelnza,Medium,Undead,Vampire,Lawful Evil,15,,,x,,x,,,,,,,,,,,,,,,Quests from the Infinite Staircase,197,,,,,,,,,,,
Zariel,Large,Fiend,"Devil, Archdevil",Lawful Neutral,26,,x,x,x,x,,,,,,,,,,,,,,ø,Mordenkainen's Tome of Foes,180,,,Froghemoth Elder,Huge,Monstrosity,,Unaligned,15,,,x,x,,,,,,,,,,,,,,,,Quests from the Infinite Staircase,198,,,,,,,,,,,
Zegana,Medium,Humanoid,Merfolk,Lawful Neutral,16,,x,x,,x,,,,,,,,,,,,ø,ø,,Guildmaster's Guide to Ravnica,255,,,The Gardener,Medium,Fey,"Archfey, Druid",Neutral Good,12,,x,x,x,x,,,,,,,,,,,,,,,Quests from the Infinite Staircase,200,,,,,,,,,,,
Zeitgeist,Medium,Humanoid,,Chaotic Neutral,6,,,,,,,,x,x,x,x,x,x,x,x,x,x,x,,Tome of Beasts 2,383,,,Gibberling,Small,Fiend,Demon,Chaotic Evil,0,,,,,,,,,,,,,,,,,,,,Quests from the Infinite Staircase,202,,,,,,,,,,,
Zergling,Small,Monstrosity,,Unaligned,1/2,,,,,,,,,,,,,,ø,,ø,,,,Monster a Day Compendium 2.0,232,,,Swarm of Gibberlings,Large,Fiend,Demon,Chaotic Evil,3,,,,,,,,,,,,,,,,,,,,Quests from the Infinite Staircase,202,,,,,,,,,,,
"Zetalpa, Primal Dawn",Gargantuan,Monstrosity,"titan, elder dinosaur",Unaligned,30,,,x,,,,,,ø,,ø,,,,,,,,,Planeshift: Ixalan,33,,,Champion of Gorm,Medium,Humanoid,,Lawful Good,2,,,,,,,,,,,,,,,,,,,,Quests from the Infinite Staircase,203,,,,,,,,,,,
Zikran,Medium,Humanoid,Water Genasi,Neutral Evil,12,,x,,,x,,,,,,,,,,,,,x,,Candlekeep Mysteries,145,,,Guardian of Gorm,Medium,Humanoid,,Lawful Good,1/8,,,,,,,,,,,,,,,,,,,,Quests from the Infinite Staircase,203,,,,,,,,,,,
Zikzokrishka,Huge,Undead,,Lawful Evil,17,,,x,x,x,,,,,x,,,,ø,,,,,,Candlekeep Mysteries,209,,,Horrid Plant,Large,Plant,,Unaligned,4,,,,,,,,,,,,,,,,,,,,Quests from the Infinite Staircase,204,,,,,,,,,,,
Zimwi,Medium,Giant,,Chaotic Evil,4,,,,,,,,,,ø,,ø,,,ø,,,,,Tome of Beasts,415,,,Leprechaun,Small,Fey,,Neutral,4,,x,,,,,,,,,,,,,,,,,,Quests from the Infinite Staircase,205,,,,,,,,,,,
Zindar,Medium,Humanoid,Half-Dragon,Lawful Good,8,,x,,,x,,,,,,,,,,,,,,,Tomb of Annihilation,239,,,Champion of Usamigaras,Medium,Humanoid,,Chaotic Neutral,2,,x,,,,,,,,,,,,,,,,,,Quests from the Infinite Staircase,206,,,,,,,,,,,
Ziphius,Gargantuan,Aberration,,Neutral,8,,,,,,,,,,,,,,,,,x,,,Creature Codex,392,,,Mage of Usamigaras,Medium,Humanoid,,Chaotic Neutral,1/8,,x,,,,,,,,,,,,,,,,,,Quests from the Infinite Staircase,206,,,,,,,,,,,
Ziraj the Hunter,Medium,Humanoid,Half-Orc,Neutral Evil,8,,x,,,x,,,,,,,,,,,,,ø,,Waterdeep: Dragon Heist,201,,,Mashin-i-bozorg,Large,Construct,,Unaligned,8,,,,,,,,,,,,,,,,,,,,Quests from the Infinite Staircase,207,,,,,,,,,,,
Zmey,Huge,Dragon,,Chaotic Evil,14,,,x,,,,,,,,ø,,,,ø,ø,ø,,,Tome of Beasts,416,,,Memory Web,Large,Aberration,,Neutral Evil,4,,,,,,,,,,,,,,,,,,,,Quests from the Infinite Staircase,208,,,,,,,,,,,
Zodar,Medium,Aberration,,Neutral,16,,,x,,,,,,,,,,,,,,,,,Boo's Astral Menagerie,63,,,Nafas,Large,Elemental,,Chaotic Good,23,,x,x,x,x,,,,,,,,,,,,,,,Quests from the Infinite Staircase,210,,,,,,,,,,,
Zombie,Medium,Undead,,Neutral Evil,1/4,,,,,,,,,,,,,,,,,,x,,Monster Manual,316,"Lost Mines of Phandelver 63, Player's Handbook 311, The Lost Dungeon of Rickedness: Big Rick Energy 44",,Nafik,Medium,Undead,,Lawful Evil,6,,x,x,,x,,,,,,,,,,,,,,,Quests from the Infinite Staircase,212,,,,,,,,,,,
Zombie Clot,Huge,Undead,,Not Provided,6,,,,,,,,,,,,,,,,,,ø,,Van Richten's Guide to Ravenloft,255,,,Pech,Small,Elemental,,Neutral Good,4,,,,,,,,,,,,,,,,,,,,Quests from the Infinite Staircase,213,,,,,,,,,,,
Zombie Plague Spreader,Medium,Undead,,Not Provided,4,,,,,,,,,,,,,,,,,,ø,,Van Richten's Guide to Ravenloft,255,,,Combat Robot,Medium,Construct,,Lawful Neutral,6,,,,,,,,,,,,,,,,,,,,Quests from the Infinite Staircase,214,,,,,,,,,,,
Zombie Raven,Tiny,Undead,,Chaotic Evil,0,,,,,,,,x,x,x,x,x,x,x,x,x,,x,,Fifth Edition Foes,252,,,Worker Robot,Medium,Construct,,Neutral,3,,,,,,,,,,,,,,,,,,,,Quests from the Infinite Staircase,215,,,,,,,,,,,
Zombie Troll,Large,Undead,,Chaotic Evil,5,,,,,,,,,,,,,,,ø,ø,,,,Monster a Day Compendium 2.0,215,,,Sion,Medium,Humanoid,"Human, Sorcerer",Neutral Evil,2,,x,,,x,,,,,,,,,,,,,,,Quests from the Infinite Staircase,216,,,,,,,,,,,
Zoog,Tiny,Aberration,,Chaotic Evil,0,,,,,,,,,,,,,,,,x,,x,,Creature Codex,396,,,Tower Hand,Medium,Humanoid,,Any,1/2,,,,,,,,,,,,,,,,,,,,Quests from the Infinite Staircase,217,,,,,,,,,,,
Zoog Grove Keeper,Small,Humanoid,zoog,Chaotic Neutral,4,,x,,,,,,,,,,,x,,,,,,,Sandy Petersen's Cthulhu Mythos,403,,,Tower Sage,Medium,Humanoid,,Any,1,,x,,,,,,,,,,,,,,,,,,Quests from the Infinite Staircase,217,,,,,,,,,,,
Zoog Trapper,Small,Humanoid,zoog,Chaotic Neutral,1/4,,,,,,,,,,,,,x,,,,,,,Sandy Petersen's Cthulhu Mythos,403,,,Vegepygmy Moldmaker,Small,Plant,,Neutral,3,,,,,,,,,,,,,,,,,,,,Quests from the Infinite Staircase,218,,,,,,,,,,,
Zorbo,Small,Monstrosity,,Unaligned,1/2,,,,,,,,,,,,,,,,,,,,Tomb of Annihilation,241,,,Vegepygmy Scavenger,Small,Plant,,Neutral,1/4,,,,,,,,,,,,,,,,,,,,Quests from the Infinite Staircase,218,,,,,,,,,,,
Zoryas,Medium,Celestial,Angel,Lawful Good,8,,,,,,,,x,x,x,x,x,x,x,x,x,x,x,x,Creature Codex,21,,,Vegepygmy Thorny Hunter,Medium,Plant,,Unaligned,2,,,,,,,,,,,,,,,,,,,,Quests from the Infinite Staircase,219,,,,,,,,,,,
Zouyu,Huge,Monstrosity,,Chaotic Good,6,,,,,,,,,,,x,x,,,,,,,,Tome of Beasts 2,386,,,Champion of Madarua,Medium,Humanoid,,Chaotic Good,2,,,,,,,,,,,,,,,,,,,,Quests from the Infinite Staircase,220,,,,,,,,,,,
Zuggtmoy,Large,Fiend,demon,Chaotic Evil,23,,x,x,x,x,,,,,,,,,,,,,,ø,Mordenkainen Presents: Monsters of the Multiverse,282,,,Warrior of Madarua,Medium,Humanoid,,Chaotic Good,1/8,,,,,,,,,,,,,,,,,,,,Quests from the Infinite Staircase,220,,,,,,,,,,,
Zuggtmoy,Large,Fiend,"Demon, Demon Lord",Chaotic Evil,23,,x,x,x,x,,,,,,,,,,,,,,ø,Mordenkainen's Tome of Foes,156,Out of the Abyss 249,,Wolf-in-sheep's-clothing,Medium,Plant,,Unaligned,7,,,,,,,,,,,,,,,,,,,,Quests from the Infinite Staircase,221,,,,,,,,,,,
"Zyz, Scourge of the Skies",Gargantuan,Beast,,Neutral,30,,,x,,x,,,,,,,,,,,,,,ø,Monster a Day Compendium 2.0,126,,,Zargon the Returner,Huge,Aberration,,Lawful Evil,17,,,x,x,x,,,,,,,,,,,,,,,Quests from the Infinite Staircase,223,,,,,,,,,,,